rdt_id,start_hour,day_of_week,month,is_weekend,number_of_affected_stations,number_of_affected_lines,primary_line,cause_group,statistical_cause_nl,long_disruption
57284,4,Wednesday,1,0,3,1.0,Den Haag HS - Rotterdam Centraal,accidents,aanrijding,0
57285,4,Wednesday,1,0,3,1.0,Den Haag HS - Rotterdam Centraal,accidents,aanrijding,1
57286,4,Wednesday,1,0,8,1.0,Dordrecht - Rotterdam Centraal,accidents,aanrijding,0
57287,4,Wednesday,1,0,2,1.0,Rotterdam Centraal - Schiphol Airport (HSL),logistical,verstoring elders,0
57288,4,Wednesday,1,0,2,1.0,Rotterdam Centraal - Schiphol Airport (HSL),logistical,verstoring elders,1
57290,10,Wednesday,1,0,5,1.0,Almelo - Deventer,rolling stock,defecte trein,0
57291,10,Wednesday,1,0,3,1.0,Alkmaar - Den Helder,external,voorwerp in de bovenleiding,1
57292,11,Wednesday,1,0,7,1.0,Hamm (Westf.) - Venlo,rolling stock,beperkingen in de materieelinzet,1
57293,12,Wednesday,1,0,7,3.0,Arnhem Centraal - Basel SBB,logistical,problemen op het spoor in het buitenland,0
57294,13,Wednesday,1,0,3,2.0,Den Haag Centraal - Utrecht Centraal,rolling stock,defecte trein,0
57296,14,Wednesday,1,0,6,1.0,Dordrecht - Roosendaal,external,voorwerp in de bovenleiding,0
57297,14,Wednesday,1,0,3,1.0,Alkmaar - Den Helder,infrastructure,defecte bovenleiding,1
57298,14,Wednesday,1,0,6,3.0,Heerlen - Maastricht,external,voorwerp in de bovenleiding,1
57299,14,Wednesday,1,0,3,1.0,Baarn - Utrecht Centraal,external,boom op het spoor,1
57301,16,Wednesday,1,0,4,3.0,Almere Oostvaarders - Utrecht Centraal,rolling stock,defecte trein,0
57302,18,Wednesday,1,0,2,1.0,Deventer - Zwolle,infrastructure,seinstoring,1
57303,18,Wednesday,1,0,3,2.0,Amersfoort - Schiphol Airport,rolling stock,defecte trein,0
57304,18,Wednesday,1,0,4,1.0,Den Haag HS - Rotterdam Centraal,external,rommel op het spoor,1
57305,19,Wednesday,1,0,6,1.0,Arnhem Centraal - Zutphen,external,inzet van hulpdiensten,1
57306,19,Wednesday,1,0,3,1.0,Eindhoven - Venlo,rolling stock,defecte trein,0
57307,19,Wednesday,1,0,2,1.0,Arnhem Centraal - Winterswijk,infrastructure,sein- en wisselstoring,0
57308,21,Wednesday,1,0,4,1.0,Den Haag HS - Rotterdam Centraal,accidents,aanrijding,1
57309,21,Wednesday,1,0,4,1.0,Leeuwarden - Stavoren,infrastructure,seinstoring,1
57310,22,Wednesday,1,0,5,1.0,Almelo - Mariënberg,external,persoon op het spoor,1
57312,4,Thursday,1,0,2,1.0,Den Haag HS - Rotterdam Centraal,infrastructure,storing in een tunnel,0
57313,7,Thursday,1,0,6,1.0,Aachen Hbf - Heerlen,staff,problemen met de personeelsinzet,1
57315,9,Thursday,1,0,2,1.0,Roosendaal - Vlissingen,accidents,aanrijding,1
57316,9,Thursday,1,0,5,1.0,Groningen - Zwolle,infrastructure,sein-en overwegstoring,1
57317,10,Thursday,1,0,5,1.0,Amersfoort - Utrecht Centraal,rolling stock,defecte trein,1
57318,12,Thursday,1,0,2,1.0,Eindhoven - Venlo,accidents,aanrijding,1
57319,12,Thursday,1,0,3,1.0,Kampen - Zwolle,infrastructure,overwegstoring,0
57320,13,Thursday,1,0,4,3.0,Berlin Ostbahnhof - Hengelo,rolling stock,beperkingen in de materieelinzet,1
57321,13,Thursday,1,0,9,1.0,'s-Hertogenbosch - Utrecht Centraal,unknown,technisch onderzoek,1
57322,13,Thursday,1,0,3,1.0,Haarlem - Leiden Centraal,accidents,aanrijding,1
57323,14,Thursday,1,0,6,1.0,Den Haag Centraal - Leiden Centraal,accidents,aanrijding,1
57325,17,Thursday,1,0,8,1.0,Dordrecht - Rotterdam Centraal,rolling stock,defecte trein,0
57326,18,Thursday,1,0,5,3.0,Groningen - Bad Nieuweschans,external,rommel op het spoor,0
57327,19,Thursday,1,0,5,1.0,Amsterdam Centraal - Hoorn,accidents,aanrijding,1
57328,19,Thursday,1,0,4,1.0,Groningen - Zwolle,external,rommel op het spoor,0
57329,20,Thursday,1,0,11,1.0,Roosendaal - Vlissingen,external,rommel op het spoor,0
57330,22,Thursday,1,0,3,1.0,Arnhem Centraal - Zutphen,unknown,technisch onderzoek,0
57331,5,Friday,1,0,3,1.0,Leiden Centraal - Utrecht Centraal,infrastructure,wisselstoring,1
57332,6,Friday,1,0,7,1.0,Heerlen - Sittard,external,koperdiefstal,1
57333,6,Friday,1,0,4,1.0,Amsterdam Centraal - Haarlem,infrastructure,seinstoring,1
57335,7,Friday,1,0,5,2.0,Amersfoort - Amsterdam Centraal,infrastructure,seinstoring,1
57336,8,Friday,1,0,4,1.0,Amsterdam Centraal - Haarlem,unknown,technisch onderzoek,1
57337,9,Friday,1,0,2,1.0,Den Haag HS - Rotterdam Centraal,accidents,aanrijding,1
57338,9,Friday,1,0,2,1.0,Rotterdam Centraal - Schiphol Airport (HSL),logistical,verstoring elders,1
57339,9,Friday,1,0,8,1.0,Dordrecht - Rotterdam Centraal,accidents,aanrijding,1
57340,12,Friday,1,0,2,1.0,Groningen - Eemshaven,rolling stock,defecte trein,1
57341,13,Friday,1,0,3,1.0,'s-Hertogenbosch - Eindhoven,rolling stock,defecte trein,0
57342,13,Friday,1,0,2,1.0,'s-Hertogenbosch - Tilburg,rolling stock,defecte trein,0
57343,14,Friday,1,0,5,3.0,Den Haag Centraal - Utrecht Centraal,external,inzet van hulpdiensten,0
57344,15,Friday,1,0,5,1.0,Arnhem Centraal - Nijmegen,rolling stock,defecte trein,1
57345,15,Friday,1,0,6,1.0,'s-Hertogenbosch - Nijmegen,rolling stock,defecte trein,1
57346,16,Friday,1,0,5,3.0,Almere Oostvaarders - Utrecht Centraal,rolling stock,defecte trein,1
57347,18,Friday,1,0,4,1.0,Arnhem Centraal - Utrecht Centraal,accidents,aanrijding,1
57348,18,Friday,1,0,7,2.0,Amsterdam Centraal - Utrecht Centraal,logistical,verstoring elders,1
57349,18,Friday,1,0,5,1.0,Leiden Centraal - Schiphol Airport,logistical,verstoring elders,1
57350,18,Friday,1,0,6,1.0,Den Haag Centraal - Leiden Centraal,logistical,verstoring elders,1
57351,18,Friday,1,0,5,9.0,Alkmaar - Amsterdam Centraal,rolling stock,defecte trein,1
57352,21,Friday,1,0,8,1.0,Dordrecht - Rotterdam Centraal,rolling stock,defecte trein,0
57353,22,Friday,1,0,8,1.0,Arnhem Centraal - Zutphen,rolling stock,defecte trein,0
57354,3,Saturday,1,1,5,1.0,Amsterdam Centraal - Haarlem,engineering work,herstelwerkzaamheden,1
57356,6,Saturday,1,1,2,1.0,Amsterdam Centraal - Hoorn,accidents,aanrijding,1
57357,6,Saturday,1,1,11,1.0,Amsterdam Centraal - Utrecht Centraal,accidents,aanrijding,1
57358,6,Saturday,1,1,5,2.0,Amersfoort - Apeldoorn,rolling stock,defecte trein,1
57359,7,Saturday,1,1,5,1.0,Almelo - Deventer,infrastructure,sein- en wisselstoring,0
57360,8,Saturday,1,1,6,1.0,Almelo - Deventer,infrastructure,sein- en wisselstoring,1
57361,9,Saturday,1,1,2,1.0,Leiden Centraal - Utrecht Centraal,infrastructure,defecte spoorbrug,1
57362,10,Saturday,1,1,8,1.0,Dordrecht - Rotterdam Centraal,unknown,technisch onderzoek,0
57363,12,Saturday,1,1,4,1.0,Leiden Centraal - Schiphol Airport,infrastructure,beschadigde bovenleiding,1
57364,12,Saturday,1,1,6,1.0,Den Haag Centraal - Leiden Centraal,infrastructure,beschadigde bovenleiding,1
57366,15,Saturday,1,1,2,1.0,Breda - Rotterdam Centraal (HSL),rolling stock,gestrande trein,0
57368,16,Saturday,1,1,2,2.0,Amsterdam Centraal - Lelystad Centrum,rolling stock,gestrande trein,0
57371,18,Saturday,1,1,2,1.0,Rotterdam Centraal - Schiphol Airport (HSL),infrastructure,wisselstoring,1
57372,19,Saturday,1,1,10,2.0,Den Haag Centraal - Leiden Centraal,infrastructure,wisselstoring,1
57374,21,Saturday,1,1,2,1.0,Leiden Centraal - Utrecht Centraal,external,rommel op het spoor,1
57375,6,Sunday,1,1,2,1.0,Rotterdam Centraal - Schiphol Airport (HSL),rolling stock,gestrande trein,1
57376,7,Sunday,1,1,3,1.0,Leiden Centraal - Utrecht Centraal,infrastructure,wisselstoring,1
57377,7,Sunday,1,1,2,2.0,Den Haag Centraal - Utrecht Centraal,infrastructure,wisselstoring,0
57379,7,Sunday,1,1,2,1.0,Breda - Rotterdam Centraal (HSL),rolling stock,defecte trein,0
57380,8,Sunday,1,1,3,3.0,Den Haag Centraal - Utrecht Centraal,infrastructure,wisselstoring,0
57381,9,Sunday,1,1,5,1.0,Amsterdam Centraal - Hoorn,infrastructure,defecte bovenleiding,1
57382,9,Sunday,1,1,4,1.0,Amersfoort - Ede-Wageningen,infrastructure,seinstoring,1
57383,10,Sunday,1,1,6,1.0,Aachen Hbf - Heerlen,staff,problemen met de personeelsinzet,1
57384,11,Sunday,1,1,4,1.0,Den Haag HS - Rotterdam Centraal,unknown,technisch onderzoek,0
57385,11,Sunday,1,1,2,1.0,Leeuwarden - Zwolle,infrastructure,seinstoring,1
57386,13,Sunday,1,1,4,1.0,Den Haag HS - Rotterdam Centraal,unknown,technisch onderzoek,1
57387,14,Sunday,1,1,3,2.0,Antwerpen-Centraal - Breda (HSL),rolling stock,defecte trein,0
57388,15,Sunday,1,1,1,7.0,Amersfoort - Schiphol Airport,infrastructure,defecte bovenleiding,1
57389,16,Sunday,1,1,6,1.0,Den Haag Centraal - Leiden Centraal,infrastructure,defecte bovenleiding,1
57390,16,Sunday,1,1,2,1.0,Breda - Rotterdam Centraal (HSL),infrastructure,defecte bovenleiding,1
57391,16,Sunday,1,1,3,1.0,Eindhoven - Venlo,accidents,aanrijding,1
57392,17,Sunday,1,1,3,2.0,Amersfoort - Schiphol Airport,rolling stock,defecte trein,1
57393,21,Sunday,1,1,6,1.0,'s-Hertogenbosch - Nijmegen,unknown,technisch onderzoek,0
57394,4,Monday,1,0,6,1.0,Aachen Hbf - Heerlen,staff,problemen met de personeelsinzet,1
57395,6,Monday,1,0,5,1.0,Alkmaar - Den Helder,rolling stock,defecte trein,0
57397,6,Monday,1,0,4,1.0,Roosendaal - Vlissingen,accidents,aanrijding,0
57398,6,Monday,1,0,2,4.0,Almere Oostvaarders - Utrecht Centraal,rolling stock,defecte trein,0
57399,6,Monday,1,0,2,1.0,Groningen - Eemshaven,infrastructure,seinstoring,1
57400,7,Monday,1,0,2,1.0,Emmen - Zwolle,rolling stock,beperkingen in de materieelinzet,1
57401,8,Monday,1,0,9,2.0,Den Haag HS - Rotterdam Centraal,external,persoon op het spoor,1
57402,9,Monday,1,0,5,1.0,Arnhem Centraal - Nijmegen,rolling stock,defecte trein,0
57403,9,Monday,1,0,3,2.0,Breda - Dordrecht,rolling stock,defecte trein,1
57404,9,Monday,1,0,2,1.0,Breda - Rotterdam Centraal (HSL),rolling stock,defecte trein,1
57405,9,Monday,1,0,15,3.0,Den Haag Centraal - Den Haag HS,rolling stock,defecte trein,0
57406,10,Monday,1,0,9,1.0,Eindhoven - Venlo,rolling stock,defecte trein,0
57407,10,Monday,1,0,6,1.0,Winterswijk - Zutphen,infrastructure,stroomstoring,1
57408,11,Monday,1,0,3,1.0,Arnhem Centraal - Zutphen,rolling stock,defecte trein,1
57409,11,Monday,1,0,5,1.0,Arnhem Centraal - Nijmegen,rolling stock,defecte trein,0
57410,12,Monday,1,0,4,1.0,Roosendaal - Vlissingen,accidents,aanrijding,1
57411,13,Monday,1,0,4,1.0,'s-Hertogenbosch - Nijmegen,unknown,technisch onderzoek,0
57413,13,Monday,1,0,11,1.0,Amsterdam Centraal - Utrecht Centraal,rolling stock,defecte trein,0
57414,14,Monday,1,0,2,1.0,Rotterdam Centraal - Schiphol Airport (HSL),weather,harde wind op de hogesnelheidslijn,0
57415,14,Monday,1,0,15,3.0,Den Haag Centraal - Den Haag HS,weather,harde wind op de hogesnelheidslijn,0
57416,14,Monday,1,0,4,1.0,Eindhoven - Venlo,external,boom op het spoor,0
57417,14,Monday,1,0,5,1.0,Heerlen - Maastricht,external,boom op het spoor,1
57418,15,Monday,1,0,5,1.0,Eindhoven - Roermond,external,voorwerp in de bovenleiding,1
57419,15,Monday,1,0,5,1.0,'s-Hertogenbosch - Nijmegen,external,voorwerp in de bovenleiding,1
57420,15,Monday,1,0,6,4.0,Amersfoort - Schiphol Airport,infrastructure,defecte bovenleiding,1
57421,15,Monday,1,0,13,4.0,Den Haag Centraal - Den Haag HS,infrastructure,defecte bovenleiding,1
57422,15,Monday,1,0,6,1.0,Den Haag Centraal - Leiden Centraal,infrastructure,defecte bovenleiding,1
57423,16,Monday,1,0,4,1.0,Amersfoort - Ede-Wageningen,external,boom op het spoor,1
57424,16,Monday,1,0,5,1.0,Maastricht - Sittard,external,boom op het spoor,1
57425,16,Monday,1,0,2,1.0,Rhenen - Utrecht Centraal,external,boom op het spoor,1
57426,16,Monday,1,0,6,1.0,Arnhem Centraal - Winterswijk,rolling stock,defecte trein,0
57427,16,Monday,1,0,2,1.0,Amersfoort - Apeldoorn,external,boom op het spoor,0
57428,17,Monday,1,0,6,1.0,Eindhoven - Tilburg,rolling stock,defecte trein,0
57429,17,Monday,1,0,3,1.0,Baarn - Utrecht Centraal,rolling stock,defecte trein,1
57430,19,Monday,1,0,2,1.0,Alkmaar - Den Helder,external,rommel op het spoor,1
57431,19,Monday,1,0,2,1.0,'s-Hertogenbosch - Tilburg,external,rommel op het spoor,1
57432,1,Tuesday,1,0,2,1.0,Den Haag HS - Rotterdam Centraal,engineering work,herstelwerkzaamheden,1
57433,5,Tuesday,1,0,6,1.0,'s-Hertogenbosch - Nijmegen,infrastructure,wisselstoring,1
57434,5,Tuesday,1,0,3,1.0,Haarlem - Leiden Centraal,accidents,aanrijding,1
57435,6,Tuesday,1,0,6,1.0,Den Haag Centraal - Leiden Centraal,logistical,verstoring elders,1
57436,6,Tuesday,1,0,5,1.0,Arnhem Centraal - Nijmegen,infrastructure,wisselstoring,0
57437,7,Tuesday,1,0,3,1.0,Groningen - Leeuwarden,rolling stock,defecte trein,0
57438,8,Tuesday,1,0,2,1.0,Groningen - Veendam,rolling stock,defecte trein,1
57439,12,Tuesday,1,0,6,1.0,Dordrecht - Roosendaal,unknown,technisch onderzoek,0
57440,13,Tuesday,1,0,6,1.0,Arnhem Centraal - Tiel,infrastructure,seinstoring,1
57441,19,Tuesday,1,0,2,1.0,Leiden Centraal - Utrecht Centraal,rolling stock,defecte trein,0
57442,19,Tuesday,1,0,6,1.0,Den Haag Centraal - Leiden Centraal,external,inzet van de politie,0
57443,19,Tuesday,1,0,4,1.0,Haarlem - Leiden Centraal,external,inzet van de politie,0
57444,19,Tuesday,1,0,3,1.0,Groningen - Zwolle,accidents,aanrijding,0
57445,21,Tuesday,1,0,9,1.0,Eindhoven - Venlo,infrastructure,wisselstoring,1
57446,22,Tuesday,1,0,4,1.0,Apeldoorn - Deventer,rolling stock,defecte trein,0
57447,22,Tuesday,1,0,8,1.0,Haarlem - Uitgeest,accidents,aanrijding,0
57448,22,Tuesday,1,0,5,1.0,Aachen Hbf - Heerlen,rolling stock,defecte trein,0
57449,1,Wednesday,1,0,5,1.0,Leiden Centraal - Schiphol Airport,engineering work,herstelwerkzaamheden,1
57450,1,Wednesday,1,0,13,4.0,Den Haag Centraal - Den Haag HS,engineering work,herstelwerkzaamheden,1
57451,5,Wednesday,1,0,5,1.0,Maastricht - Sittard,infrastructure,seinstoring,1
57452,6,Wednesday,1,0,8,1.0,Dordrecht - Geldermalsen,rolling stock,defecte trein,1
57453,10,Wednesday,1,0,6,1.0,Leeuwarden - Stavoren,accidents,aanrijding,1
57454,11,Wednesday,1,0,2,2.0,Groningen - Zwolle,external,persoon op het spoor,0
57455,12,Wednesday,1,0,5,1.0,Arnhem Centraal - Nijmegen,infrastructure,wisselstoring,1
57456,12,Wednesday,1,0,6,1.0,'s-Hertogenbosch - Nijmegen,infrastructure,wisselstoring,1
57457,12,Wednesday,1,0,3,1.0,Nijmegen - Venlo,infrastructure,wisselstoring,0
57458,13,Wednesday,1,0,4,1.0,Leiden Centraal - Schiphol Airport,rolling stock,defecte trein,0
57459,13,Wednesday,1,0,2,2.0,Amersfoort - Amsterdam Centraal,rolling stock,defecte trein,0
57460,14,Wednesday,1,0,2,1.0,Leiden Centraal - Schiphol Airport,logistical,eerdere verstoring,0
57461,15,Wednesday,1,0,11,1.0,Amsterdam Centraal - Utrecht Centraal,infrastructure,wisselstoring,1
57462,15,Wednesday,1,0,1,8.0,Almelo - Zwolle,external,persoon op het spoor,0
57463,18,Wednesday,1,0,2,1.0,Amersfoort - Zwolle,rolling stock,defecte trein,1
57464,19,Wednesday,1,0,4,1.0,Arnhem Centraal - Utrecht Centraal,accidents,aanrijding,1
57465,19,Wednesday,1,0,3,1.0,Leiden Centraal - Utrecht Centraal,rolling stock,defecte trein,0
57466,23,Wednesday,1,0,2,1.0,Rotterdam Centraal - Schiphol Airport (HSL),rolling stock,defecte trein,0
57468,6,Thursday,1,0,4,1.0,Alkmaar - Amsterdam Centraal,rolling stock,defecte trein,0
57469,7,Thursday,1,0,3,1.0,Eindhoven - Tilburg,rolling stock,defecte trein,0
57470,8,Thursday,1,0,3,1.0,Roermond - Sittard,infrastructure,seinstoring,1
57471,8,Thursday,1,0,2,1.0,Amersfoort - Zwolle,rolling stock,defecte trein,0
57472,8,Thursday,1,0,5,1.0,Leiden Centraal - Schiphol Airport,rolling stock,defecte trein,0
57473,9,Thursday,1,0,2,1.0,Breda - Rotterdam Centraal (HSL),rolling stock,defecte trein,1
57474,10,Thursday,1,0,13,1.0,Lelystad Centrum - Schiphol Airport,rolling stock,defecte trein,0
57475,10,Thursday,1,0,3,2.0,Breda - Dordrecht,rolling stock,defecte trein,0
57476,10,Thursday,1,0,8,1.0,Dordrecht - Rotterdam Centraal,rolling stock,defecte trein,1
57477,10,Thursday,1,0,7,1.0,Heerlen - Sittard,rolling stock,defecte trein,0
57478,11,Thursday,1,0,3,1.0,Amersfoort - Ede-Wageningen,unknown,technisch onderzoek,0
57479,11,Thursday,1,0,4,1.0,Roermond - Sittard,rolling stock,gestrande trein,1
57480,12,Thursday,1,0,8,1.0,Amsterdam Centraal - Lelystad Centrum,rolling stock,defecte trein,1
57481,12,Thursday,1,0,3,1.0,Aachen Hbf - Heerlen,external,boom op het spoor,1
57482,13,Thursday,1,0,4,1.0,Roermond - Sittard,unknown,meerdere verstoringen,0
57483,13,Thursday,1,0,18,8.0,Amersfoort - Schiphol Airport,rolling stock,defecte trein,0
57485,14,Thursday,1,0,2,1.0,Deventer - Zwolle,infrastructure,seinstoring,1
57487,16,Thursday,1,0,6,1.0,Aachen Hbf - Heerlen,external,boom op het spoor,1
57488,16,Thursday,1,0,9,1.0,Arnhem Centraal - Winterswijk,rolling stock,defecte trein,0
57489,16,Thursday,1,0,6,1.0,Lelystad Centrum - Schiphol Airport,rolling stock,defecte trein,1
57490,21,Thursday,1,0,2,1.0,Roermond - Venlo,rolling stock,defecte trein,1
57491,23,Thursday,1,0,4,1.0,Den Haag HS - Rotterdam Centraal,engineering work,herstelwerkzaamheden,1
57493,6,Friday,1,0,3,3.0,Arnhem Centraal - Basel SBB,rolling stock,defecte trein,0
57494,9,Friday,1,0,2,1.0,Arnhem Centraal - Winterswijk,external,dier op het spoor,0
57495,10,Friday,1,0,3,1.0,Den Haag Centraal - Utrecht Centraal,external,inzet van hulpdiensten,0
57496,10,Friday,1,0,18,8.0,Amersfoort - Schiphol Airport,rolling stock,defecte trein,0
57497,11,Friday,1,0,5,2.0,Amsterdam Centraal - Utrecht Centraal,unknown,technisch onderzoek,1
57498,13,Friday,1,0,2,1.0,Emmen - Zwolle,rolling stock,defecte trein,0
57499,14,Friday,1,0,7,1.0,Hamm (Westf.) - Venlo,staff,problemen met de personeelsinzet,1
57500,15,Friday,1,0,8,1.0,Leeuwarden - Zwolle,rolling stock,defecte trein,0
57501,15,Friday,1,0,4,1.0,Den Haag HS - Rotterdam Centraal,rolling stock,defecte trein,0
57502,16,Friday,1,0,5,1.0,Amersfoort - Zwolle,rolling stock,defecte trein,0
57504,16,Friday,1,0,18,8.0,Amersfoort - Schiphol Airport,external,hinder op het spoor,1
57505,18,Friday,1,0,8,1.0,Dordrecht - Geldermalsen,rolling stock,defecte trein,1
57506,19,Friday,1,0,3,1.0,Leeuwarden - Zwolle,rolling stock,defecte trein,0
57507,22,Friday,1,0,1,1.0,Alphen a/d Rijn - Gouda,external,inzet van hulpdiensten,1
57508,0,Saturday,1,1,3,1.0,Leiden Centraal - Utrecht Centraal,infrastructure,wisselstoring,0
57510,7,Saturday,1,1,4,1.0,Schiphol Airport - Zaandam,rolling stock,defecte trein,0
57511,7,Saturday,1,1,4,2.0,'s-Hertogenbosch - Utrecht Centraal,rolling stock,defecte trein,0
57512,8,Saturday,1,1,4,1.0,Amsterdam Centraal - Haarlem,rolling stock,defecte trein,0
57513,8,Saturday,1,1,8,1.0,Dordrecht - Geldermalsen,weather,rijp aan de bovenleiding,1
57514,8,Saturday,1,1,4,1.0,Haarlem - Leiden Centraal,unknown,technisch onderzoek,0
57515,9,Saturday,1,1,6,1.0,Arnhem Centraal - Zutphen,rolling stock,defecte trein,0
57516,9,Saturday,1,1,3,2.0,Amersfoort - Utrecht Centraal,rolling stock,defecte trein,0
57517,9,Saturday,1,1,3,3.0,Arnhem Centraal - Basel SBB,rolling stock,defecte trein,0
57518,9,Saturday,1,1,2,1.0,Rotterdam Centraal - Schiphol Airport (HSL),rolling stock,defecte trein,0
57520,9,Saturday,1,1,3,1.0,Dordrecht - Geldermalsen,rolling stock,defecte trein,1
57521,9,Saturday,1,1,3,2.0,'s-Hertogenbosch - Utrecht Centraal,rolling stock,defecte trein,0
57524,12,Saturday,1,1,8,1.0,Dordrecht - Geldermalsen,weather,rijp aan de bovenleiding,1
57526,14,Saturday,1,1,2,1.0,Rotterdam Centraal - Schiphol Airport (HSL),rolling stock,defecte trein,1
57527,14,Saturday,1,1,6,1.0,Den Haag Centraal - Leiden Centraal,rolling stock,defecte trein,1
57528,14,Saturday,1,1,2,1.0,Breda - Tilburg,rolling stock,defecte trein,0
57529,14,Saturday,1,1,2,1.0,Hengelo - Zutphen,infrastructure,seinstoring,1
57530,18,Saturday,1,1,11,1.0,Roosendaal - Vlissingen,rolling stock,defecte trein,0
57531,18,Saturday,1,1,5,2.0,Amsterdam Centraal - Schiphol Airport,rolling stock,defecte trein,0
57532,21,Saturday,1,1,8,1.0,Arnhem Centraal - Zutphen,accidents,aanrijding,0
57533,22,Saturday,1,1,5,1.0,Almelo - Mariënberg,accidents,aanrijding,1
57534,7,Sunday,1,1,2,1.0,Rhenen - Utrecht Centraal,accidents,aanrijding,1
57535,8,Sunday,1,1,5,4.0,Arnhem Centraal - Basel SBB,rolling stock,defecte trein,0
57536,9,Sunday,1,1,3,1.0,Groningen - Zwolle,infrastructure,stroomstoring,1
57537,11,Sunday,1,1,2,1.0,Rotterdam Centraal - Schiphol Airport (HSL),rolling stock,gestrande trein,0
57538,14,Sunday,1,1,3,2.0,Breda - Dordrecht,logistical,verstoring elders,1
57539,17,Sunday,1,1,4,2.0,Amsterdam Centraal - Utrecht Centraal,rolling stock,defecte trein,0
57540,18,Sunday,1,1,2,3.0,Amersfoort - Schiphol Airport,rolling stock,defecte trein,0
57542,20,Sunday,1,1,5,1.0,Almelo - Zwolle,accidents,aanrijding,0
57543,20,Sunday,1,1,7,2.0,Brussel-Zuid/Midi - Rotterdam Centraal (HSL),staff,acties in het buitenland,1
57545,23,Sunday,1,1,6,2.0,Liège-Guillemins - Maastricht,staff,acties in het buitenland,1
57546,23,Sunday,1,1,12,1.0,Antwerpen-Centraal - Roosendaal,staff,acties in het buitenland,1
57547,0,Monday,1,0,11,1.0,Roosendaal - Vlissingen,infrastructure,defect spoor,1
57548,4,Monday,1,0,2,1.0,Leiden Centraal - Utrecht Centraal,engineering work,uitloop van werkzaamheden,1
57549,5,Monday,1,0,8,1.0,Dordrecht - Rotterdam Centraal,infrastructure,wisselstoring,0
57550,6,Monday,1,0,4,1.0,Alkmaar - Den Helder,infrastructure,defecte spoorbrug,1
57551,6,Monday,1,0,3,1.0,Harlingen Haven - Leeuwarden,rolling stock,defecte trein,1
57552,6,Monday,1,0,3,1.0,Baarn - Utrecht Centraal,rolling stock,defecte trein,0
57553,6,Monday,1,0,4,2.0,'s-Hertogenbosch - Eindhoven,external,inzet van hulpdiensten,0
57554,7,Monday,1,0,3,1.0,Baarn - Utrecht Centraal,rolling stock,defecte trein,0
57555,7,Monday,1,0,1,2.0,Amsterdam Centraal - Utrecht Centraal,rolling stock,gestrande trein,0
57556,7,Monday,1,0,2,1.0,Hengelo - Zutphen,infrastructure,wisselstoring,1
57557,8,Monday,1,0,3,1.0,Baarn - Utrecht Centraal,rolling stock,defecte trein,0
57558,10,Monday,1,0,8,1.0,Amsterdam Centraal - Lelystad Centrum,infrastructure,seinstoring,1
57559,10,Monday,1,0,2,1.0,Leiden Centraal - Utrecht Centraal,infrastructure,defecte spoorbrug,1
57560,10,Monday,1,0,4,1.0,Almelo - Hengelo,rolling stock,defecte trein,0
57561,12,Monday,1,0,2,1.0,Amersfoort - Zwolle,rolling stock,defecte trein,0
57562,12,Monday,1,0,5,1.0,Schiphol Airport - Utrecht Centraal,rolling stock,defecte trein,0
57563,13,Monday,1,0,4,2.0,Amsterdam Centraal - Utrecht Centraal,rolling stock,defecte trein,0
57565,15,Monday,1,0,4,2.0,'s-Hertogenbosch - Eindhoven,infrastructure,stroomstoring,1
57566,16,Monday,1,0,11,1.0,Roosendaal - Vlissingen,infrastructure,defecte spoorbrug,0
57567,18,Monday,1,0,3,1.0,Lelystad Centrum - Zwolle,accidents,aanrijding,1
57568,18,Monday,1,0,7,3.0,Arnhem Centraal - Basel SBB,rolling stock,defecte trein,0
57569,19,Monday,1,0,4,1.0,Almelo - Mariënberg,rolling stock,defecte trein,0
57570,23,Monday,1,0,4,1.0,Arnhem Centraal - Utrecht Centraal,infrastructure,wisselstoring,0
57571,23,Monday,1,0,7,1.0,Alphen a/d Rijn - Gouda,rolling stock,defecte trein,0
57572,5,Tuesday,1,0,3,1.0,Den Haag HS - Rotterdam Centraal,infrastructure,wisselstoring,0
57573,6,Tuesday,1,0,7,1.0,Alphen a/d Rijn - Gouda,weather,gladde sporen,1
57574,6,Tuesday,1,0,3,1.0,Roermond - Sittard,rolling stock,defecte trein,1
57575,7,Tuesday,1,0,4,2.0,Amsterdam Centraal - Utrecht Centraal,rolling stock,defecte trein,0
57576,8,Tuesday,1,0,13,4.0,Den Haag Centraal - Den Haag HS,rolling stock,defecte trein,0
57577,8,Tuesday,1,0,3,1.0,Dordrecht - Geldermalsen,infrastructure,wisselstoring,1
57578,8,Tuesday,1,0,8,1.0,Amsterdam Centraal - Lelystad Centrum,rolling stock,defecte trein,1
57579,9,Tuesday,1,0,2,1.0,Almelo - Mariënberg,infrastructure,sein- en wisselstoring,1
57581,11,Tuesday,1,0,4,3.0,Berlin Ostbahnhof - Hengelo,rolling stock,beperkingen in de materieelinzet,1
57582,14,Tuesday,1,0,2,1.0,Breda - Rotterdam Centraal (HSL),rolling stock,defecte trein,0
57583,15,Tuesday,1,0,2,1.0,Breda - Rotterdam Centraal (HSL),external,dier op het spoor,0
57584,16,Tuesday,1,0,2,1.0,Leiden Centraal - Utrecht Centraal,rolling stock,defecte trein,0
57587,17,Tuesday,1,0,3,3.0,Arnhem Centraal - Basel SBB,rolling stock,defecte trein,0
57588,17,Tuesday,1,0,3,3.0,Arnhem Centraal - Basel SBB,rolling stock,defecte trein,0
57589,18,Tuesday,1,0,4,2.0,Breda - Tilburg,rolling stock,gestrande trein,0
57590,21,Tuesday,1,0,18,8.0,Amersfoort - Schiphol Airport,rolling stock,defecte trein,1
57591,22,Tuesday,1,0,15,3.0,Den Haag Centraal - Den Haag HS,rolling stock,defecte trein,0
57593,22,Tuesday,1,0,8,1.0,Almere Oostvaarders - Utrecht Centraal,infrastructure,sein-en overwegstoring,1
57594,5,Wednesday,1,0,4,1.0,Almelo - Deventer,infrastructure,sein-en overwegstoring,1
57596,6,Wednesday,1,0,2,1.0,Breda - Rotterdam Centraal (HSL),rolling stock,gestrande trein,0
57597,8,Wednesday,1,0,4,1.0,Dordrecht - Roosendaal,rolling stock,defecte trein,0
57598,8,Wednesday,1,0,2,1.0,Leiden Centraal - Utrecht Centraal,unknown,technisch onderzoek,0
57599,9,Wednesday,1,0,3,2.0,Delfzijl - Groningen,rolling stock,defecte trein,0
57600,10,Wednesday,1,0,4,1.0,Roermond - Sittard,rolling stock,defecte trein,0
57602,12,Wednesday,1,0,3,3.0,Arnhem Centraal - Basel SBB,rolling stock,defecte trein,0
57603,12,Wednesday,1,0,2,1.0,Antwerpen-Centraal - Breda (HSL),rolling stock,gestrande trein,0
57604,13,Wednesday,1,0,3,1.0,Arnhem Centraal - Utrecht Centraal,infrastructure,wisselstoring,1
57605,14,Wednesday,1,0,5,1.0,Arnhem Centraal - Nijmegen,infrastructure,wisselstoring,1
57606,15,Wednesday,1,0,5,1.0,Apeldoorn - Zutphen,accidents,beschadigde spoorbrug,0
57607,15,Wednesday,1,0,6,4.0,Amersfoort - Schiphol Airport,infrastructure,defecte bovenleiding,0
57608,15,Wednesday,1,0,3,1.0,Arnhem Centraal - Zutphen,accidents,beschadigde spoorbrug,0
57609,15,Wednesday,1,0,13,4.0,Den Haag Centraal - Den Haag HS,infrastructure,defecte bovenleiding,1
57610,15,Wednesday,1,0,6,1.0,Den Haag Centraal - Leiden Centraal,infrastructure,defecte bovenleiding,1
57611,16,Wednesday,1,0,6,4.0,Amersfoort - Schiphol Airport,infrastructure,defecte bovenleiding,1
57614,16,Wednesday,1,0,2,1.0,Rotterdam Centraal - Schiphol Airport (HSL),rolling stock,defecte trein,0
57615,17,Wednesday,1,0,4,1.0,Lelystad Centrum - Zwolle,rolling stock,gestrande trein,0
57616,18,Wednesday,1,0,4,1.0,Almelo - Deventer,infrastructure,sein- en wisselstoring,1
57618,19,Wednesday,1,0,2,1.0,Breda - Rotterdam Centraal (HSL),infrastructure,systeemstoring,1
57619,19,Wednesday,1,0,5,2.0,Amsterdam Centraal - Schiphol Airport,infrastructure,systeemstoring,1
57620,20,Wednesday,1,0,4,1.0,Roosendaal - Vlissingen,unknown,technisch onderzoek,1
57621,0,Thursday,1,0,2,1.0,Breda - Rotterdam Centraal (HSL),rolling stock,gestrande trein,0
57622,5,Thursday,1,0,4,3.0,Berlin Ostbahnhof - Hengelo,rolling stock,beperkingen in de materieelinzet,1
57623,5,Thursday,1,0,4,1.0,Aachen Hbf - Heerlen,rolling stock,defecte trein,1
57624,6,Thursday,1,0,2,1.0,Leiden Centraal - Utrecht Centraal,infrastructure,seinstoring,0
57625,7,Thursday,1,0,2,1.0,Leiden Centraal - Utrecht Centraal,infrastructure,sein- en wisselstoring,1
57626,8,Thursday,1,0,5,1.0,Arnhem Centraal - Winterswijk,rolling stock,defecte trein,0
57627,11,Thursday,1,0,1,7.0,Amersfoort - Schiphol Airport,rolling stock,defecte trein,0
57628,11,Thursday,1,0,6,1.0,Den Haag Centraal - Leiden Centraal,rolling stock,defecte trein,0
57630,13,Thursday,1,0,5,2.0,Amsterdam Centraal - Schiphol Airport,rolling stock,defecte trein,0
57631,13,Thursday,1,0,5,3.0,Almere Oostvaarders - Utrecht Centraal,rolling stock,defecte trein,0
57632,14,Thursday,1,0,2,1.0,Amersfoort - Utrecht Centraal,external,inzet van hulpdiensten,0
57633,14,Thursday,1,0,2,1.0,Den Haag Centraal - Den Haag HS,infrastructure,wisselstoring,1
57634,16,Thursday,1,0,3,1.0,Leiden Centraal - Utrecht Centraal,external,hinder op het spoor,0
57635,16,Thursday,1,0,3,1.0,Eindhoven - Venlo,unknown,technisch onderzoek,0
57636,16,Thursday,1,0,3,1.0,Breda - Dordrecht,infrastructure,wisselstoring,0
57637,16,Thursday,1,0,7,3.0,Den Haag Centraal - Den Haag HS,unknown,technisch onderzoek,0
57638,17,Thursday,1,0,2,2.0,Liège-Guillemins - Maastricht,rolling stock,defecte trein,0
57639,17,Thursday,1,0,4,1.0,Almelo - Deventer,external,hinder op het spoor,1
57640,17,Thursday,1,0,4,3.0,Amsterdam Centraal - Schiphol Airport,rolling stock,defecte trein,0
57641,18,Thursday,1,0,9,1.0,Groningen - Leeuwarden,rolling stock,defecte trein,0
57643,18,Thursday,1,0,2,1.0,Arnhem Centraal - Winterswijk,rolling stock,defecte trein,0
57644,20,Thursday,1,0,2,1.0,Leiden Centraal - Utrecht Centraal,infrastructure,wisselstoring,1
57645,21,Thursday,1,0,2,1.0,Almelo - Zwolle,rolling stock,defecte trein,0
57646,23,Thursday,1,0,5,1.0,Nijmegen - Venlo,rolling stock,defecte trein,0
57647,0,Friday,1,0,2,2.0,Groningen - Bad Nieuweschans,infrastructure,defecte spoorbrug,1
57648,5,Friday,1,0,7,1.0,Heerlen - Sittard,staff,problemen met de personeelsinzet,1
57649,6,Friday,1,0,3,1.0,Rotterdam Centraal - Utrecht Centraal,rolling stock,defecte trein,0
57650,6,Friday,1,0,4,1.0,Alkmaar - Amsterdam Centraal,rolling stock,defecte trein,0
57651,6,Friday,1,0,5,1.0,Aachen Hbf - Heerlen,rolling stock,defecte trein,0
57652,6,Friday,1,0,2,2.0,Liège-Guillemins - Maastricht,infrastructure,wisselstoring,1
57653,7,Friday,1,0,4,1.0,Aachen Hbf - Heerlen,weather,rijp aan de bovenleiding,1
57654,7,Friday,1,0,5,1.0,Roermond - Venlo,rolling stock,defecte trein,0
57655,7,Friday,1,0,6,1.0,Heerlen - Maastricht,rolling stock,defecte trein,0
57656,7,Friday,1,0,6,1.0,Arnhem Centraal - Zutphen,rolling stock,defecte trein,0
57657,8,Friday,1,0,9,1.0,Leeuwarden - Stavoren,rolling stock,defecte trein,0
57658,8,Friday,1,0,1,4.0,Almelo - Deventer,unknown,technisch onderzoek,1
57659,8,Friday,1,0,6,1.0,Winterswijk - Zutphen,rolling stock,defecte trein,0
57660,8,Friday,1,0,8,2.0,Den Haag Centraal - Den Haag HS,infrastructure,stroomstoring,0
57661,8,Friday,1,0,6,1.0,Winterswijk - Zutphen,infrastructure,overwegstoring,0
57663,10,Friday,1,0,4,2.0,Liège-Guillemins - Maastricht,rolling stock,defecte trein,1
57664,11,Friday,1,0,10,1.0,Heerlen - Maastricht,logistical,verstoring elders,1
57665,11,Friday,1,0,2,1.0,Groningen - Zwolle,unknown,technisch onderzoek,0
57667,12,Friday,1,0,2,1.0,Roosendaal - Vlissingen,unknown,technisch onderzoek,1
57669,14,Friday,1,0,7,1.0,Heerlen - Sittard,rolling stock,defecte trein,0
57670,14,Friday,1,0,2,1.0,Breda - Rotterdam Centraal (HSL),rolling stock,gestrande trein,1
57671,15,Friday,1,0,8,1.0,Dordrecht - Rotterdam Centraal,rolling stock,gestrande trein,1
57672,16,Friday,1,0,9,1.0,Leeuwarden - Zwolle,unknown,technisch onderzoek,1
57674,19,Friday,1,0,2,1.0,Roermond - Venlo,external,rommel op het spoor,0
57675,23,Friday,1,0,2,1.0,Breda - Rotterdam Centraal (HSL),rolling stock,defecte trein,0
57676,5,Saturday,1,1,3,1.0,Aachen Hbf - Heerlen,rolling stock,beperkingen in de materieelinzet,1
57677,5,Saturday,1,1,10,1.0,Heerlen - Maastricht,rolling stock,beperkingen in de materieelinzet,1
57678,7,Saturday,1,1,5,1.0,Schiphol Airport - Utrecht Centraal,rolling stock,defecte trein,0
57679,8,Saturday,1,1,7,1.0,Hamm (Westf.) - Venlo,engineering work,werkzaamheden,1
57680,8,Saturday,1,1,4,2.0,Amersfoort - Schiphol Airport,infrastructure,seinstoring,1
57681,10,Saturday,1,1,18,8.0,Amersfoort - Schiphol Airport,rolling stock,defecte trein,0
57682,12,Saturday,1,1,5,2.0,Almere Oostvaarders - Utrecht Centraal,rolling stock,defecte trein,0
57685,18,Saturday,1,1,2,1.0,Rotterdam Centraal - Schiphol Airport (HSL),infrastructure,defecte bovenleiding,1
57686,18,Saturday,1,1,5,1.0,Schiphol Airport - Utrecht Centraal,infrastructure,defecte bovenleiding,1
57687,18,Saturday,1,1,5,2.0,Amsterdam Centraal - Schiphol Airport,infrastructure,defecte bovenleiding,1
57688,18,Saturday,1,1,5,1.0,Leiden Centraal - Schiphol Airport,infrastructure,defecte bovenleiding,1
57689,21,Saturday,1,1,5,1.0,Roermond - Venlo,external,rommel op het spoor,1
57690,21,Saturday,1,1,5,3.0,Almere Oostvaarders - Utrecht Centraal,external,rommel op het spoor,0
57691,8,Sunday,1,1,4,3.0,Berlin Ostbahnhof - Hengelo,staff,problemen met de personeelsinzet,1
57692,11,Sunday,1,1,5,1.0,Breda - Tilburg,infrastructure,overwegstoring,0
57693,12,Sunday,1,1,4,1.0,Almelo - Deventer,external,inzet van de politie,0
57694,14,Sunday,1,1,6,1.0,Almelo - Deventer,infrastructure,seinstoring,1
57696,19,Sunday,1,1,4,1.0,Amsterdam Centraal - Schiphol Airport,rolling stock,defecte trein,0
57697,20,Sunday,1,1,6,1.0,Dordrecht - Roosendaal,rolling stock,defecte trein,0
57701,20,Sunday,1,1,7,1.0,Alphen a/d Rijn - Gouda,infrastructure,defecte spoorbrug,0
57703,6,Monday,1,0,5,1.0,Schiphol Airport - Utrecht Centraal,logistical,verstoring elders,0
57704,6,Monday,1,0,5,1.0,Leiden Centraal - Schiphol Airport,logistical,verstoring elders,0
57705,6,Monday,1,0,6,1.0,Den Haag Centraal - Leiden Centraal,logistical,verstoring elders,0
57706,6,Monday,1,0,5,1.0,Schiphol Airport - Utrecht Centraal,logistical,verstoring elders,1
57707,6,Monday,1,0,6,1.0,Den Haag Centraal - Leiden Centraal,logistical,verstoring elders,1
57708,6,Monday,1,0,5,1.0,Leiden Centraal - Schiphol Airport,logistical,verstoring elders,1
57710,11,Monday,1,0,18,8.0,Amersfoort - Schiphol Airport,rolling stock,gestrande trein,0
57711,11,Monday,1,0,7,1.0,Heerlen - Sittard,rolling stock,defecte trein,0
57713,13,Monday,1,0,2,1.0,Antwerpen-Centraal - Breda (HSL),infrastructure,wisselstoring,0
57714,14,Monday,1,0,3,1.0,Leeuwarden - Zwolle,infrastructure,defect spoor,1
57715,15,Monday,1,0,2,1.0,Amersfoort - Apeldoorn,rolling stock,defecte trein,0
57716,15,Monday,1,0,7,1.0,Amersfoort - Zwolle,accidents,aanrijding,1
57717,16,Monday,1,0,4,2.0,Amsterdam Centraal - Utrecht Centraal,rolling stock,defecte trein,0
57718,17,Monday,1,0,4,1.0,Alkmaar - Amsterdam Centraal,external,inzet van hulpdiensten,0
57719,17,Monday,1,0,3,2.0,Delfzijl - Groningen,infrastructure,sein- en wisselstoring,0
57720,17,Monday,1,0,4,2.0,Breda - Tilburg,rolling stock,defecte trein,0
57721,19,Monday,1,0,18,8.0,Amersfoort - Schiphol Airport,rolling stock,defecte trein,0
57722,19,Monday,1,0,15,3.0,Den Haag Centraal - Den Haag HS,rolling stock,defecte trein,0
57723,23,Monday,1,0,2,1.0,Rotterdam Centraal - Schiphol Airport (HSL),rolling stock,defecte trein,0
57725,6,Tuesday,1,0,2,1.0,Groningen - Leeuwarden,infrastructure,sein-en overwegstoring,1
57726,7,Tuesday,1,0,2,1.0,Breda - Rotterdam Centraal (HSL),rolling stock,defecte trein,0
57728,7,Tuesday,1,0,8,1.0,Arnhem Centraal - Zutphen,external,rommel op het spoor,0
57729,12,Tuesday,1,0,5,2.0,Amsterdam Centraal - Schiphol Airport,rolling stock,defecte trein,1
57730,12,Tuesday,1,0,4,1.0,Roermond - Sittard,external,inzet van hulpdiensten,0
57731,12,Tuesday,1,0,4,3.0,Amsterdam Centraal - Schiphol Airport,rolling stock,defecte trein,0
57732,12,Tuesday,1,0,12,1.0,Lelystad Centrum - Schiphol Airport,rolling stock,defecte trein,0
57733,13,Tuesday,1,0,13,5.0,Amsterdam Centraal - Haarlem,rolling stock,defecte trein,0
57734,13,Tuesday,1,0,3,1.0,Leeuwarden - Zwolle,infrastructure,defect spoor,1
57735,13,Tuesday,1,0,7,2.0,Den Haag Centraal - Utrecht Centraal,rolling stock,defecte trein,0
57736,17,Tuesday,1,0,3,1.0,Leiden Centraal - Utrecht Centraal,infrastructure,defecte spoorbrug,0
57737,17,Tuesday,1,0,2,1.0,Almelo - Deventer,infrastructure,sein- en wisselstoring,1
57738,18,Tuesday,1,0,18,8.0,Amersfoort - Schiphol Airport,rolling stock,defecte trein,0
57739,18,Tuesday,1,0,2,1.0,Arnhem Centraal - Winterswijk,rolling stock,defecte trein,0
57740,18,Tuesday,1,0,3,1.0,Eindhoven - Tilburg,accidents,aanrijding,1
57741,18,Tuesday,1,0,7,1.0,Leiden Centraal - Utrecht Centraal,accidents,aanrijding,0
57742,18,Tuesday,1,0,7,2.0,'s-Hertogenbosch - Utrecht Centraal,accidents,aanrijding,0
57744,19,Tuesday,1,0,5,2.0,Amersfoort - Apeldoorn,rolling stock,defecte trein,1
57745,19,Tuesday,1,0,5,1.0,Amersfoort - Ede-Wageningen,rolling stock,defecte trein,1
57747,19,Tuesday,1,0,5,3.0,Den Haag Centraal - Utrecht Centraal,rolling stock,defecte trein,0
57749,20,Tuesday,1,0,4,1.0,Almelo - Mariënberg,accidents,aanrijding,1
57750,22,Tuesday,1,0,5,4.0,Arnhem Centraal - Basel SBB,rolling stock,defecte trein,0
57751,0,Wednesday,1,0,3,3.0,Den Haag Centraal - Den Haag HS,rolling stock,gestrande trein,0
57753,5,Wednesday,1,0,3,1.0,Breda - Roosendaal,accidents,aanrijding,0
57754,6,Wednesday,1,0,6,1.0,Hengelo - Zutphen,infrastructure,wisselstoring,0
57755,6,Wednesday,1,0,2,1.0,Deventer - Zwolle,rolling stock,defecte trein,0
57756,6,Wednesday,1,0,2,1.0,Hamm (Westf.) - Venlo,logistical,problemen op het spoor in het buitenland,0
57757,7,Wednesday,1,0,3,1.0,Leeuwarden - Zwolle,engineering work,herstelwerkzaamheden,1
57758,7,Wednesday,1,0,6,1.0,Heerlen - Maastricht,rolling stock,defecte trein,0
57759,8,Wednesday,1,0,5,1.0,Amsterdam Centraal - Haarlem,rolling stock,defecte trein,0
57760,8,Wednesday,1,0,8,1.0,Amersfoort - Ede-Wageningen,weather,gladde sporen,1
57761,8,Wednesday,1,0,2,2.0,Liège-Guillemins - Maastricht,rolling stock,defecte trein,0
57762,9,Wednesday,1,0,3,1.0,Alkmaar - Den Helder,infrastructure,defecte spoorbrug,1
57763,9,Wednesday,1,0,4,1.0,Almelo - Deventer,infrastructure,sein- en wisselstoring,1
57764,10,Wednesday,1,0,4,1.0,Aachen Hbf - Heerlen,staff,problemen met de personeelsinzet,1
57766,16,Wednesday,1,0,3,1.0,Breda - Roosendaal,infrastructure,seinstoring,0
57767,16,Wednesday,1,0,4,3.0,Berlin Ostbahnhof - Hengelo,rolling stock,beperkingen in de materieelinzet,1
57768,17,Wednesday,1,0,6,1.0,Almelo - Deventer,infrastructure,sein- en wisselstoring,1
57769,20,Wednesday,1,0,4,1.0,Roermond - Sittard,infrastructure,seinstoring,1
57770,21,Wednesday,1,0,2,1.0,Rotterdam Centraal - Schiphol Airport (HSL),rolling stock,defecte trein,0
57771,22,Wednesday,1,0,18,8.0,Amersfoort - Schiphol Airport,rolling stock,defecte trein,0
57772,22,Wednesday,1,0,15,3.0,Den Haag Centraal - Den Haag HS,rolling stock,defecte trein,0
57774,3,Thursday,1,0,10,1.0,Heerlen - Maastricht,rolling stock,beperkingen in de materieelinzet,1
57775,6,Thursday,1,0,8,2.0,Den Haag Centraal - Den Haag HS,infrastructure,stroomstoring,1
57776,8,Thursday,1,0,4,1.0,Lelystad Centrum - Zwolle,engineering work,herstelwerkzaamheden,1
57777,10,Thursday,1,0,2,1.0,Eindhoven - Roermond,rolling stock,gestrande trein,0
57779,11,Thursday,1,0,6,1.0,Arnhem Centraal - Zutphen,accidents,aanrijding,1
57780,12,Thursday,1,0,3,3.0,Arnhem Centraal - Basel SBB,logistical,problemen op het spoor in het buitenland,0
57782,14,Thursday,1,0,4,1.0,Almelo - Deventer,infrastructure,sein- en wisselstoring,1
57783,16,Thursday,1,0,4,3.0,Berlin Ostbahnhof - Hengelo,rolling stock,beperkingen in de materieelinzet,1
57784,16,Thursday,1,0,6,1.0,Aachen Hbf - Heerlen,staff,problemen met de personeelsinzet,1
57785,19,Thursday,1,0,6,1.0,Rotterdam Centraal - Utrecht Centraal,infrastructure,seinstoring,1
57786,7,Friday,1,0,2,1.0,Lelystad Centrum - Zwolle,infrastructure,defect spoor,1
57787,7,Friday,1,0,2,1.0,Amersfoort - Apeldoorn,infrastructure,wisselstoring,1
57788,7,Friday,1,0,7,1.0,Alphen a/d Rijn - Gouda,rolling stock,defecte trein,0
57789,7,Friday,1,0,5,1.0,Amersfoort - Ede-Wageningen,infrastructure,wisselstoring,1
57790,9,Friday,1,0,4,1.0,Groningen - Zwolle,external,persoon op het spoor,0
57791,10,Friday,1,0,2,2.0,Amersfoort - Amsterdam Centraal,rolling stock,gestrande trein,0
57792,10,Friday,1,0,3,1.0,Almere Oostvaarders - Utrecht Centraal,rolling stock,gestrande trein,0
57793,14,Friday,1,0,6,1.0,Dordrecht - Roosendaal,infrastructure,defect spoor,1
57795,16,Friday,1,0,5,1.0,Breda - Tilburg,rolling stock,defecte trein,0
57796,17,Friday,1,0,2,1.0,'s-Hertogenbosch - Tilburg,external,inzet van de politie,0
57798,18,Friday,1,0,3,1.0,'s-Hertogenbosch - Eindhoven,rolling stock,defecte trein,0
57799,18,Friday,1,0,2,1.0,Breda - Rotterdam Centraal (HSL),rolling stock,defecte trein,0
57800,19,Friday,1,0,2,1.0,Arnhem Centraal - Winterswijk,infrastructure,seinstoring,1
57801,20,Friday,1,0,4,1.0,Amsterdam Centraal - Haarlem,unknown,technisch onderzoek,0
57802,23,Friday,1,0,2,1.0,Rotterdam Centraal - Schiphol Airport (HSL),rolling stock,defecte trein,0
57803,7,Saturday,1,1,7,1.0,Heerlen - Sittard,infrastructure,sein- en wisselstoring,1
57804,8,Saturday,1,1,5,1.0,'s-Hertogenbosch - Nijmegen,accidents,aanrijding,1
57805,8,Saturday,1,1,18,8.0,Amersfoort - Schiphol Airport,rolling stock,defecte trein,0
57806,10,Saturday,1,1,3,3.0,Arnhem Centraal - Basel SBB,rolling stock,defecte trein,0
57807,10,Saturday,1,1,4,1.0,Roermond - Sittard,infrastructure,overwegstoring,1
57808,11,Saturday,1,1,2,1.0,Breda - Rotterdam Centraal (HSL),rolling stock,defecte trein,0
57809,11,Saturday,1,1,2,1.0,Rotterdam Centraal - Schiphol Airport (HSL),rolling stock,defecte trein,0
57810,12,Saturday,1,1,8,1.0,Dordrecht - Rotterdam Centraal,rolling stock,gestrande trein,0
57811,12,Saturday,1,1,3,1.0,Kampen - Zwolle,unknown,technisch onderzoek,0
57813,13,Saturday,1,1,4,1.0,Dordrecht - Roosendaal,infrastructure,seinstoring,0
57814,15,Saturday,1,1,4,1.0,Alkmaar - Amsterdam Centraal,external,rommel op het spoor,0
57815,16,Saturday,1,1,3,3.0,Arnhem Centraal - Basel SBB,engineering work,herstelwerkzaamheden,1
57816,18,Saturday,1,1,2,4.0,Almelo - Deventer,infrastructure,systeemstoring,1
57817,19,Saturday,1,1,5,1.0,Leiden Centraal - Schiphol Airport,rolling stock,defecte trein,0
57818,19,Saturday,1,1,3,1.0,Amsterdam Centraal - Hoorn,rolling stock,gestrande trein,0
57819,19,Saturday,1,1,6,1.0,Eindhoven - Venlo,rolling stock,defecte trein,1
57822,20,Saturday,1,1,5,1.0,Leiden Centraal - Schiphol Airport,accidents,aanrijding,0
57823,21,Saturday,1,1,2,1.0,Rotterdam Centraal - Schiphol Airport (HSL),logistical,verstoring elders,1
57824,21,Saturday,1,1,3,2.0,Amersfoort - Amsterdam Centraal,logistical,verstoring elders,1
57825,7,Sunday,1,1,3,2.0,Den Haag Centraal - Utrecht Centraal,accidents,aanrijding,0
57826,10,Sunday,1,1,3,2.0,Amersfoort - Amsterdam Centraal,unknown,technisch onderzoek,0
57828,17,Sunday,1,1,10,1.0,Arnhem Centraal - Utrecht Centraal,external,inzet van de politie,0
57829,18,Sunday,1,1,3,1.0,Leiden Centraal - Utrecht Centraal,external,persoon op het spoor,0
57830,20,Sunday,1,1,5,3.0,Almere Oostvaarders - Utrecht Centraal,rolling stock,gestrande trein,0
57831,21,Sunday,1,1,3,1.0,Arnhem Centraal - Nijmegen,rolling stock,defecte trein,0
57832,21,Sunday,1,1,5,3.0,Almere Oostvaarders - Utrecht Centraal,logistical,eerdere verstoring,0
57833,4,Monday,1,0,2,1.0,Hamm (Westf.) - Venlo,staff,problemen met de personeelsinzet,1
57834,5,Monday,1,0,3,1.0,Leeuwarden - Zwolle,engineering work,uitloop van werkzaamheden,0
57835,5,Monday,1,0,6,1.0,Aachen Hbf - Heerlen,staff,problemen met de personeelsinzet,1
57839,8,Monday,1,0,2,3.0,Almere Oostvaarders - Utrecht Centraal,rolling stock,defecte trein,0
57840,8,Monday,1,0,5,1.0,Almere Oostvaarders - Utrecht Centraal,rolling stock,defecte trein,0
57841,11,Monday,1,0,4,1.0,Apeldoorn - Deventer,external,inzet van de politie,0
57842,17,Monday,1,0,3,1.0,Almere Oostvaarders - Utrecht Centraal,rolling stock,defecte trein,0
57843,17,Monday,1,0,8,1.0,Amsterdam Centraal - Lelystad Centrum,rolling stock,defecte trein,0
57844,7,Tuesday,1,0,2,1.0,Breda - Rotterdam Centraal (HSL),rolling stock,defecte trein,1
57846,7,Tuesday,1,0,15,3.0,Den Haag Centraal - Den Haag HS,rolling stock,defecte trein,1
57847,9,Tuesday,1,0,4,1.0,Eindhoven - Roermond,rolling stock,gestrande trein,0
57848,10,Tuesday,1,0,2,2.0,Liège-Guillemins - Maastricht,rolling stock,defecte trein,1
57849,12,Tuesday,1,0,5,1.0,Eindhoven - Roermond,rolling stock,gestrande trein,0
57850,16,Tuesday,1,0,2,1.0,'s-Hertogenbosch - Tilburg,external,inzet van hulpdiensten,0
57851,16,Tuesday,1,0,2,1.0,Hamm (Westf.) - Venlo,staff,problemen met de personeelsinzet,1
57852,19,Tuesday,1,0,5,1.0,Amersfoort - Zwolle,accidents,aanrijding,1
57853,19,Tuesday,1,0,6,1.0,'s-Hertogenbosch - Nijmegen,external,inzet van hulpdiensten,0
57854,19,Tuesday,1,0,18,8.0,Amersfoort - Schiphol Airport,rolling stock,defecte trein,1
57855,22,Tuesday,1,0,3,1.0,Leeuwarden - Zwolle,external,rommel op het spoor,1
57856,5,Wednesday,1,0,3,1.0,Kampen - Zwolle,engineering work,uitloop van werkzaamheden,1
57857,6,Wednesday,1,0,3,1.0,'s-Hertogenbosch - Utrecht Centraal,infrastructure,wisselstoring,1
57860,7,Wednesday,1,0,4,1.0,Eindhoven - Venlo,external,rommel op het spoor,1
57861,7,Wednesday,1,0,4,2.0,'s-Hertogenbosch - Eindhoven,external,rommel op het spoor,0
57862,7,Wednesday,1,0,2,1.0,Antwerpen-Centraal - Roosendaal,accidents,aanrijding,1
57864,8,Wednesday,1,0,4,1.0,Arnhem Centraal - Winterswijk,rolling stock,defecte trein,0
57865,8,Wednesday,1,0,3,1.0,Emmen - Zwolle,rolling stock,defecte trein,0
57866,9,Wednesday,1,0,3,1.0,Leiden Centraal - Utrecht Centraal,rolling stock,defecte trein,0
57867,9,Wednesday,1,0,2,2.0,Liège-Guillemins - Maastricht,rolling stock,defecte trein,0
57868,9,Wednesday,1,0,5,1.0,Arnhem Centraal - Nijmegen,infrastructure,seinstoring,1
57869,10,Wednesday,1,0,3,1.0,Amersfoort - Zwolle,rolling stock,defecte trein,0
57870,10,Wednesday,1,0,6,1.0,Leeuwarden - Stavoren,rolling stock,defecte trein,1
57871,11,Wednesday,1,0,3,1.0,Breda - Roosendaal,external,rommel op het spoor,1
57872,12,Wednesday,1,0,4,3.0,Berlin Ostbahnhof - Hengelo,rolling stock,beperkingen in de materieelinzet,1
57874,15,Wednesday,1,0,13,1.0,Lelystad Centrum - Schiphol Airport,infrastructure,wisselstoring,1
57875,15,Wednesday,1,0,9,2.0,Leiden Centraal - Schiphol Airport,infrastructure,wisselstoring,1
57876,15,Wednesday,1,0,2,1.0,Rotterdam Centraal - Schiphol Airport (HSL),infrastructure,wisselstoring,1
57878,16,Wednesday,1,0,3,1.0,Roosendaal - Vlissingen,unknown,technisch onderzoek,1
57879,16,Wednesday,1,0,9,1.0,Groningen - Leeuwarden,rolling stock,defecte trein,1
57880,17,Wednesday,1,0,5,1.0,Arnhem Centraal - Nijmegen,engineering work,herstelwerkzaamheden,1
57881,17,Wednesday,1,0,3,2.0,Arnhem Centraal - Nijmegen,engineering work,herstelwerkzaamheden,1
57883,18,Wednesday,1,0,11,1.0,Roosendaal - Vlissingen,rolling stock,defecte trein,0
57884,18,Wednesday,1,0,8,1.0,Amersfoort - Ede-Wageningen,rolling stock,defecte trein,0
57885,20,Wednesday,1,0,2,1.0,Hamm (Westf.) - Venlo,staff,problemen met de personeelsinzet,0
57886,3,Thursday,1,0,5,1.0,Arnhem Centraal - Nijmegen,engineering work,herstelwerkzaamheden,1
57887,7,Thursday,1,0,4,1.0,Aachen Hbf - Heerlen,logistical,problemen op het spoor in het buitenland,1
57888,8,Thursday,1,0,6,1.0,Eindhoven - Venlo,rolling stock,defecte trein,0
57889,8,Thursday,1,0,2,1.0,Antwerpen-Centraal - Roosendaal,logistical,problemen op het spoor in het buitenland,1
57890,8,Thursday,1,0,3,1.0,Enkhuizen - Hoorn,rolling stock,defecte trein,0
57891,8,Thursday,1,0,2,1.0,Antwerpen-Centraal - Breda (HSL),rolling stock,defecte trein,0
57892,8,Thursday,1,0,2,1.0,Breda - Rotterdam Centraal (HSL),rolling stock,gestrande trein,0
57893,9,Thursday,1,0,5,3.0,Almere Oostvaarders - Utrecht Centraal,rolling stock,defecte trein,0
57894,11,Thursday,1,0,4,1.0,Arnhem Centraal - Utrecht Centraal,infrastructure,seinstoring,0
57895,11,Thursday,1,0,9,1.0,Eindhoven - Venlo,rolling stock,defecte trein,0
57896,12,Thursday,1,0,2,2.0,Aachen Hbf - Heerlen,rolling stock,defecte trein,0
57897,12,Thursday,1,0,4,1.0,Arnhem Centraal - Utrecht Centraal,unknown,technisch onderzoek,0
57898,14,Thursday,1,0,3,1.0,Enschede - Hengelo,infrastructure,seinstoring,1
57899,15,Thursday,1,0,4,3.0,Berlin Ostbahnhof - Hengelo,rolling stock,gestrande trein,0
57900,17,Thursday,1,0,2,1.0,Leiden Centraal - Utrecht Centraal,external,inzet van de politie,0
57901,17,Thursday,1,0,3,1.0,Almere Oostvaarders - Utrecht Centraal,external,inzet van de politie,0
57902,17,Thursday,1,0,8,1.0,Amsterdam Centraal - Lelystad Centrum,external,inzet van de politie,0
57903,18,Thursday,1,0,3,1.0,Enkhuizen - Hoorn,external,inzet van de politie,0
57905,20,Thursday,1,0,7,2.0,Den Haag Centraal - Utrecht Centraal,rolling stock,gestrande trein,0
57907,20,Thursday,1,0,13,1.0,Lelystad Centrum - Schiphol Airport,infrastructure,wisselstoring,0
57908,20,Thursday,1,0,2,1.0,Rotterdam Centraal - Schiphol Airport (HSL),infrastructure,wisselstoring,1
57909,20,Thursday,1,0,9,2.0,Leiden Centraal - Schiphol Airport,infrastructure,wisselstoring,1
57911,5,Friday,1,0,4,2.0,Amersfoort - Schiphol Airport,infrastructure,defect spoor,1
57912,5,Friday,1,0,5,1.0,Schiphol Airport - Utrecht Centraal,infrastructure,defect spoor,1
57913,5,Friday,1,0,5,2.0,Amsterdam Centraal - Schiphol Airport,infrastructure,defect spoor,1
57914,5,Friday,1,0,5,1.0,Leiden Centraal - Schiphol Airport,infrastructure,defect spoor,1
57916,5,Friday,1,0,5,1.0,Emmen - Zwolle,infrastructure,overwegstoring,0
57917,5,Friday,1,0,11,1.0,Amersfoort - Zwolle,rolling stock,defecte trein,1
57919,7,Friday,1,0,5,1.0,Amersfoort - Zwolle,rolling stock,defecte trein,0
57920,7,Friday,1,0,13,1.0,Lelystad Centrum - Schiphol Airport,infrastructure,defect spoor,1
57921,9,Friday,1,0,4,1.0,Arnhem Centraal - Utrecht Centraal,weather,rijp aan de bovenleiding,0
57923,9,Friday,1,0,2,1.0,Rotterdam Centraal - Schiphol Airport (HSL),rolling stock,defecte trein,0
57924,9,Friday,1,0,2,1.0,Breda - Rotterdam Centraal (HSL),rolling stock,gestrande trein,0
57925,10,Friday,1,0,2,1.0,Amersfoort - Zwolle,infrastructure,defect wissel,1
57926,10,Friday,1,0,5,1.0,Eindhoven - Roermond,infrastructure,seinstoring,0
57927,15,Friday,1,0,5,1.0,Haarlem - Leiden Centraal,rolling stock,gestrande trein,0
57929,16,Friday,1,0,5,1.0,Amersfoort - Utrecht Centraal,rolling stock,defecte trein,0
57930,16,Friday,1,0,4,1.0,Almelo - Hengelo,rolling stock,defecte trein,0
57931,16,Friday,1,0,3,2.0,Arnhem Centraal - Nijmegen,unknown,technisch onderzoek,1
57932,16,Friday,1,0,2,1.0,Amersfoort - Apeldoorn,rolling stock,defecte trein,0
57933,17,Friday,1,0,5,1.0,Arnhem Centraal - Nijmegen,unknown,technisch onderzoek,1
57934,17,Friday,1,0,2,1.0,Leiden Centraal - Utrecht Centraal,external,persoon op het spoor,0
57935,17,Friday,1,0,4,1.0,Alkmaar - Amsterdam Centraal,infrastructure,wisselstoring,0
57937,19,Friday,1,0,3,2.0,Den Haag Centraal - Utrecht Centraal,rolling stock,gestrande trein,0
57938,19,Friday,1,0,4,2.0,Breda - Tilburg,infrastructure,defect spoor,1
57939,22,Friday,1,0,5,1.0,Alkmaar - Den Helder,external,inzet van de politie,0
57940,4,Saturday,2,1,3,1.0,Leeuwarden - Stavoren,rolling stock,defecte trein,0
57941,4,Saturday,2,1,5,2.0,Amersfoort - Apeldoorn,rolling stock,defecte trein,1
57942,6,Saturday,2,1,5,4.0,Arnhem Centraal - Basel SBB,rolling stock,defecte trein,0
57944,6,Saturday,2,1,3,1.0,Kampen - Zwolle,rolling stock,defecte trein,0
57945,6,Saturday,2,1,6,1.0,'s-Hertogenbosch - Nijmegen,rolling stock,defecte trein,0
57946,6,Saturday,2,1,3,1.0,Aachen Hbf - Heerlen,rolling stock,defecte trein,1
57948,7,Saturday,2,1,5,2.0,Eindhoven - Roermond,rolling stock,defecte trein,0
57949,7,Saturday,2,1,2,3.0,Amsterdam Centraal - Utrecht Centraal,rolling stock,defecte trein,0
57950,7,Saturday,2,1,4,1.0,Lelystad Centrum - Zwolle,rolling stock,gestrande trein,0
57951,7,Saturday,2,1,5,1.0,Amsterdam Centraal - Hoorn,weather,rijp aan de bovenleiding,1
57952,8,Saturday,2,1,12,1.0,Antwerpen-Centraal - Roosendaal,rolling stock,defecte trein,0
57953,8,Saturday,2,1,4,1.0,Aachen Hbf - Heerlen,weather,rijp aan de bovenleiding,1
57954,8,Saturday,2,1,5,4.0,Arnhem Centraal - Basel SBB,weather,de weersomstandigheden,0
57955,8,Saturday,2,1,3,3.0,Arnhem Centraal - Basel SBB,weather,rijp aan de bovenleiding,1
57956,8,Saturday,2,1,7,1.0,Heerlen - Sittard,rolling stock,defecte trein,0
57957,8,Saturday,2,1,6,2.0,Liège-Guillemins - Maastricht,rolling stock,defecte trein,1
57959,9,Saturday,2,1,3,1.0,Arnhem Centraal - Winterswijk,infrastructure,wisselstoring,1
57960,9,Saturday,2,1,5,2.0,Amsterdam Centraal - Schiphol Airport,rolling stock,defecte trein,0
57961,9,Saturday,2,1,10,1.0,Heerlen - Maastricht,rolling stock,beperkingen in de materieelinzet,1
57962,13,Saturday,2,1,2,1.0,Leiden Centraal - Schiphol Airport,rolling stock,defecte trein,0
57963,15,Saturday,2,1,5,1.0,Amersfoort - Zwolle,rolling stock,defecte trein,0
57964,16,Saturday,2,1,5,1.0,Roosendaal - Vlissingen,unknown,technisch onderzoek,1
57965,18,Saturday,2,1,3,2.0,Arnhem Centraal - Nijmegen,rolling stock,defecte trein,0
57966,18,Saturday,2,1,2,1.0,Leiden Centraal - Schiphol Airport,rolling stock,defecte trein,0
57967,18,Saturday,2,1,3,2.0,Alkmaar - Amsterdam Centraal,infrastructure,seinstoring,0
57968,19,Saturday,2,1,7,1.0,Heerlen - Sittard,rolling stock,gestrande trein,0
57969,23,Saturday,2,1,5,1.0,Leiden Centraal - Schiphol Airport,rolling stock,defecte trein,0
57970,6,Sunday,2,1,8,1.0,Dordrecht - Rotterdam Centraal,infrastructure,wisselstoring,0
57972,7,Sunday,2,1,3,1.0,Breda - Roosendaal,infrastructure,wisselstoring,1
57973,7,Sunday,2,1,2,1.0,Amersfoort - Ede-Wageningen,weather,rijp aan de bovenleiding,1
57974,7,Sunday,2,1,4,1.0,Aachen Hbf - Heerlen,weather,rijp aan de bovenleiding,1
57975,7,Sunday,2,1,4,1.0,Dordrecht - Roosendaal,infrastructure,defecte spoorbrug,1
57976,7,Sunday,2,1,4,1.0,Amersfoort - Ede-Wageningen,weather,rijp aan de bovenleiding,1
57977,7,Sunday,2,1,2,1.0,Leiden Centraal - Utrecht Centraal,infrastructure,wisselstoring,0
57978,7,Sunday,2,1,2,1.0,Leeuwarden - Zwolle,weather,rijp aan de bovenleiding,0
57979,7,Sunday,2,1,4,2.0,Arnhem Centraal - Utrecht Centraal,infrastructure,wisselstoring,1
57980,9,Sunday,2,1,8,2.0,Amsterdam Centraal - Utrecht Centraal,infrastructure,wisselstoring,1
57981,9,Sunday,2,1,2,2.0,Arnhem Centraal - Utrecht Centraal,infrastructure,wisselstoring,1
57982,9,Sunday,2,1,6,2.0,Liège-Guillemins - Maastricht,staff,acties in het buitenland,1
57984,11,Sunday,2,1,5,3.0,Den Haag Centraal - Utrecht Centraal,unknown,technisch onderzoek,1
57985,12,Sunday,2,1,6,1.0,Aachen Hbf - Heerlen,logistical,problemen op het spoor in het buitenland,1
57986,12,Sunday,2,1,18,8.0,Amersfoort - Schiphol Airport,rolling stock,defecte trein,0
57987,13,Sunday,2,1,6,2.0,Liège-Guillemins - Maastricht,staff,acties in het buitenland,1
57988,15,Sunday,2,1,3,1.0,Eindhoven - Tilburg,rolling stock,defecte trein,0
57989,16,Sunday,2,1,3,1.0,'s-Hertogenbosch - Eindhoven,rolling stock,defecte trein,0
57990,17,Sunday,2,1,3,1.0,Arnhem Centraal - Nijmegen,rolling stock,defecte trein,0
57991,17,Sunday,2,1,4,1.0,Roermond - Sittard,rolling stock,defecte trein,0
57993,19,Sunday,2,1,11,1.0,Schiphol Airport - Utrecht Centraal,rolling stock,defecte trein,0
57994,19,Sunday,2,1,5,1.0,Amsterdam Centraal - Hoorn,rolling stock,defecte trein,0
57995,20,Sunday,2,1,2,1.0,Rotterdam Centraal - Schiphol Airport (HSL),rolling stock,defecte trein,0
57996,21,Sunday,2,1,4,1.0,Groningen - Leeuwarden,infrastructure,wisselstoring,0
57997,22,Sunday,2,1,4,1.0,Groningen - Leeuwarden,infrastructure,wisselstoring,0
57998,5,Monday,2,0,11,1.0,Amsterdam Centraal - Lelystad Centrum,infrastructure,seinstoring,1
57999,6,Monday,2,0,8,1.0,Dordrecht - Rotterdam Centraal,infrastructure,wisselstoring,1
58001,7,Monday,2,0,2,1.0,Rotterdam Centraal - Schiphol Airport (HSL),infrastructure,seinstoring,1
58002,7,Monday,2,0,12,1.0,Rotterdam Centraal - Utrecht Centraal,infrastructure,wisselstoring,1
58003,7,Monday,2,0,12,1.0,Amersfoort - Schiphol Airport,infrastructure,seinstoring,1
58005,7,Monday,2,0,3,1.0,Amersfoort - Zwolle,infrastructure,seinstoring,1
58006,7,Monday,2,0,3,1.0,Breda - Dordrecht,rolling stock,defecte trein,0
58007,10,Monday,2,0,4,1.0,Den Haag HS - Rotterdam Centraal,rolling stock,defecte trein,0
58008,10,Monday,2,0,3,2.0,Antwerpen-Centraal - Breda (HSL),rolling stock,defecte trein,0
58009,10,Monday,2,0,2,1.0,Antwerpen-Centraal - Roosendaal,logistical,problemen op het spoor in het buitenland,0
58010,11,Monday,2,0,2,1.0,'s-Hertogenbosch - Tilburg,rolling stock,defecte trein,0
58011,11,Monday,2,0,4,1.0,Den Haag HS - Rotterdam Centraal,rolling stock,defecte trein,0
58012,12,Monday,2,0,5,3.0,Almere Oostvaarders - Utrecht Centraal,rolling stock,gestrande trein,0
58013,12,Monday,2,0,4,1.0,Almelo - Mariënberg,infrastructure,seinstoring,1
58014,13,Monday,2,0,2,2.0,Liège-Guillemins - Maastricht,rolling stock,defecte trein,0
58015,15,Monday,2,0,4,1.0,Almelo - Mariënberg,infrastructure,seinstoring,1
58017,20,Monday,2,0,6,1.0,Winterswijk - Zutphen,rolling stock,defecte trein,0
58018,21,Monday,2,0,6,1.0,Eindhoven - Venlo,rolling stock,defecte trein,1
58019,23,Monday,2,0,2,11.0,Arnhem Centraal - Basel SBB,infrastructure,seinstoring,1
58020,5,Tuesday,2,0,8,1.0,Arnhem Centraal - Zutphen,rolling stock,defecte trein,0
58022,7,Tuesday,2,0,18,8.0,Amersfoort - Schiphol Airport,rolling stock,gestrande trein,0
58024,10,Tuesday,2,0,8,1.0,Arnhem Centraal - Zutphen,unknown,technisch onderzoek,1
58025,10,Tuesday,2,0,2,1.0,Rotterdam Centraal - Schiphol Airport (HSL),rolling stock,defecte trein,0
58026,12,Tuesday,2,0,3,1.0,Deventer - Zwolle,infrastructure,seinstoring,1
58027,13,Tuesday,2,0,4,1.0,Groningen - Zwolle,infrastructure,stroomstoring,0
58028,17,Tuesday,2,0,11,1.0,Roosendaal - Vlissingen,rolling stock,defecte trein,0
58029,17,Tuesday,2,0,3,1.0,Leiden Centraal - Utrecht Centraal,infrastructure,seinstoring,1
58030,18,Tuesday,2,0,3,1.0,Den Haag Centraal - Utrecht Centraal,external,inzet van hulpdiensten,0
58031,19,Tuesday,2,0,8,1.0,Amsterdam Centraal - Lelystad Centrum,rolling stock,defecte trein,0
58032,19,Tuesday,2,0,2,1.0,'s-Hertogenbosch - Tilburg,infrastructure,seinstoring,1
58033,19,Tuesday,2,0,2,2.0,Groningen - Bad Nieuweschans,infrastructure,defecte spoorbrug,1
58034,6,Wednesday,2,0,3,2.0,Arnhem Centraal - Utrecht Centraal,rolling stock,defecte trein,0
58035,7,Wednesday,2,0,8,1.0,Den Haag Centraal - Utrecht Centraal,rolling stock,defecte trein,0
58036,8,Wednesday,2,0,2,1.0,Leiden Centraal - Utrecht Centraal,rolling stock,defecte trein,0
58038,11,Wednesday,2,0,3,1.0,Breda - Roosendaal,infrastructure,wisselstoring,1
58039,12,Wednesday,2,0,6,1.0,Rotterdam Centraal - Utrecht Centraal,rolling stock,defecte trein,0
58040,14,Wednesday,2,0,8,2.0,Den Haag Centraal - Den Haag HS,rolling stock,gestrande trein,1
58041,15,Wednesday,2,0,4,1.0,Roosendaal - Vlissingen,infrastructure,overwegstoring,1
58043,18,Wednesday,2,0,7,1.0,Heerlen - Sittard,external,koperdiefstal,1
58044,20,Wednesday,2,0,2,1.0,Breda - Rotterdam Centraal (HSL),rolling stock,defecte trein,0
58045,21,Wednesday,2,0,12,1.0,Rotterdam Centraal - Utrecht Centraal,rolling stock,defecte trein,0
58046,22,Wednesday,2,0,4,2.0,Den Haag Centraal - Leiden Centraal,engineering work,herstelwerkzaamheden,1
58048,22,Wednesday,2,0,7,1.0,Groningen - Zwolle,rolling stock,defecte trein,1
58049,3,Thursday,2,0,2,2.0,Amsterdam Centraal - Utrecht Centraal,infrastructure,wisselstoring,1
58050,5,Thursday,2,0,5,1.0,Arnhem Centraal - Nijmegen,engineering work,uitloop van werkzaamheden,0
58051,5,Thursday,2,0,11,1.0,Emmen - Zwolle,accidents,aanrijding,1
58052,7,Thursday,2,0,2,1.0,Breda - Rotterdam Centraal (HSL),infrastructure,defecte bovenleiding,1
58053,7,Thursday,2,0,15,3.0,Den Haag Centraal - Den Haag HS,infrastructure,defecte bovenleiding,1
58054,7,Thursday,2,0,3,2.0,Breda - Dordrecht,infrastructure,defecte bovenleiding,1
58055,7,Thursday,2,0,9,1.0,Lelystad Centrum - Schiphol Airport,rolling stock,defecte trein,0
58056,8,Thursday,2,0,13,1.0,Lelystad Centrum - Schiphol Airport,external,inzet van hulpdiensten,0
58057,9,Thursday,2,0,3,3.0,Berlin Ostbahnhof - Hengelo,infrastructure,seinstoring,1
58058,9,Thursday,2,0,5,3.0,Almere Oostvaarders - Utrecht Centraal,rolling stock,defecte trein,0
58059,10,Thursday,2,0,5,3.0,Almere Oostvaarders - Utrecht Centraal,rolling stock,defecte trein,0
58061,12,Thursday,2,0,5,1.0,Eindhoven - Roermond,unknown,technisch onderzoek,1
58062,14,Thursday,2,0,3,1.0,'s-Hertogenbosch - Nijmegen,rolling stock,defecte trein,0
58063,14,Thursday,2,0,5,1.0,Arnhem Centraal - Nijmegen,rolling stock,defecte trein,0
58064,15,Thursday,2,0,4,1.0,Apeldoorn - Deventer,external,persoon op het spoor,0
58065,15,Thursday,2,0,24,3.0,'s-Hertogenbosch - Eindhoven,rolling stock,defecte trein,0
58067,18,Thursday,2,0,2,1.0,Breda - Rotterdam Centraal (HSL),rolling stock,defecte trein,0
58068,20,Thursday,2,0,4,3.0,Berlin Ostbahnhof - Hengelo,rolling stock,beperkingen in de materieelinzet,1
58069,21,Thursday,2,0,3,1.0,Groningen - Zwolle,rolling stock,gestrande trein,0
58071,5,Friday,2,0,2,1.0,Amsterdam Centraal - Haarlem,rolling stock,defecte trein,0
58075,11,Friday,2,0,3,1.0,Dordrecht - Geldermalsen,rolling stock,defecte trein,1
58076,11,Friday,2,0,4,3.0,Berlin Ostbahnhof - Hengelo,rolling stock,beperkingen in de materieelinzet,1
58077,12,Friday,2,0,2,1.0,Breda - Rotterdam Centraal (HSL),rolling stock,defecte trein,0
58078,12,Friday,2,0,8,1.0,Dordrecht - Geldermalsen,external,hinder op het spoor,0
58080,14,Friday,2,0,4,1.0,Arnhem Centraal - Utrecht Centraal,unknown,technisch onderzoek,0
58081,14,Friday,2,0,2,2.0,Amsterdam Centraal - Schiphol Airport,rolling stock,defecte trein,0
58082,15,Friday,2,0,5,2.0,Amersfoort - Apeldoorn,rolling stock,defecte trein,1
58083,15,Friday,2,0,5,1.0,Amersfoort - Ede-Wageningen,rolling stock,defecte trein,1
58085,16,Friday,2,0,5,1.0,Emmen - Zwolle,accidents,aanrijding,0
58086,16,Friday,2,0,3,1.0,Leiden Centraal - Utrecht Centraal,rolling stock,defecte trein,0
58087,16,Friday,2,0,2,1.0,Leiden Centraal - Utrecht Centraal,infrastructure,seinstoring,1
58088,17,Friday,2,0,2,1.0,Hamm (Westf.) - Venlo,logistical,problemen op het spoor in het buitenland,1
58089,19,Friday,2,0,3,2.0,Antwerpen-Centraal - Breda (HSL),logistical,problemen op het spoor in het buitenland,0
58090,19,Friday,2,0,3,2.0,Breda - Dordrecht,logistical,problemen op het spoor in het buitenland,0
58091,20,Friday,2,0,2,1.0,Leiden Centraal - Utrecht Centraal,infrastructure,seinstoring,1
58092,21,Friday,2,0,5,1.0,Almelo - Deventer,external,rommel op het spoor,0
58093,8,Saturday,2,1,10,1.0,Heerlen - Maastricht,staff,problemen met de personeelsinzet,1
58094,9,Saturday,2,1,4,3.0,Berlin Ostbahnhof - Hengelo,rolling stock,beperkingen in de materieelinzet,1
58095,9,Saturday,2,1,8,1.0,Groningen - Zwolle,unknown,technisch onderzoek,1
58096,10,Saturday,2,1,5,1.0,Almelo - Zwolle,rolling stock,defecte trein,0
58098,11,Saturday,2,1,7,2.0,Amsterdam Centraal - Utrecht Centraal,rolling stock,defecte trein,0
58099,11,Saturday,2,1,3,1.0,'s-Hertogenbosch - Eindhoven,rolling stock,defecte trein,0
58100,11,Saturday,2,1,8,1.0,Amsterdam Centraal - Lelystad Centrum,rolling stock,defecte trein,1
58101,12,Saturday,2,1,3,2.0,Breda - Dordrecht,rolling stock,defecte trein,0
58102,12,Saturday,2,1,7,3.0,Arnhem Centraal - Basel SBB,logistical,problemen op het spoor in het buitenland,1
58103,13,Saturday,2,1,6,1.0,Haarlem - Uitgeest,external,inzet van hulpdiensten,0
58104,17,Saturday,2,1,2,2.0,Groningen - Bad Nieuweschans,infrastructure,defecte spoorbrug,1
58105,20,Saturday,2,1,3,1.0,'s-Hertogenbosch - Nijmegen,accidents,aanrijding,1
58106,23,Saturday,2,1,3,2.0,Amersfoort - Schiphol Airport,rolling stock,gestrande trein,0
58107,7,Sunday,2,1,2,1.0,Breda - Rotterdam Centraal (HSL),rolling stock,defecte trein,0
58108,7,Sunday,2,1,2,2.0,Liège-Guillemins - Maastricht,staff,problemen met de personeelsinzet,1
58109,8,Sunday,2,1,3,2.0,Den Haag Centraal - Utrecht Centraal,external,rommel op het spoor,0
58110,9,Sunday,2,1,4,1.0,Leiden Centraal - Schiphol Airport,accidents,aanrijding,1
58111,9,Sunday,2,1,6,1.0,Den Haag Centraal - Leiden Centraal,accidents,aanrijding,1
58112,10,Sunday,2,1,2,1.0,Breda - Rotterdam Centraal (HSL),rolling stock,defecte trein,0
58113,11,Sunday,2,1,3,1.0,Arnhem Centraal - Nijmegen,rolling stock,defecte trein,0
58114,11,Sunday,2,1,18,8.0,Amersfoort - Schiphol Airport,rolling stock,defecte trein,0
58115,12,Sunday,2,1,3,1.0,'s-Hertogenbosch - Eindhoven,accidents,aanrijding,1
58116,12,Sunday,2,1,6,1.0,'s-Hertogenbosch - Eindhoven,accidents,aanrijding,1
58117,13,Sunday,2,1,7,1.0,Alphen a/d Rijn - Gouda,external,inzet van hulpdiensten,0
58121,7,Monday,2,0,6,1.0,Alkmaar - Amsterdam Centraal,rolling stock,defecte trein,0
58122,8,Monday,2,0,5,2.0,Amsterdam Centraal - Schiphol Airport,rolling stock,defecte trein,0
58123,10,Monday,2,0,4,1.0,'s-Hertogenbosch - Nijmegen,rolling stock,defecte trein,0
58125,12,Monday,2,0,11,1.0,Roosendaal - Vlissingen,external,inzet van hulpdiensten,0
58126,15,Monday,2,0,2,1.0,Breda - Rotterdam Centraal (HSL),rolling stock,defecte trein,0
58127,17,Monday,2,0,3,1.0,Liège-Guillemins - Maastricht,rolling stock,defecte trein,0
58128,18,Monday,2,0,2,1.0,Groningen - Zwolle,external,rommel op het spoor,0
58129,18,Monday,2,0,2,1.0,Breda - Rotterdam Centraal (HSL),rolling stock,gestrande trein,0
58130,19,Monday,2,0,5,1.0,Leiden Centraal - Schiphol Airport,rolling stock,defecte trein,0
58131,19,Monday,2,0,3,1.0,Liège-Guillemins - Maastricht,rolling stock,defecte trein,1
58133,22,Monday,2,0,3,1.0,Breda - Roosendaal,rolling stock,defecte trein,1
58134,0,Tuesday,2,0,8,2.0,Groningen - Bad Nieuweschans,rolling stock,defecte trein,0
58135,6,Tuesday,2,0,2,2.0,Liège-Guillemins - Maastricht,rolling stock,defecte trein,1
58136,7,Tuesday,2,0,3,1.0,Arnhem Centraal - Winterswijk,rolling stock,defecte trein,0
58137,7,Tuesday,2,0,5,1.0,Emmen - Zwolle,infrastructure,wisselstoring,1
58138,7,Tuesday,2,0,5,1.0,Aachen Hbf - Heerlen,rolling stock,defecte trein,0
58139,7,Tuesday,2,0,2,2.0,Amersfoort - Amsterdam Centraal,rolling stock,defecte trein,0
58140,8,Tuesday,2,0,5,1.0,Schiphol Airport - Utrecht Centraal,rolling stock,defecte trein,0
58141,8,Tuesday,2,0,5,4.0,Arnhem Centraal - Basel SBB,rolling stock,defecte trein,0
58142,8,Tuesday,2,0,13,1.0,Lelystad Centrum - Schiphol Airport,rolling stock,defecte trein,0
58143,8,Tuesday,2,0,4,1.0,Den Haag HS - Rotterdam Centraal,accidents,aanrijding,0
58144,9,Tuesday,2,0,8,2.0,Bielefeld Hbf - Hengelo,staff,problemen met de personeelsinzet,1
58145,10,Tuesday,2,0,3,2.0,Den Haag Centraal - Utrecht Centraal,unknown,technisch onderzoek,1
58146,12,Tuesday,2,0,2,1.0,Antwerpen-Centraal - Roosendaal,rolling stock,defecte trein,0
58147,12,Tuesday,2,0,2,2.0,Groningen - Bad Nieuweschans,infrastructure,defecte spoorbrug,1
58148,12,Tuesday,2,0,6,1.0,Arnhem Centraal - Winterswijk,rolling stock,defecte trein,0
58149,14,Tuesday,2,0,2,1.0,Breda - Rotterdam Centraal (HSL),rolling stock,defecte trein,1
58150,14,Tuesday,2,0,15,3.0,Den Haag Centraal - Den Haag HS,rolling stock,defecte trein,1
58151,14,Tuesday,2,0,3,2.0,Breda - Dordrecht,rolling stock,defecte trein,1
58152,15,Tuesday,2,0,3,2.0,Den Haag Centraal - Utrecht Centraal,rolling stock,defecte trein,0
58153,15,Tuesday,2,0,13,1.0,Lelystad Centrum - Schiphol Airport,rolling stock,defecte trein,1
58154,15,Tuesday,2,0,3,1.0,Almere Oostvaarders - Utrecht Centraal,rolling stock,defecte trein,0
58155,16,Tuesday,2,0,2,1.0,Breda - Rotterdam Centraal (HSL),rolling stock,defecte trein,0
58156,18,Tuesday,2,0,4,3.0,Amsterdam Centraal - Schiphol Airport,rolling stock,defecte trein,0
58157,18,Tuesday,2,0,5,1.0,Schiphol Airport - Utrecht Centraal,rolling stock,defecte trein,0
58158,18,Tuesday,2,0,13,4.0,Den Haag Centraal - Den Haag HS,rolling stock,defecte trein,0
58159,20,Tuesday,2,0,2,1.0,Emmen - Zwolle,infrastructure,wisselstoring,1
58160,23,Tuesday,2,0,3,1.0,Breda - Roosendaal,infrastructure,seinstoring,1
58161,6,Wednesday,2,0,6,1.0,Arnhem Centraal - Zutphen,infrastructure,overwegstoring,1
58162,7,Wednesday,2,0,3,1.0,'s-Hertogenbosch - Eindhoven,external,dier op het spoor,0
58163,8,Wednesday,2,0,2,1.0,Amersfoort - Apeldoorn,external,rommel op het spoor,0
58164,9,Wednesday,2,0,9,1.0,Groningen - Leeuwarden,rolling stock,defecte trein,0
58165,10,Wednesday,2,0,10,1.0,Amersfoort - Zwolle,rolling stock,defecte trein,0
58166,10,Wednesday,2,0,18,8.0,Amersfoort - Schiphol Airport,rolling stock,defecte trein,0
58167,10,Wednesday,2,0,3,1.0,Arnhem Centraal - Nijmegen,rolling stock,defecte trein,0
58168,10,Wednesday,2,0,2,1.0,Leiden Centraal - Utrecht Centraal,infrastructure,defecte spoorbrug,1
58169,11,Wednesday,2,0,2,1.0,Alkmaar - Den Helder,accidents,aanrijding,1
58170,11,Wednesday,2,0,8,1.0,Amsterdam Centraal - Lelystad Centrum,rolling stock,defecte trein,1
58171,12,Wednesday,2,0,4,1.0,Groningen - Zwolle,unknown,technisch onderzoek,0
58172,12,Wednesday,2,0,2,1.0,Dordrecht - Rotterdam Centraal,infrastructure,seinstoring,1
58174,13,Wednesday,2,0,2,1.0,Nijmegen - Venlo,accidents,aanrijding,1
58176,17,Wednesday,2,0,7,1.0,Nijmegen - Venlo,logistical,eerdere verstoring,0
58177,17,Wednesday,2,0,2,1.0,'s-Hertogenbosch - Tilburg,rolling stock,defecte trein,1
58178,18,Wednesday,2,0,2,1.0,Breda - Rotterdam Centraal (HSL),rolling stock,gestrande trein,0
58179,21,Wednesday,2,0,2,1.0,Emmen - Zwolle,infrastructure,wisselstoring,1
58180,22,Wednesday,2,0,18,8.0,Amersfoort - Schiphol Airport,rolling stock,defecte trein,0
58183,7,Thursday,2,0,2,1.0,Hamm (Westf.) - Venlo,logistical,problemen op het spoor in het buitenland,1
58185,9,Thursday,2,0,2,1.0,Alphen a/d Rijn - Gouda,external,dier op het spoor,1
58187,10,Thursday,2,0,4,1.0,Aachen Hbf - Heerlen,rolling stock,defecte trein,0
58188,10,Thursday,2,0,10,1.0,'s-Hertogenbosch - Nijmegen,infrastructure,defecte bovenleiding,1
58189,12,Thursday,2,0,3,3.0,Arnhem Centraal - Basel SBB,rolling stock,defecte trein,0
58191,12,Thursday,2,0,3,1.0,'s-Hertogenbosch - Utrecht Centraal,infrastructure,defecte bovenleiding,0
58193,16,Thursday,2,0,4,2.0,'s-Hertogenbosch - Eindhoven,accidents,aanrijding,0
58194,18,Thursday,2,0,2,2.0,Den Haag Centraal - Utrecht Centraal,infrastructure,defect spoor,1
58195,18,Thursday,2,0,2,1.0,Amsterdam Centraal - Woerden,infrastructure,defect spoor,1
58196,19,Thursday,2,0,2,1.0,Eindhoven - Venlo,rolling stock,defecte trein,0
58197,19,Thursday,2,0,13,1.0,Lelystad Centrum - Schiphol Airport,rolling stock,defecte trein,0
58199,19,Thursday,2,0,5,1.0,Leiden Centraal - Schiphol Airport,rolling stock,defecte trein,0
58200,19,Thursday,2,0,2,1.0,Rotterdam Centraal - Schiphol Airport (HSL),rolling stock,defecte trein,0
58201,21,Thursday,2,0,5,4.0,Arnhem Centraal - Basel SBB,rolling stock,defecte trein,0
58202,21,Thursday,2,0,5,1.0,Dordrecht - Geldermalsen,external,inzet van hulpdiensten,0
58203,21,Thursday,2,0,5,1.0,Breda - Tilburg,rolling stock,defecte trein,0
58204,4,Friday,2,0,5,2.0,Amersfoort - Apeldoorn,rolling stock,defecte trein,1
58205,5,Friday,2,0,10,1.0,Heerlen - Maastricht,staff,problemen met de personeelsinzet,1
58208,6,Friday,2,0,3,1.0,Leiden Centraal - Utrecht Centraal,infrastructure,stroomstoring,1
58209,6,Friday,2,0,6,1.0,Den Haag Centraal - Leiden Centraal,rolling stock,defecte trein,0
58210,6,Friday,2,0,5,1.0,Arnhem Centraal - Nijmegen,infrastructure,wisselstoring,1
58211,6,Friday,2,0,4,1.0,Haarlem - Leiden Centraal,rolling stock,defecte trein,0
58213,6,Friday,2,0,2,1.0,Breda - Rotterdam Centraal (HSL),infrastructure,wisselstoring,0
58214,7,Friday,2,0,8,1.0,Dordrecht - Rotterdam Centraal,infrastructure,wisselstoring,1
58215,7,Friday,2,0,5,1.0,Schiphol Airport - Utrecht Centraal,infrastructure,wisselstoring,1
58216,7,Friday,2,0,4,2.0,Amsterdam Centraal - Utrecht Centraal,infrastructure,wisselstoring,1
58217,7,Friday,2,0,5,1.0,Leiden Centraal - Schiphol Airport,infrastructure,wisselstoring,1
58218,7,Friday,2,0,6,1.0,Den Haag Centraal - Leiden Centraal,infrastructure,wisselstoring,0
58219,8,Friday,2,0,3,1.0,Leiden Centraal - Utrecht Centraal,infrastructure,wisselstoring,1
58220,8,Friday,2,0,2,1.0,Breda - Rotterdam Centraal (HSL),infrastructure,wisselstoring,0
58222,9,Friday,2,0,5,3.0,Den Haag Centraal - Utrecht Centraal,rolling stock,defecte trein,1
58223,9,Friday,2,0,5,1.0,Schiphol Airport - Utrecht Centraal,rolling stock,defecte trein,0
58224,9,Friday,2,0,2,1.0,Breda - Rotterdam Centraal (HSL),rolling stock,defecte trein,0
58225,10,Friday,2,0,15,3.0,Den Haag Centraal - Den Haag HS,rolling stock,defecte trein,0
58226,10,Friday,2,0,3,2.0,Breda - Dordrecht,rolling stock,defecte trein,0
58227,10,Friday,2,0,2,1.0,Rotterdam Centraal - Schiphol Airport (HSL),rolling stock,defecte trein,0
58229,11,Friday,2,0,3,1.0,Dordrecht - Geldermalsen,infrastructure,defecte spoorbrug,1
58230,12,Friday,2,0,4,1.0,Heerlen - Kerkrade Centrum,infrastructure,wisselstoring,1
58233,14,Friday,2,0,2,1.0,Eindhoven - Tilburg,rolling stock,defecte trein,0
58234,15,Friday,2,0,7,1.0,Alphen a/d Rijn - Gouda,rolling stock,defecte trein,0
58235,15,Friday,2,0,2,1.0,Breda - Tilburg,rolling stock,defecte trein,0
58236,18,Friday,2,0,18,8.0,Amersfoort - Schiphol Airport,rolling stock,gestrande trein,0
58237,18,Friday,2,0,15,3.0,Den Haag Centraal - Den Haag HS,rolling stock,gestrande trein,0
58238,19,Friday,2,0,4,1.0,Lelystad Centrum - Zwolle,rolling stock,defecte trein,0
58239,21,Friday,2,0,3,1.0,Groningen - Zwolle,external,rommel op het spoor,0
58240,6,Saturday,2,1,2,1.0,Antwerpen-Centraal - Roosendaal,accidents,aanrijding,1
58241,7,Saturday,2,1,5,1.0,Dordrecht - Rotterdam Centraal,infrastructure,storing in een tunnel,1
58242,7,Saturday,2,1,2,1.0,Breda - Rotterdam Centraal (HSL),infrastructure,storing in een tunnel,0
58243,7,Saturday,2,1,2,1.0,Rotterdam Centraal - Schiphol Airport (HSL),rolling stock,gestrande trein,0
58245,13,Saturday,2,1,2,1.0,Deventer - Zwolle,infrastructure,seinstoring,1
58246,15,Saturday,2,1,2,1.0,Roermond - Venlo,infrastructure,defecte bovenleiding,0
58247,15,Saturday,2,1,2,1.0,Deventer - Zwolle,infrastructure,seinstoring,1
58248,15,Saturday,2,1,2,1.0,Hamm (Westf.) - Venlo,infrastructure,defecte bovenleiding,1
58249,16,Saturday,2,1,2,2.0,Eindhoven - Venlo,rolling stock,beperkingen in de materieelinzet,1
58251,19,Saturday,2,1,2,1.0,Breda - Tilburg,rolling stock,defecte trein,0
58252,19,Saturday,2,1,2,1.0,'s-Hertogenbosch - Tilburg,accidents,aanrijding,1
58253,23,Saturday,2,1,2,1.0,Enkhuizen - Hoorn,accidents,aanrijding,1
58254,5,Sunday,2,1,10,1.0,Heerlen - Maastricht,rolling stock,beperkingen in de materieelinzet,1
58255,5,Sunday,2,1,2,1.0,Hamm (Westf.) - Venlo,infrastructure,defecte bovenleiding,1
58256,6,Sunday,2,1,2,1.0,Rotterdam Centraal - Schiphol Airport (HSL),infrastructure,defecte bovenleiding,1
58257,7,Sunday,2,1,3,1.0,Breda - Roosendaal,rolling stock,defecte trein,0
58259,8,Sunday,2,1,2,1.0,Deventer - Zutphen,infrastructure,wisselstoring,1
58261,11,Sunday,2,1,2,1.0,Rotterdam Centraal - Schiphol Airport (HSL),rolling stock,gestrande trein,0
58262,12,Sunday,2,1,3,1.0,Almelo - Deventer,infrastructure,sein- en wisselstoring,1
58263,12,Sunday,2,1,4,1.0,Almelo - Mariënberg,infrastructure,seinstoring,1
58264,15,Sunday,2,1,4,2.0,Amsterdam Centraal - Lelystad Centrum,rolling stock,defecte trein,0
58265,16,Sunday,2,1,3,3.0,Arnhem Centraal - Basel SBB,logistical,problemen op het spoor in het buitenland,0
58266,17,Sunday,2,1,5,2.0,Amsterdam Centraal - Schiphol Airport,rolling stock,defecte trein,0
58267,18,Sunday,2,1,6,1.0,'s-Hertogenbosch - Nijmegen,external,persoon op het spoor,0
58268,19,Sunday,2,1,10,1.0,Amsterdam Centraal - Lelystad Centrum,external,inzet van hulpdiensten,0
58271,22,Sunday,2,1,2,1.0,Leiden Centraal - Utrecht Centraal,infrastructure,wisselstoring,1
58273,6,Monday,2,0,11,1.0,Amsterdam Centraal - Lelystad Centrum,infrastructure,wisselstoring,1
58274,6,Monday,2,0,2,1.0,Emmen - Zwolle,rolling stock,defecte trein,0
58277,7,Monday,2,0,8,1.0,Dordrecht - Rotterdam Centraal,infrastructure,wisselstoring,1
58278,9,Monday,2,0,5,1.0,Amersfoort - Utrecht Centraal,infrastructure,seinstoring,1
58279,10,Monday,2,0,7,1.0,Heerlen - Sittard,unknown,technisch onderzoek,0
58280,10,Monday,2,0,5,1.0,Maastricht - Sittard,unknown,technisch onderzoek,0
58281,10,Monday,2,0,3,3.0,Berlin Ostbahnhof - Hengelo,accidents,aanrijding,1
58282,11,Monday,2,0,5,3.0,Almere Oostvaarders - Utrecht Centraal,rolling stock,defecte trein,0
58283,11,Monday,2,0,4,1.0,Aachen Hbf - Heerlen,infrastructure,systeemstoring,1
58284,12,Monday,2,0,4,1.0,Almelo - Mariënberg,infrastructure,seinstoring,1
58285,14,Monday,2,0,4,3.0,Berlin Ostbahnhof - Hengelo,rolling stock,defecte trein,1
58286,16,Monday,2,0,18,8.0,Amersfoort - Schiphol Airport,rolling stock,defecte trein,1
58287,16,Monday,2,0,6,1.0,Lelystad Centrum - Schiphol Airport,rolling stock,defecte trein,1
58288,18,Monday,2,0,2,1.0,Hamm (Westf.) - Venlo,staff,problemen met de personeelsinzet,1
58289,18,Monday,2,0,2,1.0,Amersfoort - Utrecht Centraal,accidents,aanrijding,1
58290,18,Monday,2,0,2,1.0,Amersfoort - Zwolle,accidents,aanrijding,1
58291,18,Monday,2,0,5,2.0,Amersfoort - Amsterdam Centraal,infrastructure,wisselstoring,0
58292,20,Monday,2,0,5,3.0,Berlin Ostbahnhof - Hengelo,logistical,problemen op het spoor in het buitenland,1
58293,21,Monday,2,0,8,1.0,Dordrecht - Geldermalsen,rolling stock,defecte trein,0
58294,4,Tuesday,2,0,6,1.0,Aachen Hbf - Heerlen,staff,problemen met de personeelsinzet,1
58295,5,Tuesday,2,0,3,1.0,Alkmaar - Amsterdam Centraal,infrastructure,overwegstoring,0
58296,5,Tuesday,2,0,3,1.0,Alkmaar - Amsterdam Centraal,infrastructure,seinstoring,1
58297,6,Tuesday,2,0,5,1.0,Nijmegen - Venlo,rolling stock,defecte trein,0
58298,6,Tuesday,2,0,5,1.0,Leiden Centraal - Utrecht Centraal,infrastructure,wisselstoring,1
58301,6,Tuesday,2,0,2,1.0,Roermond - Venlo,infrastructure,overwegstoring,1
58302,6,Tuesday,2,0,10,1.0,Arnhem Centraal - Utrecht Centraal,infrastructure,wisselstoring,1
58304,6,Tuesday,2,0,8,2.0,Amsterdam Centraal - Utrecht Centraal,infrastructure,seinstoring,0
58305,7,Tuesday,2,0,5,1.0,Maastricht - Sittard,infrastructure,seinstoring,1
58306,7,Tuesday,2,0,2,1.0,Breda - Rotterdam Centraal (HSL),external,rommel op het spoor,0
58307,7,Tuesday,2,0,2,1.0,Rotterdam Centraal - Schiphol Airport (HSL),external,rommel op het spoor,0
58308,7,Tuesday,2,0,13,1.0,Lelystad Centrum - Schiphol Airport,external,rommel op het spoor,0
58309,7,Tuesday,2,0,15,3.0,Den Haag Centraal - Den Haag HS,external,rommel op het spoor,0
58310,7,Tuesday,2,0,3,2.0,Breda - Dordrecht,external,rommel op het spoor,0
58311,7,Tuesday,2,0,5,1.0,Nijmegen - Venlo,rolling stock,defecte trein,0
58312,7,Tuesday,2,0,11,1.0,Amersfoort - Zwolle,infrastructure,wisselstoring,1
58313,8,Tuesday,2,0,2,1.0,Roermond - Venlo,infrastructure,overwegstoring,1
58315,9,Tuesday,2,0,2,1.0,'s-Hertogenbosch - Tilburg,infrastructure,wisselstoring,1
58316,10,Tuesday,2,0,5,1.0,Arnhem Centraal - Nijmegen,infrastructure,seinstoring,0
58317,10,Tuesday,2,0,3,2.0,Arnhem Centraal - Nijmegen,infrastructure,seinstoring,0
58318,10,Tuesday,2,0,4,1.0,'s-Hertogenbosch - Nijmegen,infrastructure,seinstoring,0
58319,11,Tuesday,2,0,7,1.0,Nijmegen - Venlo,rolling stock,beperkingen in de materieelinzet,1
58321,14,Tuesday,2,0,4,1.0,Arnhem Centraal - Winterswijk,infrastructure,stroomstoring,1
58322,14,Tuesday,2,0,4,1.0,Amsterdam Centraal - Schiphol Airport,infrastructure,wisselstoring,0
58323,15,Tuesday,2,0,4,1.0,Rhenen - Utrecht Centraal,unknown,technisch onderzoek,0
58324,15,Tuesday,2,0,10,1.0,Arnhem Centraal - Utrecht Centraal,unknown,technisch onderzoek,0
58326,17,Tuesday,2,0,5,1.0,Haarlem - Leiden Centraal,infrastructure,sein-en overwegstoring,0
58327,18,Tuesday,2,0,2,2.0,Groningen - Zwolle,unknown,technisch onderzoek,0
58328,19,Tuesday,2,0,9,1.0,Groningen - Leeuwarden,infrastructure,wisselstoring,1
58329,19,Tuesday,2,0,6,1.0,Haarlem - Uitgeest,rolling stock,defecte trein,1
58330,20,Tuesday,2,0,2,1.0,Antwerpen-Centraal - Roosendaal,rolling stock,defecte trein,1
58331,20,Tuesday,2,0,5,2.0,Amersfoort - Amsterdam Centraal,external,persoon op het spoor,0
58332,20,Tuesday,2,0,7,1.0,Heerlen - Sittard,rolling stock,gestrande trein,0
58333,22,Tuesday,2,0,7,3.0,Arnhem Centraal - Basel SBB,infrastructure,wisselstoring,1
58335,22,Tuesday,2,0,4,1.0,Groningen - Zwolle,rolling stock,defecte trein,0
58336,1,Wednesday,2,0,6,1.0,Aachen Hbf - Heerlen,staff,problemen met de personeelsinzet,1
58337,6,Wednesday,2,0,4,2.0,Arnhem Centraal - Utrecht Centraal,infrastructure,wisselstoring,1
58338,6,Wednesday,2,0,7,2.0,Amsterdam Centraal - Utrecht Centraal,infrastructure,wisselstoring,1
58339,7,Wednesday,2,0,8,1.0,Dordrecht - Geldermalsen,rolling stock,defecte trein,0
58340,9,Wednesday,2,0,2,1.0,Arnhem Centraal - Utrecht Centraal,infrastructure,overwegstoring,1
58341,11,Wednesday,2,0,9,2.0,Eindhoven - Roermond,rolling stock,defecte trein,0
58342,11,Wednesday,2,0,18,8.0,Amersfoort - Schiphol Airport,rolling stock,defecte trein,0
58344,11,Wednesday,2,0,15,3.0,Den Haag Centraal - Den Haag HS,rolling stock,defecte trein,0
58345,11,Wednesday,2,0,7,2.0,Amsterdam Centraal - Utrecht Centraal,infrastructure,wisselstoring,1
58346,12,Wednesday,2,0,7,1.0,Heerlen - Sittard,infrastructure,defect spoor,1
58347,13,Wednesday,2,0,4,2.0,Arnhem Centraal - Utrecht Centraal,infrastructure,wisselstoring,1
58348,14,Wednesday,2,0,6,4.0,Amersfoort - Schiphol Airport,rolling stock,defecte trein,0
58349,14,Wednesday,2,0,5,1.0,Haarlem - Leiden Centraal,rolling stock,defecte trein,0
58350,16,Wednesday,2,0,4,1.0,Haarlem - Leiden Centraal,accidents,beschadigde spoorbrug,1
58351,16,Wednesday,2,0,2,1.0,Breda - Rotterdam Centraal (HSL),rolling stock,defecte trein,0
58352,18,Wednesday,2,0,4,1.0,Dordrecht - Roosendaal,infrastructure,overwegstoring,1
58354,18,Wednesday,2,0,10,1.0,Amersfoort - Zwolle,infrastructure,seinstoring,0
58355,19,Wednesday,2,0,4,1.0,Apeldoorn - Deventer,accidents,aanrijding,1
58356,20,Wednesday,2,0,6,1.0,Eindhoven - Venlo,rolling stock,defecte trein,1
58357,20,Wednesday,2,0,2,4.0,'s-Hertogenbosch - Utrecht Centraal,rolling stock,defecte trein,0
58358,20,Wednesday,2,0,2,1.0,Rotterdam Centraal - Schiphol Airport (HSL),rolling stock,defecte trein,0
58359,23,Wednesday,2,0,6,1.0,Eindhoven - Venlo,rolling stock,defecte trein,0
58360,0,Thursday,2,0,3,1.0,Baarn - Utrecht Centraal,external,rommel op het spoor,0
58361,5,Thursday,2,0,2,1.0,Eindhoven - Venlo,engineering work,uitloop van werkzaamheden,1
58362,5,Thursday,2,0,4,1.0,Den Haag HS - Rotterdam Centraal,infrastructure,seinstoring,1
58363,7,Thursday,2,0,6,1.0,Eindhoven - Venlo,rolling stock,defecte trein,0
58364,8,Thursday,2,0,5,1.0,Haarlem - Leiden Centraal,engineering work,werkzaamheden elders,0
58367,9,Thursday,2,0,4,1.0,Amersfoort - Ede-Wageningen,rolling stock,defecte trein,0
58369,10,Thursday,2,0,3,1.0,Amersfoort - Zwolle,infrastructure,seinstoring,1
58370,10,Thursday,2,0,5,1.0,Amsterdam Centraal - Haarlem,accidents,beschadigde spoorbrug,0
58371,10,Thursday,2,0,6,1.0,Eindhoven - Venlo,rolling stock,defecte trein,1
58372,11,Thursday,2,0,5,3.0,Almere Oostvaarders - Utrecht Centraal,rolling stock,defecte trein,0
58373,11,Thursday,2,0,5,1.0,Arnhem Centraal - Nijmegen,rolling stock,defecte trein,0
58374,12,Thursday,2,0,4,1.0,Roermond - Sittard,rolling stock,defecte trein,1
58376,12,Thursday,2,0,2,1.0,Breda - Rotterdam Centraal (HSL),rolling stock,defecte trein,0
58377,12,Thursday,2,0,13,1.0,Lelystad Centrum - Schiphol Airport,rolling stock,defecte trein,0
58378,12,Thursday,2,0,2,1.0,Rotterdam Centraal - Schiphol Airport (HSL),rolling stock,defecte trein,0
58379,12,Thursday,2,0,3,2.0,Breda - Dordrecht,rolling stock,defecte trein,1
58380,12,Thursday,2,0,5,1.0,Haarlem - Leiden Centraal,external,dier op het spoor,1
58381,12,Thursday,2,0,8,2.0,Den Haag Centraal - Den Haag HS,external,dier op het spoor,1
58382,12,Thursday,2,0,4,1.0,Leiden Centraal - Schiphol Airport,external,dier op het spoor,1
58383,13,Thursday,2,0,7,2.0,Den Haag Centraal - Utrecht Centraal,unknown,technisch onderzoek,0
58384,14,Thursday,2,0,8,2.0,Bielefeld Hbf - Hengelo,rolling stock,beperkingen in de materieelinzet,1
58385,14,Thursday,2,0,8,1.0,Arnhem Centraal - Tiel,infrastructure,overwegstoring,1
58386,14,Thursday,2,0,7,2.0,Den Haag Centraal - Utrecht Centraal,infrastructure,defect spoor,0
58387,15,Thursday,2,0,2,1.0,Rhenen - Utrecht Centraal,rolling stock,defecte trein,0
58388,16,Thursday,2,0,2,1.0,Den Haag Centraal - Den Haag HS,rolling stock,defecte trein,1
58389,17,Thursday,2,0,2,1.0,Leiden Centraal - Schiphol Airport,rolling stock,defecte trein,0
58390,21,Thursday,2,0,3,2.0,Amersfoort - Schiphol Airport,rolling stock,defecte trein,0
58391,21,Thursday,2,0,6,1.0,Lelystad Centrum - Schiphol Airport,rolling stock,defecte trein,1
58392,21,Thursday,2,0,4,1.0,Roosendaal - Vlissingen,external,persoon op het spoor,0
58393,6,Friday,2,0,8,2.0,Bielefeld Hbf - Hengelo,logistical,problemen op het spoor in het buitenland,1
58394,6,Friday,2,0,2,1.0,Rotterdam Centraal - Schiphol Airport (HSL),rolling stock,defecte trein,0
58395,6,Friday,2,0,4,2.0,'s-Hertogenbosch - Eindhoven,rolling stock,defecte trein,0
58396,6,Friday,2,0,2,1.0,Deventer - Zwolle,infrastructure,seinstoring,1
58397,7,Friday,2,0,18,8.0,Amersfoort - Schiphol Airport,rolling stock,defecte trein,0
58398,7,Friday,2,0,2,1.0,Rotterdam Centraal - Schiphol Airport (HSL),rolling stock,gestrande trein,0
58399,7,Friday,2,0,4,2.0,Breda - Tilburg,infrastructure,defecte bovenleiding,1
58400,7,Friday,2,0,4,1.0,Roosendaal - Vlissingen,unknown,technisch onderzoek,1
58402,8,Friday,2,0,5,1.0,Breda - Tilburg,infrastructure,defecte bovenleiding,1
58403,10,Friday,2,0,18,8.0,Amersfoort - Schiphol Airport,rolling stock,gestrande trein,0
58404,10,Friday,2,0,15,3.0,Den Haag Centraal - Den Haag HS,rolling stock,gestrande trein,0
58405,11,Friday,2,0,6,1.0,Eindhoven - Venlo,rolling stock,defecte trein,1
58406,11,Friday,2,0,3,2.0,Amersfoort - Utrecht Centraal,unknown,technisch onderzoek,0
58407,12,Friday,2,0,2,2.0,Liège-Guillemins - Maastricht,rolling stock,defecte trein,0
58408,14,Friday,2,0,4,2.0,'s-Hertogenbosch - Utrecht Centraal,rolling stock,defecte trein,0
58409,14,Friday,2,0,4,1.0,Leiden Centraal - Schiphol Airport,external,persoon op het spoor,1
58410,14,Friday,2,0,5,3.0,Den Haag Centraal - Utrecht Centraal,rolling stock,defecte trein,0
58412,15,Friday,2,0,8,1.0,Almere Oostvaarders - Utrecht Centraal,external,inzet van hulpdiensten,0
58415,15,Friday,2,0,10,1.0,Amsterdam Centraal - Lelystad Centrum,rolling stock,gestrande trein,1
58416,15,Friday,2,0,2,1.0,Roermond - Venlo,rolling stock,defecte trein,0
58418,19,Friday,2,0,2,1.0,Roermond - Venlo,rolling stock,defecte trein,0
58419,19,Friday,2,0,4,1.0,Apeldoorn - Deventer,external,persoon langs het spoor,0
58420,21,Friday,2,0,6,1.0,'s-Hertogenbosch - Eindhoven,infrastructure,defecte bovenleiding,1
58421,21,Friday,2,0,4,1.0,Eindhoven - Venlo,accidents,aanrijding,1
58423,7,Saturday,2,1,3,1.0,Groningen - Zwolle,unknown,technisch onderzoek,1
58424,7,Saturday,2,1,9,1.0,Groningen - Leeuwarden,infrastructure,seinstoring,1
58425,9,Saturday,2,1,7,3.0,Den Haag Centraal - Den Haag HS,external,inzet van hulpdiensten,0
58427,12,Saturday,2,1,5,1.0,Amsterdam Centraal - Haarlem,unknown,technisch onderzoek,0
58428,12,Saturday,2,1,2,1.0,Breda - Rotterdam Centraal (HSL),rolling stock,gestrande trein,1
58429,12,Saturday,2,1,3,2.0,Breda - Dordrecht,rolling stock,gestrande trein,0
58431,14,Saturday,2,1,5,1.0,Haarlem - Leiden Centraal,rolling stock,defecte trein,0
58432,14,Saturday,2,1,2,1.0,Breda - Rotterdam Centraal (HSL),rolling stock,defecte trein,0
58433,16,Saturday,2,1,4,1.0,Arnhem Centraal - Utrecht Centraal,rolling stock,defecte trein,1
58434,16,Saturday,2,1,3,3.0,Den Haag Centraal - Den Haag HS,rolling stock,defecte trein,0
58435,21,Saturday,2,1,7,1.0,Heerlen - Sittard,staff,problemen met de personeelsinzet,1
58436,10,Sunday,2,1,18,8.0,Amersfoort - Schiphol Airport,rolling stock,defecte trein,1
58437,14,Sunday,2,1,2,1.0,Groningen - Zwolle,unknown,technisch onderzoek,0
58438,14,Sunday,2,1,18,8.0,Amersfoort - Schiphol Airport,rolling stock,defecte trein,0
58439,15,Sunday,2,1,4,1.0,Groningen - Zwolle,infrastructure,sein-en overwegstoring,1
58440,17,Sunday,2,1,2,1.0,Roermond - Venlo,rolling stock,defecte trein,1
58441,18,Sunday,2,1,2,1.0,Rotterdam Centraal - Schiphol Airport (HSL),infrastructure,defecte bovenleiding,1
58442,18,Sunday,2,1,3,2.0,Amsterdam Centraal - Utrecht Centraal,infrastructure,wisselstoring,1
58443,18,Sunday,2,1,2,1.0,Breda - Rotterdam Centraal (HSL),infrastructure,defecte bovenleiding,0
58444,22,Sunday,2,1,6,1.0,Alphen a/d Rijn - Gouda,rolling stock,defecte trein,0
58445,0,Monday,2,0,8,1.0,Leeuwarden - Zwolle,external,inzet van hulpdiensten,0
58446,6,Monday,2,0,4,3.0,Berlin Ostbahnhof - Hengelo,rolling stock,beperkingen in de materieelinzet,1
58447,10,Monday,2,0,6,1.0,Arnhem Centraal - Zutphen,rolling stock,defecte trein,0
58448,11,Monday,2,0,2,1.0,Breda - Rotterdam Centraal (HSL),rolling stock,defecte trein,0
58449,12,Monday,2,0,5,1.0,Breda - Tilburg,unknown,technisch onderzoek,0
58450,13,Monday,2,0,3,1.0,Winterswijk - Zutphen,infrastructure,sein- en wisselstoring,1
58451,14,Monday,2,0,4,1.0,Breda - Tilburg,infrastructure,wisselstoring,1
58455,16,Monday,2,0,8,2.0,Bielefeld Hbf - Hengelo,rolling stock,beperkingen in de materieelinzet,1
58456,19,Monday,2,0,7,2.0,Den Haag Centraal - Utrecht Centraal,rolling stock,defecte trein,0
58457,20,Monday,2,0,5,2.0,Den Haag Centraal - Leiden Centraal,external,inzet van de politie,0
58458,23,Monday,2,0,4,1.0,Harlingen Haven - Leeuwarden,infrastructure,seinstoring,0
58459,5,Tuesday,2,0,7,1.0,Amsterdam Centraal - Lelystad Centrum,infrastructure,wisselstoring,0
58460,7,Tuesday,2,0,11,1.0,Roosendaal - Vlissingen,rolling stock,defecte trein,1
58461,8,Tuesday,2,0,2,1.0,Eindhoven - Venlo,rolling stock,defecte trein,0
58463,10,Tuesday,2,0,4,1.0,Eindhoven - Venlo,unknown,technisch onderzoek,0
58464,10,Tuesday,2,0,8,1.0,Amsterdam Centraal - Lelystad Centrum,infrastructure,wisselstoring,1
58465,12,Tuesday,2,0,2,1.0,Breda - Rotterdam Centraal (HSL),rolling stock,defecte trein,0
58468,15,Tuesday,2,0,5,1.0,Maastricht - Sittard,external,rommel op het spoor,0
58470,16,Tuesday,2,0,2,1.0,'s-Hertogenbosch - Eindhoven,infrastructure,overwegstoring,0
58471,17,Tuesday,2,0,2,1.0,'s-Hertogenbosch - Tilburg,rolling stock,defecte trein,1
58472,18,Tuesday,2,0,3,1.0,Groningen - Zwolle,external,persoon op het spoor,0
58473,21,Tuesday,2,0,3,1.0,Eindhoven - Tilburg,rolling stock,defecte trein,0
58474,22,Tuesday,2,0,6,1.0,Arnhem Centraal - Tiel,external,inzet van de politie,0
58475,22,Tuesday,2,0,3,2.0,Breda - Dordrecht,rolling stock,defecte trein,0
58476,22,Tuesday,2,0,6,1.0,Groningen - Leeuwarden,external,inzet van hulpdiensten,1
58477,0,Wednesday,2,0,8,1.0,Arnhem Centraal - Zutphen,rolling stock,defecte trein,0
58479,8,Wednesday,2,0,4,2.0,'s-Hertogenbosch - Eindhoven,unknown,technisch onderzoek,1
58480,11,Wednesday,2,0,4,3.0,Almere Oostvaarders - Utrecht Centraal,rolling stock,defecte trein,0
58481,11,Wednesday,2,0,5,1.0,Arnhem Centraal - Nijmegen,infrastructure,defect spoor,1
58482,11,Wednesday,2,0,4,1.0,'s-Hertogenbosch - Nijmegen,infrastructure,defect spoor,0
58483,12,Wednesday,2,0,2,1.0,Dordrecht - Roosendaal,external,persoon op het spoor,0
58484,14,Wednesday,2,0,5,3.0,Almere Oostvaarders - Utrecht Centraal,external,brandmelding,0
58485,16,Wednesday,2,0,2,1.0,Leiden Centraal - Utrecht Centraal,unknown,technisch onderzoek,0
58486,17,Wednesday,2,0,4,2.0,Arnhem Centraal - Utrecht Centraal,infrastructure,wisselstoring,1
58487,17,Wednesday,2,0,3,2.0,Amsterdam Centraal - Utrecht Centraal,infrastructure,wisselstoring,1
58489,18,Wednesday,2,0,3,1.0,Lelystad Centrum - Zwolle,unknown,technisch onderzoek,1
58490,19,Wednesday,2,0,2,1.0,Amersfoort - Zwolle,rolling stock,defecte trein,0
58491,19,Wednesday,2,0,2,1.0,Amersfoort - Zwolle,rolling stock,defecte trein,1
58492,19,Wednesday,2,0,11,1.0,Roosendaal - Vlissingen,external,inzet van hulpdiensten,0
58493,20,Wednesday,2,0,2,3.0,Amersfoort - Schiphol Airport,rolling stock,defecte trein,0
58494,22,Wednesday,2,0,3,1.0,Den Haag Centraal - Utrecht Centraal,accidents,aanrijding,1
58495,4,Thursday,2,0,8,1.0,Dordrecht - Rotterdam Centraal,engineering work,uitloop van werkzaamheden,1
58496,6,Thursday,2,0,2,1.0,Emmen - Zwolle,infrastructure,seinstoring,1
58497,7,Thursday,2,0,4,1.0,Apeldoorn - Deventer,rolling stock,defecte trein,1
58498,8,Thursday,2,0,18,8.0,Amersfoort - Schiphol Airport,rolling stock,gestrande trein,0
58499,9,Thursday,2,0,3,1.0,Eindhoven - Venlo,rolling stock,defecte trein,1
58500,9,Thursday,2,0,4,2.0,'s-Hertogenbosch - Eindhoven,rolling stock,defecte trein,0
58501,9,Thursday,2,0,5,1.0,Amsterdam Centraal - Haarlem,rolling stock,defecte trein,0
58502,10,Thursday,2,0,3,1.0,Enschede - Hengelo,engineering work,herstelwerkzaamheden,0
58503,11,Thursday,2,0,3,1.0,Leeuwarden - Zwolle,rolling stock,defecte trein,0
58504,11,Thursday,2,0,2,1.0,Breda - Rotterdam Centraal (HSL),rolling stock,gestrande trein,0
58505,12,Thursday,2,0,3,2.0,'s-Hertogenbosch - Utrecht Centraal,unknown,technisch onderzoek,1
58506,12,Thursday,2,0,4,1.0,Leiden Centraal - Schiphol Airport,rolling stock,defecte trein,0
58507,14,Thursday,2,0,5,1.0,Leiden Centraal - Utrecht Centraal,infrastructure,defect spoor,1
58509,17,Thursday,2,0,4,3.0,Almere Oostvaarders - Utrecht Centraal,external,inzet van hulpdiensten,0
58510,18,Thursday,2,0,5,1.0,Amsterdam Centraal - Haarlem,external,inzet van hulpdiensten,0
58512,20,Thursday,2,0,3,1.0,Groningen - Zwolle,external,persoon op het spoor,1
58513,20,Thursday,2,0,8,1.0,Amsterdam Centraal - Lelystad Centrum,rolling stock,gestrande trein,0
58514,1,Friday,2,0,5,1.0,Leiden Centraal - Schiphol Airport,engineering work,herstelwerkzaamheden,1
58515,6,Friday,2,0,6,1.0,Aachen Hbf - Heerlen,staff,problemen met de personeelsinzet,1
58517,7,Friday,2,0,12,1.0,Antwerpen-Centraal - Roosendaal,rolling stock,defecte trein,0
58518,8,Friday,2,0,6,1.0,Rotterdam Centraal - Utrecht Centraal,rolling stock,defecte trein,1
58519,8,Friday,2,0,2,1.0,Antwerpen-Centraal - Roosendaal,staff,acties in het buitenland,1
58520,9,Friday,2,0,2,1.0,Emmen - Zwolle,infrastructure,wisselstoring,1
58521,11,Friday,2,0,2,1.0,Eindhoven - Roermond,rolling stock,defecte trein,0
58522,11,Friday,2,0,2,1.0,Emmen - Zwolle,infrastructure,wisselstoring,1
58523,12,Friday,2,0,2,1.0,Nijmegen - Venlo,accidents,aanrijding,1
58524,14,Friday,2,0,3,1.0,'s-Hertogenbosch - Nijmegen,rolling stock,defecte trein,1
58526,14,Friday,2,0,4,1.0,Den Haag HS - Rotterdam Centraal,rolling stock,defecte trein,0
58527,15,Friday,2,0,8,2.0,Den Haag Centraal - Den Haag HS,external,inzet van de politie,1
58528,18,Friday,2,0,3,1.0,Baarn - Utrecht Centraal,rolling stock,defecte trein,0
58529,22,Friday,2,0,4,1.0,Haarlem - Uitgeest,accidents,aanrijding,1
58530,8,Saturday,3,1,15,2.0,Aachen Hbf - Heerlen,staff,problemen met de personeelsinzet,0
58531,8,Saturday,3,1,2,1.0,Roosendaal - Vlissingen,rolling stock,defecte trein,0
58532,10,Saturday,3,1,4,1.0,Dordrecht - Roosendaal,rolling stock,defecte trein,0
58534,15,Saturday,3,1,5,1.0,Arnhem Centraal - Nijmegen,unknown,technisch onderzoek,0
58535,15,Saturday,3,1,7,2.0,Alkmaar - Amsterdam Centraal,rolling stock,defecte trein,0
58536,16,Saturday,3,1,5,2.0,Amsterdam Centraal - Schiphol Airport,rolling stock,defecte trein,0
58537,17,Saturday,3,1,2,1.0,Breda - Rotterdam Centraal (HSL),rolling stock,defecte trein,1
58538,19,Saturday,3,1,5,1.0,Eindhoven - Roermond,external,inzet van hulpdiensten,0
58539,22,Saturday,3,1,4,1.0,Amsterdam Centraal - Haarlem,external,inzet van de politie,0
58540,22,Saturday,3,1,6,1.0,Haarlem - Uitgeest,external,inzet van de politie,0
58541,6,Sunday,3,1,2,2.0,Amersfoort - Utrecht Centraal,infrastructure,wisselstoring,0
58542,7,Sunday,3,1,18,8.0,Amersfoort - Schiphol Airport,rolling stock,gestrande trein,0
58543,7,Sunday,3,1,6,1.0,Eindhoven - Venlo,rolling stock,defecte trein,0
58544,7,Sunday,3,1,3,1.0,Roosendaal - Vlissingen,rolling stock,defecte trein,0
58545,8,Sunday,3,1,6,1.0,Eindhoven - Venlo,rolling stock,defecte trein,0
58546,8,Sunday,3,1,2,1.0,Rotterdam Centraal - Schiphol Airport (HSL),rolling stock,defecte trein,0
58548,9,Sunday,3,1,3,2.0,Breda - Dordrecht,rolling stock,defecte trein,0
58549,9,Sunday,3,1,3,1.0,Enschede - Hengelo,infrastructure,wisselstoring,1
58550,9,Sunday,3,1,6,1.0,Eindhoven - Venlo,rolling stock,defecte trein,0
58551,11,Sunday,3,1,5,1.0,Haarlem - Leiden Centraal,rolling stock,defecte trein,0
58552,11,Sunday,3,1,3,1.0,Nijmegen - Venlo,rolling stock,defecte trein,0
58553,13,Sunday,3,1,6,1.0,Roosendaal - Vlissingen,infrastructure,sein-en overwegstoring,0
58554,16,Sunday,3,1,3,3.0,Berlin Ostbahnhof - Hengelo,rolling stock,defecte trein,0
58555,16,Sunday,3,1,3,2.0,Breda - Dordrecht,rolling stock,defecte trein,0
58556,16,Sunday,3,1,6,1.0,Arnhem Centraal - Tiel,rolling stock,defecte trein,0
58557,17,Sunday,3,1,3,1.0,Nijmegen - Venlo,rolling stock,defecte trein,0
58558,20,Sunday,3,1,6,1.0,Groningen - Eemshaven,accidents,aanrijding,0
58559,5,Monday,3,0,3,1.0,Alkmaar - Den Helder,rolling stock,defecte trein,1
58560,5,Monday,3,0,2,2.0,Amersfoort - Utrecht Centraal,infrastructure,wisselstoring,1
58561,5,Monday,3,0,6,1.0,Eindhoven - Venlo,rolling stock,defecte trein,0
58562,6,Monday,3,0,18,8.0,Amersfoort - Schiphol Airport,rolling stock,gestrande trein,1
58563,7,Monday,3,0,2,1.0,Breda - Tilburg,rolling stock,defecte trein,0
58564,7,Monday,3,0,4,1.0,Den Haag HS - Rotterdam Centraal,rolling stock,defecte trein,0
58566,7,Monday,3,0,4,3.0,Amsterdam Centraal - Schiphol Airport,rolling stock,defecte trein,1
58567,9,Monday,3,0,5,1.0,'s-Hertogenbosch - Nijmegen,accidents,aanrijding,1
58568,10,Monday,3,0,18,8.0,Amersfoort - Schiphol Airport,rolling stock,gestrande trein,0
58569,10,Monday,3,0,7,3.0,Arnhem Centraal - Basel SBB,logistical,problemen op het spoor in het buitenland,1
58570,10,Monday,3,0,3,1.0,Amersfoort - Zwolle,infrastructure,wisselstoring,1
58571,14,Monday,3,0,8,1.0,Amsterdam Centraal - Lelystad Centrum,rolling stock,defecte trein,0
58572,14,Monday,3,0,2,1.0,Deventer - Zwolle,infrastructure,seinstoring,1
58573,16,Monday,3,0,3,1.0,Arnhem Centraal - Zutphen,infrastructure,sein- en wisselstoring,1
58575,16,Monday,3,0,2,2.0,Amersfoort - Amsterdam Centraal,rolling stock,defecte trein,0
58577,19,Monday,3,0,6,1.0,Eindhoven - Venlo,rolling stock,defecte trein,1
58578,20,Monday,3,0,5,1.0,Amsterdam Centraal - Haarlem,unknown,technisch onderzoek,0
58580,21,Monday,3,0,2,1.0,Breda - Rotterdam Centraal (HSL),external,inzet van de politie,0
58582,6,Tuesday,3,0,8,1.0,Den Haag Centraal - Utrecht Centraal,weather,rijp aan de bovenleiding,0
58583,7,Tuesday,3,0,2,7.0,Amersfoort - Schiphol Airport,rolling stock,defecte trein,0
58584,7,Tuesday,3,0,7,1.0,Alphen a/d Rijn - Gouda,rolling stock,beperkingen in de materieelinzet,1
58585,8,Tuesday,3,0,2,1.0,Rotterdam Centraal - Schiphol Airport (HSL),rolling stock,defecte trein,0
58586,8,Tuesday,3,0,8,1.0,Amsterdam Centraal - Lelystad Centrum,rolling stock,defecte trein,0
58587,8,Tuesday,3,0,3,1.0,Almere Oostvaarders - Utrecht Centraal,rolling stock,defecte trein,0
58588,9,Tuesday,3,0,3,1.0,Emmen - Zwolle,rolling stock,defecte trein,1
58589,9,Tuesday,3,0,3,3.0,Arnhem Centraal - Basel SBB,logistical,problemen op het spoor in het buitenland,1
58591,10,Tuesday,3,0,3,5.0,Almere Oostvaarders - Utrecht Centraal,infrastructure,wisselstoring,0
58592,12,Tuesday,3,0,6,1.0,'s-Hertogenbosch - Nijmegen,external,inzet van hulpdiensten,0
58594,14,Tuesday,3,0,3,3.0,Arnhem Centraal - Basel SBB,logistical,problemen op het spoor in het buitenland,0
58595,14,Tuesday,3,0,2,1.0,Rotterdam Centraal - Schiphol Airport (HSL),rolling stock,defecte trein,0
58596,14,Tuesday,3,0,13,1.0,Lelystad Centrum - Schiphol Airport,rolling stock,defecte trein,0
58597,14,Tuesday,3,0,3,2.0,Breda - Dordrecht,rolling stock,defecte trein,0
58598,14,Tuesday,3,0,3,1.0,Almere Oostvaarders - Utrecht Centraal,rolling stock,defecte trein,0
58599,14,Tuesday,3,0,8,1.0,Amsterdam Centraal - Lelystad Centrum,rolling stock,defecte trein,0
58600,15,Tuesday,3,0,2,1.0,Arnhem Centraal - Winterswijk,accidents,aanrijding,1
58602,16,Tuesday,3,0,7,3.0,Arnhem Centraal - Basel SBB,rolling stock,beperkingen in de materieelinzet,1
58603,16,Tuesday,3,0,2,1.0,Breda - Tilburg,external,persoon op het spoor,0
58604,16,Tuesday,3,0,4,1.0,Lelystad Centrum - Zwolle,rolling stock,defecte trein,0
58605,16,Tuesday,3,0,3,1.0,Leiden Centraal - Utrecht Centraal,rolling stock,defecte trein,1
58606,20,Tuesday,3,0,4,1.0,Eindhoven - Venlo,accidents,aanrijding,1
58607,21,Tuesday,3,0,4,2.0,'s-Hertogenbosch - Eindhoven,accidents,aanrijding,0
58608,22,Tuesday,3,0,8,1.0,Leeuwarden - Zwolle,rolling stock,defecte trein,0
58609,22,Tuesday,3,0,18,8.0,Amersfoort - Schiphol Airport,rolling stock,defecte trein,0
58610,23,Tuesday,3,0,18,8.0,Amersfoort - Schiphol Airport,rolling stock,defecte trein,0
58611,5,Wednesday,3,0,7,1.0,Heerlen - Sittard,staff,problemen met de personeelsinzet,1
58612,5,Wednesday,3,0,3,1.0,Liège-Guillemins - Maastricht,logistical,problemen op het spoor in het buitenland,0
58613,6,Wednesday,3,0,11,1.0,Antwerpen-Centraal - Roosendaal,logistical,problemen op het spoor in het buitenland,1
58614,7,Wednesday,3,0,2,2.0,Amersfoort - Amsterdam Centraal,rolling stock,defecte trein,0
58615,9,Wednesday,3,0,2,1.0,Breda - Rotterdam Centraal (HSL),rolling stock,defecte trein,1
58617,10,Wednesday,3,0,13,1.0,Den Haag Centraal - Utrecht Centraal,infrastructure,seinstoring,1
58618,10,Wednesday,3,0,8,2.0,Den Haag Centraal - Den Haag HS,infrastructure,seinstoring,1
58619,10,Wednesday,3,0,4,1.0,Aachen Hbf - Heerlen,logistical,problemen op het spoor in het buitenland,1
58620,11,Wednesday,3,0,8,1.0,Dordrecht - Rotterdam Centraal,infrastructure,seinstoring,1
58621,12,Wednesday,3,0,5,1.0,Amersfoort - Utrecht Centraal,rolling stock,defecte trein,0
58622,12,Wednesday,3,0,4,3.0,Dortmund Hbf - Enschede,external,boom op het spoor,1
58623,14,Wednesday,3,0,2,1.0,Amersfoort - Zwolle,rolling stock,defecte trein,1
58626,16,Wednesday,3,0,5,1.0,'s-Hertogenbosch - Nijmegen,external,inzet van de politie,0
58629,5,Thursday,3,0,6,1.0,Den Haag Centraal - Leiden Centraal,infrastructure,defect spoor,1
58630,5,Thursday,3,0,10,1.0,Arnhem Centraal - Utrecht Centraal,infrastructure,defect spoor,1
58631,5,Thursday,3,0,11,1.0,Schiphol Airport - Utrecht Centraal,infrastructure,defect spoor,1
58632,5,Thursday,3,0,5,1.0,Leiden Centraal - Schiphol Airport,infrastructure,defect spoor,1
58633,6,Thursday,3,0,2,1.0,Rotterdam Centraal - Schiphol Airport (HSL),rolling stock,defecte trein,0
58635,7,Thursday,3,0,5,1.0,'s-Hertogenbosch - Nijmegen,rolling stock,defecte trein,0
58636,8,Thursday,3,0,4,2.0,'s-Hertogenbosch - Eindhoven,rolling stock,defecte trein,0
58638,13,Thursday,3,0,3,1.0,Amersfoort - Ede-Wageningen,rolling stock,defecte trein,1
58639,13,Thursday,3,0,2,1.0,Emmen - Zwolle,rolling stock,defecte trein,1
58640,17,Thursday,3,0,2,1.0,Leiden Centraal - Schiphol Airport,rolling stock,defecte trein,0
58641,18,Thursday,3,0,6,1.0,Haarlem - Uitgeest,rolling stock,defecte trein,0
58644,19,Thursday,3,0,2,1.0,Amersfoort - Zwolle,infrastructure,wisselstoring,1
58645,19,Thursday,3,0,18,8.0,Amersfoort - Schiphol Airport,rolling stock,defecte trein,0
58646,19,Thursday,3,0,5,1.0,Haarlem - Leiden Centraal,infrastructure,seinstoring,1
58647,5,Friday,3,0,2,1.0,Rotterdam Centraal - Schiphol Airport (HSL),engineering work,uitloop van werkzaamheden,0
58648,7,Friday,3,0,5,2.0,Amsterdam Centraal - Schiphol Airport,infrastructure,seinstoring,1
58649,7,Friday,3,0,2,1.0,Rotterdam Centraal - Schiphol Airport (HSL),infrastructure,seinstoring,0
58650,7,Friday,3,0,5,1.0,Schiphol Airport - Utrecht Centraal,infrastructure,seinstoring,1
58651,7,Friday,3,0,13,1.0,Lelystad Centrum - Schiphol Airport,infrastructure,seinstoring,1
58652,7,Friday,3,0,18,8.0,Amersfoort - Schiphol Airport,engineering work,uitloop van werkzaamheden,1
58653,7,Friday,3,0,15,3.0,Den Haag Centraal - Den Haag HS,engineering work,uitloop van werkzaamheden,0
58654,7,Friday,3,0,4,1.0,Dordrecht - Roosendaal,accidents,beschadigde spoorbrug,1
58655,8,Friday,3,0,2,2.0,Amersfoort - Amsterdam Centraal,rolling stock,defecte trein,0
58657,15,Friday,3,0,4,3.0,Almere Oostvaarders - Utrecht Centraal,rolling stock,defecte trein,1
58658,15,Friday,3,0,2,1.0,Breda - Rotterdam Centraal (HSL),rolling stock,defecte trein,0
58659,16,Friday,3,0,11,1.0,Amsterdam Centraal - Utrecht Centraal,rolling stock,defecte trein,1
58661,18,Friday,3,0,8,1.0,Amsterdam Centraal - Lelystad Centrum,rolling stock,gestrande trein,0
58662,19,Friday,3,0,7,1.0,Heerlen - Sittard,external,persoon op het spoor,0
58663,19,Friday,3,0,9,1.0,Leeuwarden - Stavoren,infrastructure,seinstoring,1
58664,21,Friday,3,0,5,1.0,Breda - Tilburg,accidents,aanrijding,1
58665,22,Friday,3,0,9,1.0,'s-Hertogenbosch - Utrecht Centraal,infrastructure,defecte bovenleiding,1
58666,12,Saturday,3,1,3,1.0,Aachen Hbf - Heerlen,logistical,problemen op het spoor in het buitenland,0
58667,13,Saturday,3,1,3,1.0,Winterswijk - Zutphen,accidents,aanrijding,1
58668,17,Saturday,3,1,2,3.0,Amersfoort - Schiphol Airport,unknown,technisch onderzoek,0
58669,17,Saturday,3,1,2,3.0,Amersfoort - Schiphol Airport,unknown,technisch onderzoek,0
58670,20,Saturday,3,1,4,3.0,Amsterdam Centraal - Schiphol Airport,infrastructure,wisselstoring,1
58671,10,Sunday,3,1,6,1.0,Eindhoven - Venlo,external,inzet van de politie,0
58672,10,Sunday,3,1,3,1.0,Haarlem - Leiden Centraal,rolling stock,defecte trein,1
58673,11,Sunday,3,1,6,1.0,Den Haag Centraal - Leiden Centraal,rolling stock,defecte trein,1
58674,12,Sunday,3,1,9,1.0,'s-Hertogenbosch - Utrecht Centraal,infrastructure,defect spoor,1
58675,12,Sunday,3,1,10,1.0,Amsterdam Centraal - Utrecht Centraal,infrastructure,defect spoor,1
58676,13,Sunday,3,1,6,1.0,Aachen Hbf - Heerlen,staff,problemen met de personeelsinzet,1
58678,21,Sunday,3,1,4,1.0,Aachen Hbf - Heerlen,rolling stock,defecte trein,0
58679,23,Sunday,3,1,2,2.0,Amersfoort - Amsterdam Centraal,rolling stock,gestrande trein,0
58680,6,Monday,3,0,2,7.0,Amersfoort - Schiphol Airport,infrastructure,wisselstoring,1
58682,6,Monday,3,0,13,4.0,Den Haag Centraal - Den Haag HS,infrastructure,wisselstoring,1
58683,6,Monday,3,0,6,1.0,Eindhoven - Venlo,infrastructure,overwegstoring,0
58684,6,Monday,3,0,6,1.0,Arnhem Centraal - Winterswijk,rolling stock,defecte trein,0
58685,6,Monday,3,0,3,1.0,Haarlem - Leiden Centraal,infrastructure,wisselstoring,0
58686,6,Monday,3,0,6,1.0,Den Haag Centraal - Leiden Centraal,infrastructure,wisselstoring,1
58687,6,Monday,3,0,5,1.0,Schiphol Airport - Utrecht Centraal,infrastructure,wisselstoring,0
58688,6,Monday,3,0,11,2.0,Amersfoort - Schiphol Airport,infrastructure,wisselstoring,0
58689,7,Monday,3,0,6,1.0,Almelo - Mariënberg,rolling stock,beperkingen in de materieelinzet,1
58690,9,Monday,3,0,7,3.0,Arnhem Centraal - Basel SBB,rolling stock,beperkingen in de materieelinzet,1
58691,10,Monday,3,0,5,1.0,Arnhem Centraal - Nijmegen,engineering work,herstelwerkzaamheden,1
58692,10,Monday,3,0,2,1.0,Harlingen Haven - Leeuwarden,infrastructure,seinstoring,1
58693,10,Monday,3,0,2,3.0,Amersfoort - Schiphol Airport,rolling stock,defecte trein,0
58696,14,Monday,3,0,5,1.0,Delfzijl - Groningen,infrastructure,seinstoring,1
58697,15,Monday,3,0,11,1.0,Amsterdam Centraal - Utrecht Centraal,external,inzet van hulpdiensten,1
58698,17,Monday,3,0,3,1.0,Liège-Guillemins - Maastricht,rolling stock,defecte trein,1
58700,18,Monday,3,0,5,1.0,Amersfoort - Ede-Wageningen,infrastructure,wisselstoring,1
58701,18,Monday,3,0,5,1.0,Delfzijl - Groningen,infrastructure,seinstoring,1
58702,18,Monday,3,0,7,1.0,Hamm (Westf.) - Venlo,logistical,problemen op het spoor in het buitenland,1
58703,19,Monday,3,0,2,1.0,Amersfoort - Zwolle,unknown,technisch onderzoek,0
58704,21,Monday,3,0,6,1.0,Eindhoven - Tilburg,infrastructure,defecte bovenleiding,0
58706,6,Tuesday,3,0,2,3.0,Amersfoort - Schiphol Airport,rolling stock,defecte trein,0
58707,7,Tuesday,3,0,5,1.0,Delfzijl - Groningen,infrastructure,seinstoring,1
58708,8,Tuesday,3,0,2,1.0,'s-Hertogenbosch - Tilburg,infrastructure,overwegstoring,1
58709,8,Tuesday,3,0,3,1.0,'s-Hertogenbosch - Nijmegen,infrastructure,seinstoring,1
58710,9,Tuesday,3,0,5,1.0,Den Haag Centraal - Utrecht Centraal,infrastructure,defecte bovenleiding,1
58711,12,Tuesday,3,0,2,1.0,Roermond - Venlo,unknown,technisch onderzoek,0
58712,12,Tuesday,3,0,11,3.0,Eindhoven - Roermond,unknown,technisch onderzoek,0
58713,15,Tuesday,3,0,4,1.0,Arnhem Centraal - Utrecht Centraal,external,bermbrand,0
58715,15,Tuesday,3,0,4,1.0,Rhenen - Utrecht Centraal,external,bermbrand,0
58716,15,Tuesday,3,0,5,1.0,Schiphol Airport - Utrecht Centraal,external,bermbrand,0
58717,15,Tuesday,3,0,5,1.0,Leiden Centraal - Schiphol Airport,external,bermbrand,0
58718,15,Tuesday,3,0,6,1.0,Den Haag Centraal - Leiden Centraal,external,bermbrand,0
58719,16,Tuesday,3,0,4,1.0,Aachen Hbf - Heerlen,rolling stock,defecte trein,0
58720,16,Tuesday,3,0,4,1.0,Roermond - Sittard,infrastructure,systeemstoring,1
58721,17,Tuesday,3,0,6,1.0,Alphen a/d Rijn - Gouda,rolling stock,gestrande trein,0
58722,19,Tuesday,3,0,3,1.0,Leiden Centraal - Utrecht Centraal,infrastructure,wisselstoring,0
58723,19,Tuesday,3,0,2,7.0,Breda - Rotterdam Centraal (HSL),external,inzet van hulpdiensten,1
58724,20,Tuesday,3,0,6,2.0,'s-Hertogenbosch - Tilburg,external,inzet van hulpdiensten,0
58725,21,Tuesday,3,0,8,2.0,Amsterdam Centraal - Utrecht Centraal,external,inzet van de politie,0
58726,4,Wednesday,3,0,8,1.0,Lelystad Centrum - Schiphol Airport,infrastructure,defect spoor,1
58727,7,Wednesday,3,0,4,1.0,Roermond - Sittard,infrastructure,seinstoring,1
58728,8,Wednesday,3,0,2,1.0,Leiden Centraal - Schiphol Airport,rolling stock,defecte trein,0
58729,9,Wednesday,3,0,4,3.0,Almere Oostvaarders - Utrecht Centraal,infrastructure,wisselstoring,0
58730,9,Wednesday,3,0,4,3.0,Almere Oostvaarders - Utrecht Centraal,infrastructure,wisselstoring,1
58731,11,Wednesday,3,0,7,1.0,'s-Hertogenbosch - Nijmegen,external,inzet van hulpdiensten,1
58732,12,Wednesday,3,0,4,1.0,Deventer - Zwolle,rolling stock,defecte trein,0
58733,12,Wednesday,3,0,5,1.0,Maastricht - Sittard,rolling stock,defecte trein,0
58734,13,Wednesday,3,0,2,1.0,Enkhuizen - Hoorn,rolling stock,defecte trein,0
58736,14,Wednesday,3,0,5,1.0,Arnhem Centraal - Nijmegen,external,inzet van hulpdiensten,0
58737,15,Wednesday,3,0,6,1.0,Dordrecht - Roosendaal,external,inzet van de politie,0
58739,17,Wednesday,3,0,2,1.0,Leiden Centraal - Schiphol Airport,rolling stock,defecte trein,0
58740,18,Wednesday,3,0,6,1.0,Rotterdam Centraal - Utrecht Centraal,rolling stock,defecte trein,0
58742,21,Wednesday,3,0,2,1.0,Rotterdam Centraal - Schiphol Airport (HSL),external,inzet van de politie,0
58744,22,Wednesday,3,0,6,1.0,Eindhoven - Roermond,external,dier op het spoor,0
58746,22,Wednesday,3,0,5,1.0,Haarlem - Leiden Centraal,external,inzet van de politie,0
58747,23,Wednesday,3,0,4,1.0,Roermond - Sittard,external,dier op het spoor,0
58748,5,Thursday,3,0,5,1.0,Amsterdam Centraal - Hoorn,infrastructure,wisselstoring,1
58749,5,Thursday,3,0,3,1.0,Arnhem Centraal - Nijmegen,rolling stock,defecte trein,0
58750,6,Thursday,3,0,18,8.0,Amersfoort - Schiphol Airport,rolling stock,defecte trein,1
58751,7,Thursday,3,0,3,1.0,Groningen - Leeuwarden,rolling stock,defecte trein,0
58752,7,Thursday,3,0,2,1.0,Breda - Rotterdam Centraal (HSL),rolling stock,defecte trein,0
58754,9,Thursday,3,0,2,2.0,Amsterdam Centraal - Utrecht Centraal,infrastructure,wisselstoring,0
58755,9,Thursday,3,0,5,1.0,Amsterdam Centraal - Haarlem,rolling stock,defecte trein,0
58756,11,Thursday,3,0,2,1.0,Amersfoort - Zwolle,rolling stock,defecte trein,0
58757,12,Thursday,3,0,4,1.0,Den Haag HS - Rotterdam Centraal,infrastructure,seinstoring,1
58758,15,Thursday,3,0,3,1.0,Groningen - Zwolle,unknown,technisch onderzoek,1
58760,15,Thursday,3,0,5,1.0,Almere Oostvaarders - Utrecht Centraal,infrastructure,seinstoring,1
58761,18,Thursday,3,0,5,1.0,Breda - Tilburg,infrastructure,defecte bovenleiding,0
58763,19,Thursday,3,0,4,3.0,Almere Oostvaarders - Utrecht Centraal,infrastructure,wisselstoring,1
58764,20,Thursday,3,0,3,2.0,Den Haag Centraal - Utrecht Centraal,rolling stock,defecte trein,0
58766,22,Thursday,3,0,2,1.0,Rotterdam Centraal - Schiphol Airport (HSL),rolling stock,defecte trein,0
58767,6,Friday,3,0,3,1.0,Leiden Centraal - Utrecht Centraal,infrastructure,wisselstoring,1
58768,7,Friday,3,0,3,2.0,Antwerpen-Centraal - Breda (HSL),rolling stock,gestrande trein,0
58770,7,Friday,3,0,2,1.0,Amersfoort - Zwolle,infrastructure,wisselstoring,0
58773,8,Friday,3,0,4,1.0,Roermond - Sittard,rolling stock,defecte trein,0
58774,12,Friday,3,0,7,3.0,Arnhem Centraal - Basel SBB,rolling stock,beperkingen in de materieelinzet,1
58775,14,Friday,3,0,4,1.0,Almelo - Hengelo,infrastructure,wisselstoring,0
58776,14,Friday,3,0,13,1.0,Lelystad Centrum - Schiphol Airport,external,inzet van de politie,0
58777,14,Friday,3,0,2,1.0,Rotterdam Centraal - Schiphol Airport (HSL),external,inzet van de politie,0
58778,15,Friday,3,0,3,3.0,Arnhem Centraal - Basel SBB,rolling stock,beperkingen in de materieelinzet,1
58779,15,Friday,3,0,2,7.0,Amersfoort - Schiphol Airport,rolling stock,defecte trein,0
58780,17,Friday,3,0,3,1.0,Dordrecht - Geldermalsen,external,persoon op het spoor,0
58781,18,Friday,3,0,4,3.0,Almere Oostvaarders - Utrecht Centraal,rolling stock,gestrande trein,1
58783,19,Friday,3,0,6,1.0,Den Haag Centraal - Leiden Centraal,rolling stock,defecte trein,0
58784,19,Friday,3,0,10,1.0,Arnhem Centraal - Utrecht Centraal,rolling stock,defecte trein,0
58785,19,Friday,3,0,11,1.0,Schiphol Airport - Utrecht Centraal,rolling stock,defecte trein,0
58786,19,Friday,3,0,5,1.0,Leiden Centraal - Schiphol Airport,rolling stock,defecte trein,0
58787,20,Friday,3,0,3,1.0,Tiel - Utrecht Centraal,infrastructure,defect spoor,1
58788,20,Friday,3,0,7,1.0,Heerlen - Sittard,accidents,aanrijding,1
58789,6,Saturday,3,1,3,3.0,Arnhem Centraal - Basel SBB,rolling stock,beperkingen in de materieelinzet,1
58790,8,Saturday,3,1,3,1.0,'s-Hertogenbosch - Utrecht Centraal,rolling stock,gestrande trein,0
58791,9,Saturday,3,1,5,1.0,Amsterdam Centraal - Haarlem,rolling stock,defecte trein,0
58793,10,Saturday,3,1,3,1.0,Breda - Dordrecht,rolling stock,defecte trein,0
58794,16,Saturday,3,1,9,1.0,'s-Hertogenbosch - Utrecht Centraal,rolling stock,defecte trein,0
58796,4,Sunday,3,1,5,2.0,Amsterdam Centraal - Utrecht Centraal,infrastructure,defect spoor,1
58798,5,Sunday,3,1,2,1.0,Rotterdam Centraal - Schiphol Airport (HSL),infrastructure,defect spoor,1
58799,6,Sunday,3,1,5,1.0,Leiden Centraal - Schiphol Airport,infrastructure,defect spoor,1
58801,8,Sunday,3,1,2,1.0,Arnhem Centraal - Winterswijk,accidents,aanrijding,1
58802,8,Sunday,3,1,5,1.0,Amersfoort - Utrecht Centraal,infrastructure,wisselstoring,1
58803,8,Sunday,3,1,3,5.0,Almere Oostvaarders - Utrecht Centraal,infrastructure,wisselstoring,0
58804,9,Sunday,3,1,6,1.0,Aachen Hbf - Heerlen,rolling stock,beperkingen in de materieelinzet,1
58805,15,Sunday,3,1,6,1.0,Amersfoort - Zwolle,rolling stock,defecte trein,0
58806,18,Sunday,3,1,8,1.0,Dordrecht - Geldermalsen,external,persoon op het spoor,0
58807,18,Sunday,3,1,2,1.0,Rotterdam Centraal - Schiphol Airport (HSL),rolling stock,defecte trein,0
58808,19,Sunday,3,1,6,1.0,Almelo - Deventer,infrastructure,overwegstoring,0
58809,20,Sunday,3,1,5,1.0,Arnhem Centraal - Nijmegen,external,hinder op het spoor,0
58810,20,Sunday,3,1,3,2.0,Arnhem Centraal - Nijmegen,external,hinder op het spoor,0
58811,22,Sunday,3,1,2,1.0,Antwerpen-Centraal - Roosendaal,rolling stock,defecte trein,0
58812,0,Monday,3,0,5,1.0,Maastricht - Sittard,accidents,aanrijding,0
58813,4,Monday,3,0,2,4.0,Antwerpen-Centraal - Roosendaal,engineering work,uitloop van werkzaamheden,1
58814,4,Monday,3,0,6,2.0,Liège-Guillemins - Maastricht,staff,acties in het buitenland,1
58815,5,Monday,3,0,8,1.0,Dordrecht - Rotterdam Centraal,engineering work,uitloop van werkzaamheden,1
58816,6,Monday,3,0,2,1.0,Antwerpen-Centraal - Roosendaal,staff,acties in het buitenland,1
58817,6,Monday,3,0,3,1.0,Eindhoven - Tilburg,infrastructure,seinstoring,1
58818,7,Monday,3,0,2,1.0,Leiden Centraal - Utrecht Centraal,infrastructure,seinstoring,1
58819,7,Monday,3,0,2,2.0,Amsterdam Centraal - Utrecht Centraal,infrastructure,wisselstoring,1
58822,11,Monday,3,0,2,2.0,Groningen - Bad Nieuweschans,infrastructure,defect spoor,1
58823,11,Monday,3,0,8,1.0,Haarlem - Uitgeest,rolling stock,defecte trein,0
58824,11,Monday,3,0,2,1.0,Leiden Centraal - Utrecht Centraal,infrastructure,seinstoring,0
58825,11,Monday,3,0,2,1.0,Arnhem Centraal - Winterswijk,rolling stock,defecte trein,0
58826,12,Monday,3,0,4,1.0,Amsterdam Centraal - Haarlem,rolling stock,defecte trein,0
58827,15,Monday,3,0,3,1.0,Nijmegen - Venlo,accidents,aanrijding,1
58828,16,Monday,3,0,5,1.0,Heerlen - Maastricht,rolling stock,defecte trein,0
58829,16,Monday,3,0,4,2.0,Arnhem Centraal - Utrecht Centraal,rolling stock,defecte trein,0
58830,16,Monday,3,0,3,2.0,Amsterdam Centraal - Utrecht Centraal,rolling stock,defecte trein,0
58831,19,Monday,3,0,3,2.0,Arnhem Centraal - Utrecht Centraal,rolling stock,defecte trein,0
58832,19,Monday,3,0,2,1.0,Rotterdam Centraal - Schiphol Airport (HSL),rolling stock,gestrande trein,0
58833,20,Monday,3,0,18,8.0,Amersfoort - Schiphol Airport,rolling stock,defecte trein,1
58834,20,Monday,3,0,15,3.0,Den Haag Centraal - Den Haag HS,rolling stock,defecte trein,0
58835,20,Monday,3,0,5,1.0,Amersfoort - Ede-Wageningen,external,inzet van hulpdiensten,0
58836,21,Monday,3,0,2,1.0,Rotterdam Centraal - Schiphol Airport (HSL),rolling stock,defecte trein,0
58837,22,Monday,3,0,3,1.0,Arnhem Centraal - Nijmegen,rolling stock,defecte trein,1
58838,22,Monday,3,0,4,1.0,'s-Hertogenbosch - Nijmegen,rolling stock,defecte trein,0
58839,23,Monday,3,0,4,1.0,Alkmaar - Amsterdam Centraal,rolling stock,gestrande trein,0
58840,5,Tuesday,3,0,5,2.0,Amersfoort - Apeldoorn,infrastructure,sein- en wisselstoring,1
58841,6,Tuesday,3,0,5,1.0,Amersfoort - Ede-Wageningen,infrastructure,sein- en wisselstoring,1
58842,7,Tuesday,3,0,2,1.0,Hamm (Westf.) - Venlo,staff,problemen met de personeelsinzet,1
58843,7,Tuesday,3,0,8,1.0,Den Haag Centraal - Utrecht Centraal,external,inzet van hulpdiensten,0
58844,7,Tuesday,3,0,2,2.0,Liège-Guillemins - Maastricht,rolling stock,defecte trein,1
58845,7,Tuesday,3,0,3,3.0,Arnhem Centraal - Basel SBB,infrastructure,wisselstoring,0
58846,8,Tuesday,3,0,3,1.0,Eindhoven - Venlo,accidents,aanrijding,1
58847,8,Tuesday,3,0,2,2.0,Groningen - Bad Nieuweschans,infrastructure,defect spoor,0
58848,8,Tuesday,3,0,7,3.0,Arnhem Centraal - Basel SBB,infrastructure,wisselstoring,1
58849,8,Tuesday,3,0,3,1.0,Almere Oostvaarders - Utrecht Centraal,rolling stock,defecte trein,0
58852,13,Tuesday,3,0,2,1.0,Leiden Centraal - Schiphol Airport,rolling stock,defecte trein,0
58853,13,Tuesday,3,0,2,1.0,Amersfoort - Apeldoorn,infrastructure,seinstoring,1
58854,13,Tuesday,3,0,5,1.0,Amersfoort - Ede-Wageningen,infrastructure,seinstoring,1
58856,14,Tuesday,3,0,5,1.0,Amsterdam Centraal - Haarlem,rolling stock,defecte trein,1
58857,15,Tuesday,3,0,3,1.0,Leeuwarden - Zwolle,accidents,aanrijding,1
58858,16,Tuesday,3,0,3,1.0,Leiden Centraal - Utrecht Centraal,external,inzet van de politie,0
58859,17,Tuesday,3,0,4,1.0,Arnhem Centraal - Utrecht Centraal,external,inzet van hulpdiensten,0
58860,17,Tuesday,3,0,6,1.0,Eindhoven - Venlo,rolling stock,defecte trein,1
58861,18,Tuesday,3,0,6,1.0,Arnhem Centraal - Zutphen,rolling stock,defecte trein,0
58862,19,Tuesday,3,0,2,2.0,Liège-Guillemins - Maastricht,rolling stock,defecte trein,0
58863,19,Tuesday,3,0,2,1.0,Amersfoort - Utrecht Centraal,accidents,aanrijding,1
58864,19,Tuesday,3,0,5,1.0,Amsterdam Centraal - Haarlem,infrastructure,overwegstoring,1
58865,20,Tuesday,3,0,2,1.0,Amersfoort - Zwolle,accidents,aanrijding,1
58866,20,Tuesday,3,0,2,1.0,Almelo - Deventer,accidents,aanrijding,1
58867,23,Tuesday,3,0,2,1.0,Roermond - Sittard,rolling stock,defecte trein,0
58869,5,Wednesday,3,0,2,1.0,Amersfoort - Apeldoorn,infrastructure,sein- en wisselstoring,1
58870,5,Wednesday,3,0,5,1.0,Amersfoort - Ede-Wageningen,infrastructure,sein- en wisselstoring,1
58871,6,Wednesday,3,0,9,1.0,Groningen - Leeuwarden,infrastructure,wisselstoring,1
58873,9,Wednesday,3,0,3,1.0,Leeuwarden - Zwolle,unknown,technisch onderzoek,0
58874,9,Wednesday,3,0,2,1.0,Breda - Rotterdam Centraal (HSL),external,persoon op het spoor,1
58875,9,Wednesday,3,0,3,1.0,Breda - Dordrecht,external,mensen op het spoor,0
58876,10,Wednesday,3,0,6,1.0,Arnhem Centraal - Zutphen,unknown,technisch onderzoek,0
58877,12,Wednesday,3,0,5,2.0,Almere Oostvaarders - Utrecht Centraal,external,inzet van de politie,1
58878,12,Wednesday,3,0,6,1.0,Rotterdam Centraal - Utrecht Centraal,infrastructure,seinstoring,1
58879,12,Wednesday,3,0,3,1.0,Baarn - Utrecht Centraal,external,inzet van de politie,1
58880,13,Wednesday,3,0,2,1.0,Deventer - Zwolle,infrastructure,seinstoring,1
58881,14,Wednesday,3,0,4,1.0,Aachen Hbf - Heerlen,rolling stock,defecte trein,0
58882,14,Wednesday,3,0,4,1.0,Roermond - Sittard,external,bermbrand,0
58883,14,Wednesday,3,0,4,1.0,Roermond - Sittard,unknown,technisch onderzoek,0
58884,14,Wednesday,3,0,2,1.0,Rotterdam Centraal - Schiphol Airport (HSL),rolling stock,gestrande trein,0
58885,15,Wednesday,3,0,5,1.0,Almelo - Zwolle,infrastructure,overwegstoring,0
58886,15,Wednesday,3,0,4,1.0,Amersfoort - Ede-Wageningen,unknown,technisch onderzoek,0
58887,15,Wednesday,3,0,2,1.0,Alphen a/d Rijn - Gouda,logistical,eerdere verstoring,0
58888,16,Wednesday,3,0,2,1.0,Deventer - Zwolle,infrastructure,seinstoring,1
58889,16,Wednesday,3,0,6,1.0,Eindhoven - Venlo,unknown,technisch onderzoek,1
58890,17,Wednesday,3,0,4,1.0,Leeuwarden - Stavoren,infrastructure,wisselstoring,1
58891,19,Wednesday,3,0,2,1.0,Breda - Rotterdam Centraal (HSL),rolling stock,gestrande trein,0
58892,20,Wednesday,3,0,2,1.0,Breda - Rotterdam Centraal (HSL),infrastructure,seinstoring,0
58894,21,Wednesday,3,0,4,2.0,Amsterdam Centraal - Utrecht Centraal,rolling stock,defecte trein,1
58895,21,Wednesday,3,0,5,1.0,Almelo - Mariënberg,rolling stock,defecte trein,0
58897,7,Thursday,3,0,3,3.0,Arnhem Centraal - Basel SBB,rolling stock,defecte trein,0
58898,8,Thursday,3,0,6,1.0,Arnhem Centraal - Zutphen,infrastructure,seinstoring,1
58899,9,Thursday,3,0,3,1.0,Dordrecht - Geldermalsen,rolling stock,defecte trein,1
58900,9,Thursday,3,0,5,1.0,Aachen Hbf - Heerlen,rolling stock,defecte trein,0
58901,10,Thursday,3,0,8,1.0,Almere Oostvaarders - Utrecht Centraal,rolling stock,defecte trein,0
58902,11,Thursday,3,0,5,2.0,Amsterdam Centraal - Utrecht Centraal,unknown,technisch onderzoek,1
58903,12,Thursday,3,0,5,3.0,Almere Oostvaarders - Utrecht Centraal,rolling stock,defecte trein,0
58905,12,Thursday,3,0,5,1.0,Almere Oostvaarders - Utrecht Centraal,infrastructure,seinstoring,1
58907,14,Thursday,3,0,3,2.0,Arnhem Centraal - Nijmegen,rolling stock,defecte trein,0
58908,15,Thursday,3,0,5,1.0,Nijmegen - Venlo,external,bermbrand,0
58909,16,Thursday,3,0,5,1.0,Arnhem Centraal - Winterswijk,rolling stock,defecte trein,0
58910,16,Thursday,3,0,14,4.0,Almelo - Deventer,infrastructure,wisselstoring,1
58911,16,Thursday,3,0,3,2.0,Den Haag Centraal - Utrecht Centraal,rolling stock,defecte trein,0
58912,16,Thursday,3,0,2,1.0,Eindhoven - Venlo,rolling stock,defecte trein,0
58913,17,Thursday,3,0,2,1.0,Eindhoven - Venlo,rolling stock,defecte trein,1
58914,17,Thursday,3,0,4,2.0,'s-Hertogenbosch - Eindhoven,rolling stock,defecte trein,1
58915,19,Thursday,3,0,5,1.0,'s-Hertogenbosch - Nijmegen,rolling stock,defecte trein,0
58916,20,Thursday,3,0,2,1.0,Eindhoven - Venlo,rolling stock,defecte trein,0
58917,21,Thursday,3,0,6,1.0,Arnhem Centraal - Zutphen,unknown,technisch onderzoek,0
58918,22,Thursday,3,0,4,1.0,Alkmaar - Amsterdam Centraal,rolling stock,defecte trein,0
58920,5,Friday,3,0,4,2.0,Arnhem Centraal - Utrecht Centraal,infrastructure,wisselstoring,1
58921,7,Friday,3,0,2,2.0,Amsterdam Centraal - Lelystad Centrum,rolling stock,defecte trein,0
58922,8,Friday,3,0,11,1.0,Amsterdam Centraal - Utrecht Centraal,engineering work,spoedreparatie aan het spoor,1
58924,11,Friday,3,0,4,1.0,Alkmaar - Amsterdam Centraal,rolling stock,defecte trein,0
58926,11,Friday,3,0,5,1.0,Almere Oostvaarders - Utrecht Centraal,infrastructure,seinstoring,1
58927,12,Friday,3,0,4,1.0,Roermond - Sittard,unknown,technisch onderzoek,0
58928,13,Friday,3,0,2,1.0,Dordrecht - Rotterdam Centraal,infrastructure,defecte spoorbrug,0
58929,14,Friday,3,0,2,1.0,Leeuwarden - Zwolle,infrastructure,wisselstoring,1
58931,16,Friday,3,0,4,1.0,Leeuwarden - Stavoren,rolling stock,defecte trein,0
58932,17,Friday,3,0,2,1.0,'s-Hertogenbosch - Tilburg,rolling stock,defecte trein,1
58933,19,Friday,3,0,2,1.0,'s-Hertogenbosch - Tilburg,rolling stock,defecte trein,1
58934,19,Friday,3,0,3,1.0,Almere Oostvaarders - Utrecht Centraal,rolling stock,defecte trein,0
58935,19,Friday,3,0,8,1.0,Amsterdam Centraal - Lelystad Centrum,rolling stock,defecte trein,0
58936,20,Friday,3,0,3,2.0,Amersfoort - Amsterdam Centraal,unknown,technisch onderzoek,1
58937,21,Friday,3,0,12,1.0,Antwerpen-Centraal - Roosendaal,rolling stock,defecte trein,0
58938,7,Saturday,3,1,5,4.0,Arnhem Centraal - Basel SBB,infrastructure,wisselstoring,0
58939,8,Saturday,3,1,4,1.0,Amsterdam Centraal - Haarlem,rolling stock,defecte trein,0
58940,8,Saturday,3,1,4,1.0,Groningen - Zwolle,accidents,aanrijding,0
58941,9,Saturday,3,1,10,1.0,Heerlen - Maastricht,staff,problemen met de personeelsinzet,1
58942,9,Saturday,3,1,2,2.0,Groningen - Zwolle,rolling stock,defecte trein,0
58943,9,Saturday,3,1,7,1.0,Heerlen - Sittard,staff,problemen met de personeelsinzet,1
58944,10,Saturday,3,1,3,1.0,Haarlem - Uitgeest,infrastructure,storing in een tunnel,0
58945,12,Saturday,3,1,2,1.0,Roermond - Venlo,rolling stock,defecte trein,0
58946,13,Saturday,3,1,3,1.0,Breda - Roosendaal,rolling stock,defecte trein,0
58947,13,Saturday,3,1,4,1.0,Den Haag Centraal - Utrecht Centraal,rolling stock,defecte trein,0
58948,15,Saturday,3,1,5,1.0,'s-Hertogenbosch - Nijmegen,external,mensen langs het spoor,0
58949,15,Saturday,3,1,2,1.0,Leiden Centraal - Schiphol Airport,external,persoon op het spoor,0
58950,15,Saturday,3,1,4,1.0,Leiden Centraal - Schiphol Airport,external,persoon op het spoor,0
58953,18,Saturday,3,1,11,1.0,Amsterdam Centraal - Utrecht Centraal,rolling stock,defecte trein,0
58954,7,Sunday,3,1,3,1.0,Arnhem Centraal - Winterswijk,external,rommel op het spoor,1
58956,15,Sunday,3,1,3,1.0,Winterswijk - Zutphen,accidents,aanrijding,1
58957,15,Sunday,3,1,3,1.0,Alkmaar - Amsterdam Centraal,accidents,aanrijding,1
58958,15,Sunday,3,1,5,1.0,Amsterdam Centraal - Haarlem,accidents,aanrijding,1
58959,20,Sunday,3,1,4,3.0,Amsterdam Centraal - Utrecht Centraal,rolling stock,defecte trein,1
58960,20,Sunday,3,1,3,1.0,Groningen - Zwolle,rolling stock,gestrande trein,0
58961,6,Monday,3,0,2,1.0,Leiden Centraal - Schiphol Airport,rolling stock,defecte trein,0
58963,7,Monday,3,0,5,1.0,'s-Hertogenbosch - Nijmegen,rolling stock,defecte trein,1
58964,8,Monday,3,0,6,2.0,Liège-Guillemins - Maastricht,staff,acties in het buitenland,1
58965,11,Monday,3,0,2,1.0,Breda - Rotterdam Centraal (HSL),rolling stock,defecte trein,0
58966,12,Monday,3,0,3,1.0,Breda - Tilburg,accidents,aanrijding,1
58967,12,Monday,3,0,5,1.0,Amersfoort - Utrecht Centraal,rolling stock,defecte trein,0
58968,12,Monday,3,0,6,1.0,Rotterdam Centraal - Utrecht Centraal,infrastructure,seinstoring,1
58970,16,Monday,3,0,2,2.0,Amsterdam Centraal - Lelystad Centrum,rolling stock,defecte trein,0
58972,16,Monday,3,0,8,1.0,Dordrecht - Rotterdam Centraal,external,inzet van hulpdiensten,1
58974,18,Monday,3,0,2,1.0,Amersfoort - Ede-Wageningen,external,rommel op het spoor,0
58975,18,Monday,3,0,3,2.0,Breda - Dordrecht,rolling stock,defecte trein,0
58976,18,Monday,3,0,2,1.0,Breda - Rotterdam Centraal (HSL),rolling stock,defecte trein,0
58977,18,Monday,3,0,3,1.0,Leiden Centraal - Utrecht Centraal,rolling stock,defecte trein,0
58978,20,Monday,3,0,3,1.0,Breda - Roosendaal,rolling stock,defecte trein,0
58980,21,Monday,3,0,3,1.0,Breda - Roosendaal,rolling stock,defecte trein,0
58981,21,Monday,3,0,18,8.0,Amersfoort - Schiphol Airport,rolling stock,defecte trein,0
58982,5,Tuesday,3,0,7,2.0,'s-Hertogenbosch - Utrecht Centraal,accidents,aanrijding,1
58983,7,Tuesday,3,0,4,3.0,Berlin Ostbahnhof - Hengelo,rolling stock,beperkingen in de materieelinzet,1
58984,7,Tuesday,3,0,3,1.0,Enschede - Hengelo,rolling stock,defecte trein,0
58985,8,Tuesday,3,0,18,8.0,Amersfoort - Schiphol Airport,rolling stock,gestrande trein,0
58987,9,Tuesday,3,0,2,1.0,Den Haag Centraal - Leiden Centraal,rolling stock,gestrande trein,0
58988,11,Tuesday,3,0,5,1.0,Breda - Tilburg,rolling stock,defecte trein,0
58989,11,Tuesday,3,0,5,3.0,Almere Oostvaarders - Utrecht Centraal,rolling stock,defecte trein,0
58991,13,Tuesday,3,0,3,3.0,Arnhem Centraal - Basel SBB,rolling stock,defecte trein,0
58992,13,Tuesday,3,0,5,3.0,Den Haag Centraal - Utrecht Centraal,rolling stock,defecte trein,1
58993,13,Tuesday,3,0,2,1.0,Rotterdam Centraal - Schiphol Airport (HSL),rolling stock,defecte trein,0
58994,17,Tuesday,3,0,5,2.0,Amersfoort - Apeldoorn,infrastructure,systeemstoring,0
58996,18,Tuesday,3,0,5,1.0,Schiphol Airport - Utrecht Centraal,rolling stock,defecte trein,0
58997,19,Tuesday,3,0,2,1.0,Breda - Rotterdam Centraal (HSL),rolling stock,defecte trein,1
58998,20,Tuesday,3,0,4,1.0,Apeldoorn - Deventer,external,rommel op het spoor,0
58999,20,Tuesday,3,0,6,1.0,'s-Hertogenbosch - Eindhoven,rolling stock,defecte trein,0
59000,20,Tuesday,3,0,4,1.0,Apeldoorn - Deventer,accidents,aanrijding,1
59001,21,Tuesday,3,0,6,1.0,Arnhem Centraal - Tiel,external,rommel op het spoor,0
59002,4,Wednesday,3,0,9,1.0,Alkmaar - Amsterdam Centraal,infrastructure,defect spoor,1
59003,5,Wednesday,3,0,3,2.0,Amersfoort - Utrecht Centraal,engineering work,uitloop van werkzaamheden,0
59004,5,Wednesday,3,0,3,1.0,Arnhem Centraal - Winterswijk,infrastructure,seinstoring,1
59005,6,Wednesday,3,0,8,1.0,Arnhem Centraal - Zutphen,rolling stock,defecte trein,0
59007,7,Wednesday,3,0,5,1.0,Arnhem Centraal - Nijmegen,rolling stock,defecte trein,0
59009,8,Wednesday,3,0,6,2.0,Liège-Guillemins - Maastricht,staff,acties in het buitenland,1
59010,8,Wednesday,3,0,2,1.0,Roermond - Venlo,rolling stock,defecte trein,0
59011,8,Wednesday,3,0,2,1.0,Amersfoort - Utrecht Centraal,accidents,aanrijding,1
59012,8,Wednesday,3,0,3,2.0,Amersfoort - Schiphol Airport,rolling stock,defecte trein,0
59013,8,Wednesday,3,0,2,1.0,Amersfoort - Zwolle,weather,aangepaste dienstregeling,0
59014,9,Wednesday,3,0,2,3.0,Amersfoort - Schiphol Airport,rolling stock,defecte trein,0
59015,9,Wednesday,3,0,2,1.0,Breda - Rotterdam Centraal (HSL),rolling stock,defecte trein,0
59016,11,Wednesday,3,0,6,1.0,Dordrecht - Roosendaal,infrastructure,defecte bovenleiding,0
59017,18,Wednesday,3,0,18,8.0,Amersfoort - Schiphol Airport,rolling stock,gestrande trein,0
59018,22,Wednesday,3,0,2,1.0,Roermond - Venlo,rolling stock,gestrande trein,0
59019,6,Thursday,3,0,8,1.0,Amersfoort - Ede-Wageningen,weather,rijp aan de bovenleiding,0
59020,6,Thursday,3,0,8,1.0,Amersfoort - Ede-Wageningen,weather,rijp aan de bovenleiding,1
59021,8,Thursday,3,0,5,1.0,Amersfoort - Zwolle,rolling stock,defecte trein,0
59023,11,Thursday,3,0,18,8.0,Amersfoort - Schiphol Airport,rolling stock,defecte trein,1
59024,12,Thursday,3,0,15,3.0,Den Haag Centraal - Den Haag HS,rolling stock,defecte trein,0
59025,12,Thursday,3,0,4,3.0,Almere Oostvaarders - Utrecht Centraal,rolling stock,defecte trein,0
59026,13,Thursday,3,0,8,1.0,Groningen - Zwolle,unknown,technisch onderzoek,0
59027,13,Thursday,3,0,7,2.0,Den Haag Centraal - Utrecht Centraal,infrastructure,wisselstoring,1
59028,14,Thursday,3,0,2,3.0,Alphen a/d Rijn - Gouda,infrastructure,defecte spoorbrug,1
59029,16,Thursday,3,0,11,1.0,Roosendaal - Vlissingen,external,inzet van hulpdiensten,0
59030,17,Thursday,3,0,10,1.0,Amersfoort - Schiphol Airport,external,inzet van de politie,0
59031,17,Thursday,3,0,9,1.0,Lelystad Centrum - Schiphol Airport,rolling stock,defecte trein,0
59032,18,Thursday,3,0,2,1.0,Rotterdam Centraal - Schiphol Airport (HSL),rolling stock,defecte trein,0
59033,18,Thursday,3,0,2,1.0,Nijmegen - Venlo,engineering work,herstelwerkzaamheden,1
59034,18,Thursday,3,0,6,1.0,Eindhoven - Venlo,external,inzet van hulpdiensten,0
59035,19,Thursday,3,0,7,3.0,Arnhem Centraal - Basel SBB,infrastructure,defect spoor,1
59036,20,Thursday,3,0,5,1.0,Amersfoort - Zwolle,rolling stock,defecte trein,0
59037,22,Thursday,3,0,2,1.0,'s-Hertogenbosch - Nijmegen,accidents,aanrijding,0
59038,0,Friday,3,0,5,2.0,Amsterdam Centraal - Schiphol Airport,engineering work,werkzaamheden,1
59039,2,Friday,3,0,4,1.0,Amsterdam Centraal - Schiphol Airport,infrastructure,wisselstoring,1
59040,5,Friday,3,0,6,2.0,Liège-Guillemins - Maastricht,staff,acties in het buitenland,1
59041,5,Friday,3,0,2,1.0,Breda - Rotterdam Centraal (HSL),engineering work,herstelwerkzaamheden,1
59042,5,Friday,3,0,8,1.0,Dordrecht - Rotterdam Centraal,engineering work,herstelwerkzaamheden,1
59043,6,Friday,3,0,2,1.0,Leeuwarden - Zwolle,unknown,technisch onderzoek,1
59044,6,Friday,3,0,2,1.0,Leiden Centraal - Utrecht Centraal,external,persoon op het spoor,0
59045,8,Friday,3,0,3,2.0,Breda - Dordrecht,engineering work,herstelwerkzaamheden,1
59046,8,Friday,3,0,15,3.0,Den Haag Centraal - Den Haag HS,engineering work,herstelwerkzaamheden,1
59047,9,Friday,3,0,2,2.0,Brussel-Zuid/Midi - Rotterdam Centraal (HSL),engineering work,herstelwerkzaamheden,1
59049,11,Friday,3,0,2,1.0,Amsterdam Centraal - Hoorn,external,rommel op het spoor,0
59050,11,Friday,3,0,3,1.0,Alkmaar - Hoorn,external,rommel op het spoor,0
59051,11,Friday,3,0,11,1.0,Amsterdam Centraal - Utrecht Centraal,external,rommel op het spoor,0
59053,15,Friday,3,0,3,1.0,Haarlem - Zandvoort aan Zee,external,inzet van hulpdiensten,0
59054,16,Friday,3,0,4,1.0,Alkmaar - Amsterdam Centraal,rolling stock,defecte trein,0
59055,16,Friday,3,0,3,2.0,Amersfoort - Amsterdam Centraal,rolling stock,defecte trein,1
59056,16,Friday,3,0,18,8.0,Amersfoort - Schiphol Airport,rolling stock,defecte trein,0
59057,16,Friday,3,0,15,3.0,Den Haag Centraal - Den Haag HS,rolling stock,defecte trein,0
59059,7,Saturday,3,1,7,1.0,Heerlen - Sittard,staff,problemen met de personeelsinzet,1
59061,11,Saturday,3,1,9,1.0,'s-Hertogenbosch - Utrecht Centraal,unknown,technisch onderzoek,0
59062,11,Saturday,3,1,3,2.0,Amsterdam Centraal - Utrecht Centraal,rolling stock,defecte trein,0
59065,13,Saturday,3,1,6,1.0,Eindhoven - Venlo,rolling stock,defecte trein,0
59066,17,Saturday,3,1,5,1.0,Alkmaar - Hoorn,rolling stock,defecte trein,0
59068,18,Saturday,3,1,6,1.0,Haarlem - Uitgeest,rolling stock,defecte trein,0
59069,18,Saturday,3,1,4,1.0,Amsterdam Centraal - Haarlem,rolling stock,defecte trein,0
59071,23,Saturday,3,1,4,2.0,Almere Oostvaarders - Utrecht Centraal,infrastructure,seinstoring,0
59072,7,Sunday,3,1,3,3.0,Arnhem Centraal - Basel SBB,staff,problemen met de personeelsinzet,1
59073,8,Sunday,3,1,5,1.0,Amsterdam Centraal - Haarlem,rolling stock,gestrande trein,0
59074,8,Sunday,3,1,6,1.0,Eindhoven - Tilburg,rolling stock,defecte trein,0
59075,9,Sunday,3,1,4,2.0,'s-Hertogenbosch - Eindhoven,rolling stock,defecte trein,0
59076,10,Sunday,3,1,13,1.0,Lelystad Centrum - Schiphol Airport,rolling stock,defecte trein,0
59077,11,Sunday,3,1,5,1.0,'s-Hertogenbosch - Nijmegen,external,inzet van hulpdiensten,1
59078,14,Sunday,3,1,2,1.0,Amersfoort - Zwolle,rolling stock,defecte trein,0
59080,18,Sunday,3,1,4,1.0,Den Haag HS - Rotterdam Centraal,rolling stock,defecte trein,0
59081,19,Sunday,3,1,3,2.0,Antwerpen-Centraal - Breda (HSL),rolling stock,gestrande trein,0
59083,19,Sunday,3,1,4,2.0,Amsterdam Centraal - Utrecht Centraal,rolling stock,defecte trein,0
59084,22,Sunday,3,1,3,1.0,Nijmegen - Venlo,accidents,aanrijding,1
59085,0,Monday,3,0,5,1.0,Leiden Centraal - Schiphol Airport,rolling stock,defecte trein,0
59086,7,Monday,3,0,5,1.0,Liège-Guillemins - Maastricht,staff,acties in het buitenland,1
59087,7,Monday,3,0,3,1.0,Nijmegen - Venlo,external,inzet van de politie,0
59089,8,Monday,3,0,18,8.0,Amersfoort - Schiphol Airport,infrastructure,systeemstoring,1
59090,9,Monday,3,0,8,1.0,Dordrecht - Rotterdam Centraal,infrastructure,systeemstoring,1
59091,9,Monday,3,0,2,1.0,Breda - Rotterdam Centraal (HSL),infrastructure,systeemstoring,1
59092,9,Monday,3,0,6,2.0,'s-Hertogenbosch - Tilburg,infrastructure,systeemstoring,0
59093,9,Monday,3,0,3,2.0,Amsterdam Centraal - Utrecht Centraal,infrastructure,defecte bovenleiding,1
59096,17,Monday,3,0,2,1.0,Breda - Rotterdam Centraal (HSL),rolling stock,defecte trein,0
59098,18,Monday,3,0,4,1.0,'s-Hertogenbosch - Nijmegen,external,persoon op het spoor,0
59099,19,Monday,3,0,5,4.0,Arnhem Centraal - Basel SBB,rolling stock,defecte trein,0
59100,19,Monday,3,0,4,1.0,Eindhoven - Venlo,external,persoon op het spoor,0
59101,21,Monday,3,0,3,1.0,Eindhoven - Venlo,rolling stock,defecte trein,0
59102,5,Tuesday,4,0,4,1.0,Amsterdam Centraal - Schiphol Airport,engineering work,uitloop van werkzaamheden,1
59104,6,Tuesday,4,0,5,1.0,Amersfoort - Ede-Wageningen,rolling stock,beperkingen in de materieelinzet,1
59106,7,Tuesday,4,0,4,1.0,Amsterdam Centraal - Schiphol Airport,engineering work,uitloop van werkzaamheden,0
59108,7,Tuesday,4,0,4,1.0,Groningen - Zwolle,accidents,aanrijding,1
59109,8,Tuesday,4,0,2,1.0,Hamm (Westf.) - Venlo,logistical,problemen op het spoor in het buitenland,1
59111,8,Tuesday,4,0,5,1.0,Amersfoort - Ede-Wageningen,rolling stock,defecte trein,1
59112,10,Tuesday,4,0,3,1.0,Leeuwarden - Zwolle,infrastructure,defecte spoorbrug,1
59114,11,Tuesday,4,0,7,1.0,Den Haag HS - Rotterdam Centraal,rolling stock,defecte trein,1
59115,11,Tuesday,4,0,2,1.0,Breda - Rotterdam Centraal (HSL),rolling stock,defecte trein,1
59116,11,Tuesday,4,0,8,1.0,Dordrecht - Rotterdam Centraal,rolling stock,defecte trein,1
59118,15,Tuesday,4,0,2,4.0,Alkmaar - Amsterdam Centraal,unknown,technisch onderzoek,1
59120,15,Tuesday,4,0,2,1.0,Breda - Rotterdam Centraal (HSL),rolling stock,defecte trein,0
59121,17,Tuesday,4,0,2,1.0,Amsterdam Centraal - Hoorn,rolling stock,defecte trein,1
59122,18,Tuesday,4,0,13,1.0,Lelystad Centrum - Schiphol Airport,rolling stock,defecte trein,0
59123,18,Tuesday,4,0,5,1.0,Leiden Centraal - Schiphol Airport,rolling stock,defecte trein,0
59124,18,Tuesday,4,0,2,1.0,Rotterdam Centraal - Schiphol Airport (HSL),rolling stock,defecte trein,0
59126,20,Tuesday,4,0,3,1.0,Leeuwarden - Zwolle,rolling stock,defecte trein,0
59127,20,Tuesday,4,0,3,1.0,Leeuwarden - Zwolle,rolling stock,defecte trein,0
59128,20,Tuesday,4,0,2,1.0,Dordrecht - Geldermalsen,rolling stock,defecte trein,0
59129,20,Tuesday,4,0,2,1.0,Roosendaal - Vlissingen,unknown,technisch onderzoek,1
59130,20,Tuesday,4,0,4,1.0,Arnhem Centraal - Utrecht Centraal,accidents,aanrijding,1
59131,21,Tuesday,4,0,6,1.0,Den Haag Centraal - Leiden Centraal,accidents,aanrijding,1
59132,21,Tuesday,4,0,5,1.0,Leiden Centraal - Schiphol Airport,accidents,aanrijding,1
59133,21,Tuesday,4,0,7,2.0,Amsterdam Centraal - Utrecht Centraal,accidents,aanrijding,1
59135,22,Tuesday,4,0,3,1.0,Roosendaal - Vlissingen,accidents,aanrijding,1
59136,23,Tuesday,4,0,3,2.0,Breda - Dordrecht,rolling stock,defecte trein,0
59138,5,Wednesday,4,0,7,3.0,Arnhem Centraal - Basel SBB,rolling stock,defecte trein,1
59140,6,Wednesday,4,0,2,1.0,Breda - Rotterdam Centraal (HSL),rolling stock,defecte trein,1
59141,6,Wednesday,4,0,15,3.0,Den Haag Centraal - Den Haag HS,rolling stock,defecte trein,0
59142,7,Wednesday,4,0,3,2.0,Breda - Dordrecht,rolling stock,defecte trein,0
59143,8,Wednesday,4,0,4,1.0,Leeuwarden - Stavoren,rolling stock,defecte trein,0
59144,9,Wednesday,4,0,6,1.0,Aachen Hbf - Heerlen,staff,problemen met de personeelsinzet,1
59145,10,Wednesday,4,0,6,1.0,Eindhoven - Venlo,rolling stock,defecte trein,0
59146,14,Wednesday,4,0,2,3.0,Amersfoort - Schiphol Airport,rolling stock,defecte trein,0
59148,14,Wednesday,4,0,24,3.0,'s-Hertogenbosch - Eindhoven,external,inzet van de brandweer,1
59151,15,Wednesday,4,0,5,4.0,Arnhem Centraal - Basel SBB,infrastructure,defecte bovenleiding,0
59154,18,Wednesday,4,0,2,1.0,Groningen - Zwolle,external,voorwerp in de bovenleiding,0
59156,22,Wednesday,4,0,2,1.0,Eindhoven - Venlo,rolling stock,gestrande trein,0
59157,6,Thursday,4,0,5,1.0,Almelo - Mariënberg,rolling stock,defecte trein,0
59158,7,Thursday,4,0,3,1.0,Aachen Hbf - Heerlen,infrastructure,seinstoring,0
59159,7,Thursday,4,0,4,2.0,Arnhem Centraal - Utrecht Centraal,rolling stock,defecte trein,0
59160,7,Thursday,4,0,2,1.0,Emmen - Zwolle,infrastructure,wisselstoring,1
59161,7,Thursday,4,0,5,1.0,Schiphol Airport - Utrecht Centraal,rolling stock,defecte trein,0
59162,9,Thursday,4,0,24,3.0,'s-Hertogenbosch - Eindhoven,rolling stock,defecte trein,1
59163,10,Thursday,4,0,2,1.0,Breda - Rotterdam Centraal (HSL),rolling stock,defecte trein,0
59164,11,Thursday,4,0,3,1.0,Tiel - Utrecht Centraal,unknown,technisch onderzoek,1
59165,12,Thursday,4,0,4,1.0,Aachen Hbf - Heerlen,rolling stock,defecte trein,1
59166,13,Thursday,4,0,2,1.0,Deventer - Zwolle,accidents,aanrijding,1
59167,14,Thursday,4,0,2,1.0,'s-Hertogenbosch - Tilburg,rolling stock,defecte trein,0
59168,14,Thursday,4,0,3,1.0,Arnhem Centraal - Nijmegen,accidents,aanrijding,1
59169,15,Thursday,4,0,6,1.0,Den Haag Centraal - Leiden Centraal,unknown,technisch onderzoek,1
59170,15,Thursday,4,0,6,1.0,Rhenen - Utrecht Centraal,infrastructure,wisselstoring,1
59172,15,Thursday,4,0,7,2.0,Amsterdam Centraal - Utrecht Centraal,infrastructure,wisselstoring,1
59173,15,Thursday,4,0,2,1.0,'s-Hertogenbosch - Tilburg,rolling stock,defecte trein,0
59174,16,Thursday,4,0,6,1.0,Rotterdam Centraal - Utrecht Centraal,rolling stock,defecte trein,0
59176,17,Thursday,4,0,5,1.0,Almere Oostvaarders - Utrecht Centraal,external,bermbrand,1
59179,19,Thursday,4,0,2,3.0,Amersfoort - Schiphol Airport,rolling stock,gestrande trein,0
59180,20,Thursday,4,0,7,3.0,Den Haag Centraal - Den Haag HS,engineering work,herstelwerkzaamheden,1
59181,20,Thursday,4,0,6,1.0,Den Haag Centraal - Leiden Centraal,engineering work,herstelwerkzaamheden,1
59182,21,Thursday,4,0,4,1.0,Almelo - Deventer,accidents,aanrijding,0
59183,21,Thursday,4,0,4,1.0,Almelo - Deventer,accidents,aanrijding,0
59184,5,Friday,4,0,9,1.0,Amsterdam Centraal - Utrecht Centraal,rolling stock,defecte trein,1
59185,7,Friday,4,0,4,2.0,Amsterdam Centraal - Utrecht Centraal,rolling stock,defecte trein,1
59186,7,Friday,4,0,4,1.0,Roermond - Sittard,rolling stock,gestrande trein,0
59187,8,Friday,4,0,4,1.0,Roermond - Sittard,infrastructure,overwegstoring,1
59189,12,Friday,4,0,5,1.0,Amsterdam Centraal - Haarlem,accidents,beschadigde spoorbrug,0
59190,14,Friday,4,0,2,1.0,Breda - Rotterdam Centraal (HSL),external,dier op het spoor,0
59191,15,Friday,4,0,5,1.0,Breda - Tilburg,unknown,technisch onderzoek,1
59193,16,Friday,4,0,2,1.0,'s-Hertogenbosch - Tilburg,infrastructure,seinstoring,0
59194,17,Friday,4,0,7,1.0,Delfzijl - Groningen,infrastructure,seinstoring,1
59195,17,Friday,4,0,4,1.0,Aachen Hbf - Heerlen,rolling stock,defecte trein,1
59196,18,Friday,4,0,8,2.0,Den Haag Centraal - Den Haag HS,infrastructure,wisselstoring,1
59197,20,Friday,4,0,4,1.0,Eindhoven - Venlo,engineering work,herstelwerkzaamheden,0
59198,21,Friday,4,0,3,2.0,Antwerpen-Centraal - Breda (HSL),rolling stock,defecte trein,0
59199,21,Friday,4,0,2,1.0,Antwerpen-Centraal - Roosendaal,external,voertuig op het spoor,1
59200,21,Friday,4,0,8,1.0,Amersfoort - Ede-Wageningen,rolling stock,gestrande trein,0
59201,23,Friday,4,0,4,1.0,Almelo - Deventer,external,rommel op het spoor,0
59202,1,Saturday,4,1,6,1.0,Aachen Hbf - Heerlen,staff,problemen met de personeelsinzet,1
59203,1,Saturday,4,1,7,3.0,Arnhem Centraal - Basel SBB,staff,problemen met de personeelsinzet,1
59204,9,Saturday,4,1,2,1.0,Amersfoort - Ede-Wageningen,infrastructure,seinstoring,1
59205,15,Saturday,4,1,7,1.0,Heerlen - Sittard,staff,problemen met de personeelsinzet,1
59206,16,Saturday,4,1,5,1.0,Almere Oostvaarders - Utrecht Centraal,rolling stock,defecte trein,0
59207,17,Saturday,4,1,2,1.0,Rotterdam Centraal - Schiphol Airport (HSL),rolling stock,defecte trein,0
59208,20,Saturday,4,1,3,1.0,'s-Hertogenbosch - Utrecht Centraal,infrastructure,wisselstoring,0
59209,21,Saturday,4,1,8,1.0,Haarlem - Uitgeest,external,om veiligheidsredenen,0
59210,21,Saturday,4,1,2,1.0,Rotterdam Centraal - Schiphol Airport (HSL),external,brandmelding,0
59211,7,Sunday,4,1,7,3.0,Arnhem Centraal - Basel SBB,rolling stock,beperkingen in de materieelinzet,1
59212,7,Sunday,4,1,5,1.0,'s-Hertogenbosch - Nijmegen,rolling stock,gestrande trein,0
59213,9,Sunday,4,1,4,1.0,Roermond - Sittard,infrastructure,seinstoring,1
59214,10,Sunday,4,1,5,1.0,Roermond - Venlo,rolling stock,defecte trein,0
59215,12,Sunday,4,1,4,1.0,Apeldoorn - Deventer,accidents,aanrijding,1
59216,17,Sunday,4,1,5,1.0,Schiphol Airport - Utrecht Centraal,external,inzet van hulpdiensten,0
59217,17,Sunday,4,1,5,1.0,Leiden Centraal - Schiphol Airport,external,inzet van hulpdiensten,0
59218,18,Sunday,4,1,3,1.0,Alkmaar - Amsterdam Centraal,rolling stock,defecte trein,0
59219,19,Sunday,4,1,7,1.0,Den Haag HS - Rotterdam Centraal,external,mensen op het spoor,0
59221,6,Monday,4,0,10,1.0,Amsterdam Centraal - Lelystad Centrum,infrastructure,wisselstoring,1
59223,12,Monday,4,0,8,1.0,Dordrecht - Rotterdam Centraal,infrastructure,seinstoring,0
59224,12,Monday,4,0,5,2.0,Eindhoven - Roermond,rolling stock,defecte trein,0
59227,17,Monday,4,0,7,2.0,Brussel-Zuid/Midi - Rotterdam Centraal (HSL),accidents,aanrijding,1
59228,19,Monday,4,0,2,1.0,Amersfoort - Utrecht Centraal,external,persoon op het spoor,0
59229,4,Tuesday,4,0,3,1.0,Alkmaar - Hoorn,infrastructure,defecte bovenleiding,1
59230,4,Tuesday,4,0,8,2.0,Bielefeld Hbf - Hengelo,staff,problemen met de personeelsinzet,1
59231,5,Tuesday,4,0,6,1.0,Alphen a/d Rijn - Gouda,infrastructure,seinstoring,0
59232,5,Tuesday,4,0,6,2.0,Liège-Guillemins - Maastricht,staff,acties in het buitenland,1
59233,7,Tuesday,4,0,3,1.0,'s-Hertogenbosch - Nijmegen,infrastructure,seinstoring,1
59234,9,Tuesday,4,0,5,4.0,Arnhem Centraal - Basel SBB,rolling stock,defecte trein,1
59235,10,Tuesday,4,0,2,1.0,Breda - Rotterdam Centraal (HSL),rolling stock,defecte trein,0
59236,10,Tuesday,4,0,3,1.0,Almelo - Zwolle,infrastructure,stroomstoring,1
59237,13,Tuesday,4,0,12,1.0,Rotterdam Centraal - Utrecht Centraal,rolling stock,defecte trein,0
59238,13,Tuesday,4,0,1,4.0,'s-Hertogenbosch - Eindhoven,infrastructure,stroomstoring,1
59239,13,Tuesday,4,0,2,3.0,'s-Hertogenbosch - Tilburg,infrastructure,stroomstoring,1
59240,14,Tuesday,4,0,2,2.0,Den Haag Centraal - Utrecht Centraal,rolling stock,defecte trein,1
59241,15,Tuesday,4,0,2,1.0,'s-Hertogenbosch - Tilburg,infrastructure,overwegstoring,1
59242,15,Tuesday,4,0,6,1.0,Eindhoven - Venlo,unknown,technisch onderzoek,1
59243,15,Tuesday,4,0,2,1.0,Breda - Rotterdam Centraal (HSL),infrastructure,wisselstoring,0
59244,16,Tuesday,4,0,4,2.0,Arnhem Centraal - Utrecht Centraal,rolling stock,defecte trein,0
59245,20,Tuesday,4,0,8,1.0,Almere Oostvaarders - Utrecht Centraal,rolling stock,defecte trein,0
59246,20,Tuesday,4,0,3,1.0,Almere Oostvaarders - Utrecht Centraal,rolling stock,defecte trein,0
59247,6,Wednesday,4,0,2,1.0,Arnhem Centraal - Utrecht Centraal,rolling stock,gestrande trein,0
59248,7,Wednesday,4,0,2,1.0,Groningen - Zwolle,accidents,aanrijding,1
59249,7,Wednesday,4,0,3,1.0,Leiden Centraal - Utrecht Centraal,rolling stock,gestrande trein,0
59250,8,Wednesday,4,0,3,3.0,Arnhem Centraal - Basel SBB,rolling stock,defecte trein,0
59251,8,Wednesday,4,0,2,1.0,Amersfoort - Zwolle,rolling stock,defecte trein,0
59252,8,Wednesday,4,0,7,3.0,Arnhem Centraal - Basel SBB,rolling stock,defecte trein,1
59253,9,Wednesday,4,0,3,1.0,Breda - Tilburg,rolling stock,gestrande trein,0
59254,9,Wednesday,4,0,4,1.0,Haarlem - Leiden Centraal,accidents,beschadigde spoorbrug,1
59255,9,Wednesday,4,0,6,1.0,Den Haag Centraal - Leiden Centraal,accidents,beschadigde spoorbrug,1
59256,10,Wednesday,4,0,2,1.0,'s-Hertogenbosch - Tilburg,external,persoon op het spoor,0
59257,12,Wednesday,4,0,5,3.0,Almere Oostvaarders - Utrecht Centraal,external,rommel op het spoor,0
59258,13,Wednesday,4,0,2,1.0,Arnhem Centraal - Utrecht Centraal,external,inzet van de politie,0
59259,13,Wednesday,4,0,2,1.0,Leiden Centraal - Schiphol Airport,rolling stock,defecte trein,0
59260,16,Wednesday,4,0,8,1.0,Leeuwarden - Zwolle,external,persoon op het spoor,0
59263,17,Wednesday,4,0,3,1.0,Breda - Tilburg,accidents,aanrijding,0
59264,17,Wednesday,4,0,6,1.0,Rotterdam Centraal - Utrecht Centraal,external,inzet van de politie,0
59265,18,Wednesday,4,0,18,8.0,Amersfoort - Schiphol Airport,rolling stock,defecte trein,0
59266,18,Wednesday,4,0,15,3.0,Den Haag Centraal - Den Haag HS,rolling stock,defecte trein,0
59267,20,Wednesday,4,0,6,1.0,Arnhem Centraal - Zutphen,unknown,technisch onderzoek,0
59269,21,Wednesday,4,0,2,2.0,Amsterdam Centraal - Utrecht Centraal,infrastructure,defect spoor,1
59270,21,Wednesday,4,0,2,1.0,Breda - Rotterdam Centraal (HSL),rolling stock,defecte trein,0
59271,21,Wednesday,4,0,6,1.0,Eindhoven - Venlo,rolling stock,gestrande trein,0
59272,21,Wednesday,4,0,3,6.0,Amersfoort - Amsterdam Centraal,external,inzet van hulpdiensten,0
59273,6,Thursday,4,0,3,1.0,Tiel - Utrecht Centraal,rolling stock,gestrande trein,0
59274,6,Thursday,4,0,18,8.0,Amersfoort - Schiphol Airport,rolling stock,gestrande trein,0
59275,6,Thursday,4,0,5,1.0,Leiden Centraal - Schiphol Airport,rolling stock,defecte trein,0
59276,8,Thursday,4,0,5,1.0,Heerlen - Maastricht,rolling stock,defecte trein,0
59277,8,Thursday,4,0,4,2.0,Arnhem Centraal - Utrecht Centraal,rolling stock,defecte trein,0
59278,8,Thursday,4,0,4,2.0,Amsterdam Centraal - Utrecht Centraal,rolling stock,defecte trein,0
59279,8,Thursday,4,0,4,2.0,Amersfoort - Schiphol Airport,rolling stock,defecte trein,0
59281,9,Thursday,4,0,2,1.0,Antwerpen-Centraal - Roosendaal,rolling stock,defecte trein,1
59282,12,Thursday,4,0,3,1.0,Emmen - Zwolle,accidents,aanrijding,1
59283,12,Thursday,4,0,4,1.0,Emmen - Zwolle,accidents,aanrijding,0
59284,12,Thursday,4,0,2,1.0,Emmen - Zwolle,accidents,aanrijding,0
59285,14,Thursday,4,0,11,1.0,Roosendaal - Vlissingen,rolling stock,defecte trein,1
59286,17,Thursday,4,0,5,1.0,Amersfoort - Ede-Wageningen,external,voertuig op het spoor,0
59287,18,Thursday,4,0,2,7.0,Amersfoort - Schiphol Airport,rolling stock,defecte trein,0
59288,19,Thursday,4,0,2,1.0,Groningen - Leeuwarden,infrastructure,seinstoring,0
59289,19,Thursday,4,0,5,1.0,Amersfoort - Zwolle,external,rommel op het spoor,0
59290,21,Thursday,4,0,2,1.0,Roermond - Venlo,rolling stock,gestrande trein,0
59291,0,Friday,4,0,5,1.0,Roermond - Venlo,accidents,aanrijding,1
59292,8,Friday,4,0,8,1.0,Dordrecht - Rotterdam Centraal,rolling stock,gestrande trein,0
59293,8,Friday,4,0,3,1.0,Eindhoven - Venlo,rolling stock,defecte trein,0
59294,12,Friday,4,0,5,1.0,Amersfoort - Utrecht Centraal,external,inzet van hulpdiensten,0
59295,16,Friday,4,0,5,2.0,Amsterdam Centraal - Schiphol Airport,rolling stock,defecte trein,0
59296,16,Friday,4,0,5,1.0,Schiphol Airport - Utrecht Centraal,rolling stock,defecte trein,0
59297,17,Friday,4,0,2,1.0,Alphen a/d Rijn - Gouda,infrastructure,wisselstoring,1
59298,17,Friday,4,0,3,1.0,Eindhoven - Tilburg,rolling stock,defecte trein,0
59299,18,Friday,4,0,9,1.0,Groningen - Leeuwarden,rolling stock,defecte trein,0
59300,19,Friday,4,0,6,1.0,Eindhoven - Tilburg,infrastructure,seinstoring,1
59301,0,Saturday,4,1,2,1.0,Arnhem Centraal - Winterswijk,external,rommel op het spoor,1
59302,8,Saturday,4,1,6,1.0,Heerlen - Maastricht,rolling stock,defecte trein,0
59303,8,Saturday,4,1,4,2.0,Arnhem Centraal - Utrecht Centraal,infrastructure,seinstoring,1
59304,8,Saturday,4,1,4,1.0,Deventer - Zwolle,rolling stock,defecte trein,0
59305,9,Saturday,4,1,18,8.0,Amersfoort - Schiphol Airport,rolling stock,defecte trein,1
59306,10,Saturday,4,1,4,1.0,Roermond - Sittard,infrastructure,seinstoring,1
59307,11,Saturday,4,1,9,1.0,Eindhoven - Venlo,rolling stock,defecte trein,1
59308,12,Saturday,4,1,3,3.0,Berlin Ostbahnhof - Hengelo,infrastructure,overwegstoring,0
59309,13,Saturday,4,1,4,2.0,Breda - Tilburg,rolling stock,defecte trein,0
59310,13,Saturday,4,1,5,3.0,Almere Oostvaarders - Utrecht Centraal,rolling stock,defecte trein,0
59311,13,Saturday,4,1,2,1.0,Amersfoort - Zwolle,rolling stock,defecte trein,0
59313,16,Saturday,4,1,5,1.0,Almere Oostvaarders - Utrecht Centraal,external,bermbrand,0
59314,18,Saturday,4,1,3,1.0,Eindhoven - Tilburg,rolling stock,defecte trein,0
59315,19,Saturday,4,1,6,1.0,Haarlem - Uitgeest,external,inzet van de politie,0
59316,20,Saturday,4,1,3,1.0,Breda - Dordrecht,infrastructure,seinstoring,0
59317,6,Sunday,4,1,5,2.0,Amersfoort - Apeldoorn,infrastructure,seinstoring,1
59318,6,Sunday,4,1,4,1.0,Amersfoort - Ede-Wageningen,infrastructure,seinstoring,1
59319,6,Sunday,4,1,5,1.0,Breda - Tilburg,external,inzet van hulpdiensten,0
59320,7,Sunday,4,1,4,1.0,Almelo - Deventer,engineering work,uitloop van werkzaamheden,1
59321,8,Sunday,4,1,2,2.0,Amersfoort - Amsterdam Centraal,infrastructure,defecte bovenleiding,0
59322,9,Sunday,4,1,8,2.0,Bielefeld Hbf - Hengelo,rolling stock,beperkingen in de materieelinzet,1
59323,13,Sunday,4,1,18,8.0,Amersfoort - Schiphol Airport,external,dier op het spoor,1
59324,15,Sunday,4,1,3,1.0,Roermond - Venlo,external,persoon op het spoor,0
59325,15,Sunday,4,1,8,2.0,Bielefeld Hbf - Hengelo,staff,problemen met de personeelsinzet,1
59326,20,Sunday,4,1,5,2.0,Amersfoort - Amsterdam Centraal,external,persoon op het spoor,0
59327,21,Sunday,4,1,4,2.0,Amsterdam Centraal - Utrecht Centraal,external,persoon op het spoor,0
59328,21,Sunday,4,1,6,1.0,Eindhoven - Venlo,rolling stock,gestrande trein,0
59329,22,Sunday,4,1,6,1.0,Heerlen - Maastricht,rolling stock,defecte trein,0
59330,4,Monday,4,0,4,2.0,Amsterdam Centraal - Utrecht Centraal,engineering work,uitloop van werkzaamheden,1
59332,6,Monday,4,0,5,1.0,Haarlem - Leiden Centraal,rolling stock,gestrande trein,0
59333,6,Monday,4,0,2,1.0,Almelo - Zwolle,infrastructure,seinstoring,1
59334,7,Monday,4,0,4,1.0,Eindhoven - Venlo,rolling stock,defecte trein,0
59335,9,Monday,4,0,3,2.0,Amersfoort - Amsterdam Centraal,unknown,technisch onderzoek,0
59337,10,Monday,4,0,6,1.0,Leeuwarden - Stavoren,accidents,aanrijding,1
59338,10,Monday,4,0,9,2.0,Eindhoven - Roermond,rolling stock,rook in een trein,1
59339,10,Monday,4,0,18,8.0,Amersfoort - Schiphol Airport,rolling stock,defecte trein,0
59341,12,Monday,4,0,5,1.0,Apeldoorn - Zutphen,infrastructure,seinstoring,1
59342,13,Monday,4,0,7,1.0,Eindhoven - Venlo,infrastructure,defecte bovenleiding,1
59343,13,Monday,4,0,4,2.0,'s-Hertogenbosch - Eindhoven,infrastructure,defecte bovenleiding,1
59344,15,Monday,4,0,4,1.0,Eindhoven - Venlo,rolling stock,defecte trein,0
59345,16,Monday,4,0,6,1.0,Eindhoven - Venlo,infrastructure,beschadigde bovenleiding,1
59346,19,Monday,4,0,7,1.0,Den Haag HS - Rotterdam Centraal,rolling stock,defecte trein,0
59347,19,Monday,4,0,11,1.0,Roosendaal - Vlissingen,rolling stock,defecte trein,0
59348,20,Monday,4,0,5,1.0,Breda - Tilburg,rolling stock,defecte trein,0
59349,21,Monday,4,0,7,2.0,Brussel-Zuid/Midi - Rotterdam Centraal (HSL),staff,acties in het buitenland,1
59350,6,Tuesday,4,0,5,2.0,Amersfoort - Amsterdam Centraal,rolling stock,defecte trein,0
59352,8,Tuesday,4,0,2,1.0,Roermond - Venlo,rolling stock,defecte trein,0
59353,10,Tuesday,4,0,4,1.0,Den Haag Centraal - Utrecht Centraal,rolling stock,defecte trein,0
59354,11,Tuesday,4,0,5,1.0,Eindhoven - Roermond,rolling stock,defecte trein,0
59355,11,Tuesday,4,0,2,1.0,Leiden Centraal - Schiphol Airport,rolling stock,defecte trein,0
59357,11,Tuesday,4,0,4,2.0,'s-Hertogenbosch - Eindhoven,rolling stock,defecte trein,0
59358,12,Tuesday,4,0,5,1.0,Breda - Tilburg,rolling stock,defecte trein,0
59360,14,Tuesday,4,0,4,1.0,Groningen - Zwolle,rolling stock,defecte trein,0
59361,14,Tuesday,4,0,3,1.0,Arnhem Centraal - Zutphen,rolling stock,defecte trein,0
59362,18,Tuesday,4,0,8,2.0,Amsterdam Centraal - Utrecht Centraal,external,inzet van hulpdiensten,0
59364,5,Wednesday,4,0,2,1.0,Lelystad Centrum - Zwolle,infrastructure,seinstoring,1
59366,6,Wednesday,4,0,7,1.0,Heerlen - Sittard,infrastructure,wisselstoring,1
59367,6,Wednesday,4,0,3,3.0,Almere Oostvaarders - Utrecht Centraal,accidents,aanrijding,0
59368,7,Wednesday,4,0,6,1.0,'s-Hertogenbosch - Nijmegen,rolling stock,defecte trein,0
59371,8,Wednesday,4,0,3,3.0,Berlin Ostbahnhof - Hengelo,rolling stock,defecte trein,0
59372,8,Wednesday,4,0,6,1.0,Harlingen Haven - Leeuwarden,accidents,aanrijding,1
59373,8,Wednesday,4,0,5,1.0,Harlingen Haven - Leeuwarden,accidents,aanrijding,0
59374,9,Wednesday,4,0,5,1.0,Eindhoven - Roermond,infrastructure,wisselstoring,1
59375,9,Wednesday,4,0,5,1.0,Amersfoort - Ede-Wageningen,infrastructure,seinstoring,1
59376,10,Wednesday,4,0,6,1.0,Dordrecht - Roosendaal,external,inzet van hulpdiensten,1
59377,10,Wednesday,4,0,8,1.0,Dordrecht - Rotterdam Centraal,external,inzet van hulpdiensten,1
59378,10,Wednesday,4,0,2,1.0,Amersfoort - Apeldoorn,infrastructure,seinstoring,1
59379,11,Wednesday,4,0,5,1.0,Breda - Tilburg,rolling stock,defecte trein,0
59380,11,Wednesday,4,0,6,1.0,Arnhem Centraal - Zutphen,rolling stock,defecte trein,0
59381,12,Wednesday,4,0,4,2.0,'s-Hertogenbosch - Eindhoven,infrastructure,defecte bovenleiding,1
59382,12,Wednesday,4,0,9,1.0,'s-Hertogenbosch - Utrecht Centraal,infrastructure,defecte bovenleiding,1
59383,16,Wednesday,4,0,5,1.0,Almelo - Mariënberg,rolling stock,defecte trein,1
59384,18,Wednesday,4,0,8,1.0,Dordrecht - Rotterdam Centraal,external,inzet van hulpdiensten,0
59385,21,Wednesday,4,0,2,1.0,Emmen - Zwolle,rolling stock,defecte trein,1
59386,22,Wednesday,4,0,3,1.0,'s-Hertogenbosch - Nijmegen,external,rommel op het spoor,1
59388,23,Wednesday,4,0,5,1.0,Amsterdam Centraal - Haarlem,accidents,aanrijding,0
59389,23,Wednesday,4,0,3,8.0,Alkmaar - Amsterdam Centraal,infrastructure,stroomstoring,1
59390,23,Wednesday,4,0,11,1.0,Roosendaal - Vlissingen,logistical,problemen op het spoor in het buitenland,1
59391,6,Thursday,4,0,6,1.0,Almelo - Mariënberg,rolling stock,beperkingen in de materieelinzet,1
59392,9,Thursday,4,0,3,2.0,Antwerpen-Centraal - Breda (HSL),rolling stock,gestrande trein,0
59393,10,Thursday,4,0,6,1.0,Arnhem Centraal - Winterswijk,rolling stock,defecte trein,0
59394,11,Thursday,4,0,2,1.0,Alkmaar - Den Helder,rolling stock,defecte trein,0
59395,11,Thursday,4,0,4,1.0,'s-Hertogenbosch - Nijmegen,rolling stock,defecte trein,0
59396,13,Thursday,4,0,2,1.0,Arnhem Centraal - Utrecht Centraal,rolling stock,defecte trein,0
59397,14,Thursday,4,0,3,1.0,Breda - Tilburg,accidents,aanrijding,1
59398,15,Thursday,4,0,3,1.0,Aachen Hbf - Heerlen,logistical,problemen op het spoor in het buitenland,1
59399,16,Thursday,4,0,7,2.0,'s-Hertogenbosch - Utrecht Centraal,infrastructure,defect spoor,1
59400,17,Thursday,4,0,5,2.0,Amersfoort - Amsterdam Centraal,infrastructure,overwegstoring,0
59401,17,Thursday,4,0,8,1.0,Almere Oostvaarders - Utrecht Centraal,infrastructure,overwegstoring,0
59402,17,Thursday,4,0,7,2.0,'s-Hertogenbosch - Utrecht Centraal,infrastructure,defect spoor,0
59403,17,Thursday,4,0,4,1.0,Arnhem Centraal - Utrecht Centraal,rolling stock,defecte trein,1
59404,19,Thursday,4,0,5,2.0,Amsterdam Centraal - Utrecht Centraal,rolling stock,defecte trein,0
59405,21,Thursday,4,0,3,1.0,Breda - Roosendaal,rolling stock,defecte trein,0
59407,21,Thursday,4,0,2,2.0,Amersfoort - Amsterdam Centraal,rolling stock,defecte trein,0
59408,0,Friday,4,0,2,1.0,'s-Hertogenbosch - Tilburg,external,rommel op het spoor,0
59409,8,Friday,4,0,11,1.0,Roosendaal - Vlissingen,rolling stock,defecte trein,1
59410,8,Friday,4,0,2,1.0,Breda - Rotterdam Centraal (HSL),engineering work,uitloop van werkzaamheden,1
59411,9,Friday,4,0,2,2.0,Groningen - Bad Nieuweschans,infrastructure,seinstoring,1
59412,12,Friday,4,0,2,1.0,Breda - Rotterdam Centraal (HSL),infrastructure,seinstoring,0
59413,14,Friday,4,0,2,1.0,Breda - Rotterdam Centraal (HSL),infrastructure,seinstoring,1
59416,16,Friday,4,0,3,1.0,Leiden Centraal - Utrecht Centraal,logistical,eerdere verstoring,0
59417,19,Friday,4,0,3,1.0,Arnhem Centraal - Nijmegen,rolling stock,defecte trein,1
59418,21,Friday,4,0,8,1.0,Eindhoven - Venlo,external,rommel op het spoor,0
59419,13,Saturday,4,1,3,1.0,Dordrecht - Geldermalsen,accidents,aanrijding,1
59420,14,Saturday,4,1,2,1.0,Alkmaar - Den Helder,rolling stock,defecte trein,0
59421,14,Saturday,4,1,9,1.0,Leeuwarden - Stavoren,infrastructure,seinstoring,1
59422,16,Saturday,4,1,2,1.0,Amersfoort - Zwolle,rolling stock,defecte trein,0
59423,16,Saturday,4,1,2,1.0,Dordrecht - Geldermalsen,external,persoon op het spoor,0
59424,18,Saturday,4,1,5,1.0,Almelo - Deventer,accidents,aanrijding,1
59425,20,Saturday,4,1,9,1.0,Delfzijl - Groningen,external,inzet van de politie,0
59426,13,Sunday,4,1,6,1.0,Haarlem - Uitgeest,rolling stock,defecte trein,0
59427,14,Sunday,4,1,3,1.0,Enschede - Hengelo,rolling stock,defecte trein,0
59428,16,Sunday,4,1,8,1.0,Alkmaar - Amsterdam Centraal,rolling stock,defecte trein,0
59429,16,Sunday,4,1,2,2.0,Amersfoort - Amsterdam Centraal,rolling stock,gestrande trein,0
59430,17,Sunday,4,1,2,1.0,Dordrecht - Rotterdam Centraal,infrastructure,defecte spoorbrug,0
59431,18,Sunday,4,1,4,1.0,Groningen - Zwolle,external,inzet van de politie,0
59432,19,Sunday,4,1,3,1.0,Leeuwarden - Zwolle,rolling stock,defecte trein,0
59433,7,Monday,4,0,4,3.0,Amersfoort - Amsterdam Centraal,rolling stock,defecte trein,0
59434,9,Monday,4,0,4,1.0,Leeuwarden - Stavoren,external,persoon op het spoor,0
59435,10,Monday,4,0,3,1.0,Dordrecht - Geldermalsen,infrastructure,defecte spoorbrug,1
59436,11,Monday,4,0,2,1.0,Leiden Centraal - Utrecht Centraal,external,persoon op het spoor,0
59437,12,Monday,4,0,2,1.0,Deventer - Zutphen,rolling stock,defecte trein,1
59438,15,Monday,4,0,2,1.0,Amersfoort - Zwolle,rolling stock,defecte trein,0
59439,21,Monday,4,0,3,1.0,Nijmegen - Venlo,accidents,aanrijding,1
59440,22,Monday,4,0,2,2.0,Amsterdam Centraal - Utrecht Centraal,external,inzet van hulpdiensten,1
59441,23,Monday,4,0,4,2.0,Arnhem Centraal - Utrecht Centraal,external,inzet van hulpdiensten,0
59442,6,Tuesday,4,0,2,1.0,Breda - Rotterdam Centraal (HSL),infrastructure,wisselstoring,1
59443,6,Tuesday,4,0,15,3.0,Den Haag Centraal - Den Haag HS,infrastructure,wisselstoring,0
59444,6,Tuesday,4,0,4,3.0,Almere Oostvaarders - Utrecht Centraal,external,koperdiefstal,1
59445,6,Tuesday,4,0,18,8.0,Amersfoort - Schiphol Airport,rolling stock,defecte trein,0
59446,6,Tuesday,4,0,15,3.0,Den Haag Centraal - Den Haag HS,rolling stock,defecte trein,0
59447,6,Tuesday,4,0,2,1.0,Breda - Rotterdam Centraal (HSL),rolling stock,defecte trein,0
59448,7,Tuesday,4,0,8,1.0,Dordrecht - Rotterdam Centraal,infrastructure,wisselstoring,1
59449,7,Tuesday,4,0,7,1.0,Hamm (Westf.) - Venlo,rolling stock,defecte trein,0
59450,7,Tuesday,4,0,2,1.0,Rotterdam Centraal - Schiphol Airport (HSL),rolling stock,defecte trein,0
59451,8,Tuesday,4,0,8,1.0,Dordrecht - Geldermalsen,rolling stock,defecte trein,0
59454,9,Tuesday,4,0,2,1.0,Rotterdam Centraal - Schiphol Airport (HSL),rolling stock,defecte trein,1
59456,9,Tuesday,4,0,3,1.0,Tiel - Utrecht Centraal,rolling stock,defecte trein,0
59457,9,Tuesday,4,0,3,1.0,Eindhoven - Venlo,rolling stock,defecte trein,0
59458,10,Tuesday,4,0,8,1.0,Dordrecht - Rotterdam Centraal,rolling stock,gestrande trein,1
59459,10,Tuesday,4,0,2,1.0,Roermond - Venlo,rolling stock,defecte trein,0
59460,11,Tuesday,4,0,3,1.0,Eindhoven - Tilburg,accidents,aanrijding,1
59461,12,Tuesday,4,0,2,1.0,Roermond - Sittard,accidents,aanrijding,1
59462,12,Tuesday,4,0,3,1.0,Arnhem Centraal - Zutphen,infrastructure,defecte spoorbrug,1
59463,12,Tuesday,4,0,5,1.0,Apeldoorn - Zutphen,infrastructure,defecte spoorbrug,1
59464,13,Tuesday,4,0,6,1.0,Eindhoven - Venlo,external,inzet van de politie,0
59465,14,Tuesday,4,0,3,1.0,Leeuwarden - Zwolle,infrastructure,defecte spoorbrug,1
59466,16,Tuesday,4,0,3,2.0,Den Haag Centraal - Utrecht Centraal,rolling stock,defecte trein,0
59467,17,Tuesday,4,0,3,1.0,Leeuwarden - Zwolle,rolling stock,defecte trein,0
59469,20,Tuesday,4,0,5,3.0,Groningen - Bad Nieuweschans,infrastructure,wisselstoring,0
59470,22,Tuesday,4,0,1,5.0,Apeldoorn - Zutphen,external,persoon op het spoor,0
59471,5,Wednesday,4,0,7,1.0,Heerlen - Sittard,staff,problemen met de personeelsinzet,1
59472,7,Wednesday,4,0,6,1.0,Aachen Hbf - Heerlen,staff,problemen met de personeelsinzet,1
59473,7,Wednesday,4,0,3,2.0,Den Haag Centraal - Utrecht Centraal,rolling stock,gestrande trein,0
59474,8,Wednesday,4,0,5,2.0,Amsterdam Centraal - Schiphol Airport,rolling stock,defecte trein,0
59475,15,Wednesday,4,0,3,1.0,Leiden Centraal - Utrecht Centraal,infrastructure,defecte spoorbrug,0
59476,15,Wednesday,4,0,3,1.0,Roosendaal - Vlissingen,external,inzet van de politie,0
59477,15,Wednesday,4,0,3,1.0,Leiden Centraal - Utrecht Centraal,rolling stock,defecte trein,1
59478,15,Wednesday,4,0,6,1.0,Winterswijk - Zutphen,rolling stock,defecte trein,0
59479,15,Wednesday,4,0,2,3.0,Almere Oostvaarders - Utrecht Centraal,rolling stock,defecte trein,0
59480,16,Wednesday,4,0,2,1.0,Amersfoort - Zwolle,rolling stock,defecte trein,0
59481,21,Wednesday,4,0,18,8.0,Amersfoort - Schiphol Airport,rolling stock,defecte trein,0
59482,7,Thursday,4,0,2,1.0,Arnhem Centraal - Utrecht Centraal,external,hinder op het spoor,1
59483,9,Thursday,4,0,3,1.0,'s-Hertogenbosch - Utrecht Centraal,rolling stock,defecte trein,0
59484,10,Thursday,4,0,8,2.0,Amsterdam Centraal - Utrecht Centraal,unknown,technisch onderzoek,1
59485,10,Thursday,4,0,3,1.0,Den Haag Centraal - Utrecht Centraal,infrastructure,wisselstoring,1
59486,10,Thursday,4,0,2,1.0,Breda - Rotterdam Centraal (HSL),rolling stock,rook in een trein,0
59487,11,Thursday,4,0,6,4.0,Amersfoort - Schiphol Airport,infrastructure,seinstoring,1
59488,11,Thursday,4,0,2,1.0,Breda - Rotterdam Centraal (HSL),rolling stock,defecte trein,1
59489,11,Thursday,4,0,8,1.0,Dordrecht - Rotterdam Centraal,rolling stock,defecte trein,1
59490,11,Thursday,4,0,8,2.0,Den Haag Centraal - Den Haag HS,rolling stock,defecte trein,1
59492,11,Thursday,4,0,2,1.0,Rotterdam Centraal - Schiphol Airport (HSL),rolling stock,defecte trein,1
59493,11,Thursday,4,0,9,1.0,Lelystad Centrum - Schiphol Airport,rolling stock,defecte trein,1
59494,11,Thursday,4,0,3,2.0,Breda - Dordrecht,rolling stock,defecte trein,1
59495,12,Thursday,4,0,2,7.0,Amersfoort - Schiphol Airport,external,persoon langs het spoor,0
59496,12,Thursday,4,0,5,1.0,Leiden Centraal - Schiphol Airport,infrastructure,defecte spoorbrug,0
59497,16,Thursday,4,0,5,3.0,Almere Oostvaarders - Utrecht Centraal,rolling stock,defecte trein,1
59499,21,Thursday,4,0,2,1.0,Rotterdam Centraal - Schiphol Airport (HSL),rolling stock,gestrande trein,0
59500,5,Friday,4,0,5,1.0,Maastricht - Sittard,infrastructure,defecte bovenleiding,1
59501,6,Friday,4,0,4,2.0,Amersfoort - Schiphol Airport,rolling stock,defecte trein,0
59503,10,Friday,4,0,5,3.0,Almere Oostvaarders - Utrecht Centraal,infrastructure,seinstoring,0
59505,12,Friday,4,0,7,1.0,Groningen - Eemshaven,infrastructure,seinstoring,1
59507,15,Friday,4,0,2,2.0,Almelo - Deventer,infrastructure,wisselstoring,0
59508,16,Friday,4,0,4,1.0,Almelo - Deventer,accidents,aanrijding,1
59509,17,Friday,4,0,6,1.0,Dordrecht - Geldermalsen,accidents,aanrijding,1
59510,17,Friday,4,0,7,1.0,Den Haag HS - Rotterdam Centraal,rolling stock,defecte trein,0
59511,19,Friday,4,0,5,1.0,Amersfoort - Zwolle,external,inzet van de politie,0
59512,19,Friday,4,0,4,3.0,Almere Oostvaarders - Utrecht Centraal,rolling stock,defecte trein,0
59513,20,Friday,4,0,6,1.0,Dordrecht - Geldermalsen,infrastructure,wisselstoring,1
59514,21,Friday,4,0,2,1.0,Deventer - Zutphen,rolling stock,gestrande trein,0
59515,21,Friday,4,0,4,1.0,Amsterdam Centraal - Hoorn,rolling stock,defecte trein,0
59517,23,Friday,4,0,10,1.0,Amersfoort - Schiphol Airport,rolling stock,defecte trein,0
59518,23,Friday,4,0,4,1.0,Leiden Centraal - Schiphol Airport,rolling stock,defecte trein,0
59519,23,Friday,4,0,5,1.0,Schiphol Airport - Utrecht Centraal,rolling stock,defecte trein,0
59521,7,Saturday,4,1,6,1.0,Aachen Hbf - Heerlen,staff,problemen met de personeelsinzet,1
59522,9,Saturday,4,1,6,1.0,Almelo - Mariënberg,rolling stock,beperkingen in de materieelinzet,1
59523,10,Saturday,4,1,3,1.0,Groningen - Leeuwarden,accidents,aanrijding,1
59524,13,Saturday,4,1,4,2.0,Amsterdam Centraal - Utrecht Centraal,unknown,technisch onderzoek,1
59525,15,Saturday,4,1,3,1.0,Almere Oostvaarders - Utrecht Centraal,external,brandmelding,1
59526,16,Saturday,4,1,8,1.0,Amsterdam Centraal - Lelystad Centrum,external,brandmelding,1
59530,19,Saturday,4,1,5,2.0,Amsterdam Centraal - Schiphol Airport,rolling stock,rook in een trein,0
59531,19,Saturday,4,1,2,1.0,Nijmegen - Venlo,infrastructure,seinstoring,1
59532,19,Saturday,4,1,10,1.0,Amersfoort - Schiphol Airport,external,persoon op het spoor,0
59533,20,Saturday,4,1,4,1.0,Leiden Centraal - Schiphol Airport,external,persoon op het spoor,0
59534,20,Saturday,4,1,5,1.0,Schiphol Airport - Utrecht Centraal,external,persoon op het spoor,0
59536,21,Saturday,4,1,18,8.0,Amersfoort - Schiphol Airport,rolling stock,defecte trein,1
59537,5,Sunday,4,1,5,2.0,Amsterdam Centraal - Utrecht Centraal,engineering work,uitloop van werkzaamheden,1
59538,6,Sunday,4,1,5,3.0,Groningen - Bad Nieuweschans,infrastructure,wisselstoring,0
59539,7,Sunday,4,1,3,1.0,'s-Hertogenbosch - Eindhoven,accidents,aanrijding,0
59540,7,Sunday,4,1,18,8.0,Amersfoort - Schiphol Airport,rolling stock,gestrande trein,0
59542,15,Sunday,4,1,2,2.0,Aachen Hbf - Heerlen,rolling stock,defecte trein,1
59543,15,Sunday,4,1,5,4.0,Arnhem Centraal - Basel SBB,infrastructure,seinstoring,1
59544,16,Sunday,4,1,4,1.0,Roermond - Sittard,infrastructure,seinstoring,0
59545,17,Sunday,4,1,4,1.0,Roermond - Sittard,infrastructure,seinstoring,1
59546,17,Sunday,4,1,5,1.0,Roermond - Venlo,rolling stock,defecte trein,0
59547,18,Sunday,4,1,2,1.0,Breda - Rotterdam Centraal (HSL),infrastructure,seinstoring,0
59548,22,Sunday,4,1,3,2.0,'s-Hertogenbosch - Utrecht Centraal,unknown,technisch onderzoek,1
59549,22,Sunday,4,1,4,1.0,Eindhoven - Venlo,rolling stock,defecte trein,0
59550,6,Monday,4,0,6,1.0,Dordrecht - Roosendaal,infrastructure,defecte bovenleiding,1
59551,6,Monday,4,0,2,1.0,Rotterdam Centraal - Schiphol Airport (HSL),rolling stock,defecte trein,0
59553,7,Monday,4,0,6,1.0,Eindhoven - Tilburg,rolling stock,defecte trein,1
59555,9,Monday,4,0,5,1.0,Almere Oostvaarders - Utrecht Centraal,rolling stock,defecte trein,1
59556,10,Monday,4,0,2,1.0,Breda - Rotterdam Centraal (HSL),external,mensen op het spoor,0
59557,11,Monday,4,0,4,1.0,Aachen Hbf - Heerlen,infrastructure,seinstoring,1
59558,14,Monday,4,0,5,1.0,Amersfoort - Ede-Wageningen,infrastructure,seinstoring,1
59560,14,Monday,4,0,5,1.0,Breda - Tilburg,rolling stock,gestrande trein,0
59561,15,Monday,4,0,4,1.0,Den Haag HS - Rotterdam Centraal,rolling stock,defecte trein,0
59562,15,Monday,4,0,4,1.0,Nijmegen - Venlo,engineering work,herstelwerkzaamheden,1
59563,16,Monday,4,0,2,1.0,Breda - Rotterdam Centraal (HSL),infrastructure,seinstoring,0
59564,17,Monday,4,0,2,1.0,Rotterdam Centraal - Schiphol Airport (HSL),rolling stock,defecte trein,0
59565,17,Monday,4,0,5,1.0,Eindhoven - Roermond,unknown,technisch onderzoek,0
59566,18,Monday,4,0,3,1.0,Almere Oostvaarders - Utrecht Centraal,rolling stock,defecte trein,1
59567,18,Monday,4,0,8,1.0,Amsterdam Centraal - Lelystad Centrum,rolling stock,defecte trein,0
59568,18,Monday,4,0,5,1.0,Breda - Tilburg,rolling stock,defecte trein,0
59569,19,Monday,4,0,4,1.0,Amsterdam Centraal - Haarlem,rolling stock,defecte trein,0
59570,19,Monday,4,0,4,1.0,Amsterdam Centraal - Haarlem,external,persoon op het spoor,0
59571,20,Monday,4,0,2,1.0,Leiden Centraal - Utrecht Centraal,accidents,beschadigde spoorbrug,1
59572,20,Monday,4,0,5,1.0,Almelo - Deventer,rolling stock,gestrande trein,0
59573,22,Monday,4,0,3,3.0,Arnhem Centraal - Basel SBB,rolling stock,defecte trein,0
59574,0,Tuesday,4,0,5,1.0,Almelo - Deventer,accidents,aanrijding,0
59575,7,Tuesday,4,0,2,1.0,Breda - Rotterdam Centraal (HSL),rolling stock,gestrande trein,0
59576,10,Tuesday,4,0,3,1.0,Leeuwarden - Zwolle,infrastructure,defecte spoorbrug,1
59577,10,Tuesday,4,0,3,1.0,Breda - Roosendaal,accidents,aanrijding,1
59578,10,Tuesday,4,0,3,1.0,Nijmegen - Venlo,infrastructure,seinstoring,0
59579,11,Tuesday,4,0,3,1.0,Nijmegen - Venlo,infrastructure,seinstoring,1
59580,13,Tuesday,4,0,8,2.0,Amsterdam Centraal - Utrecht Centraal,infrastructure,seinstoring,1
59581,13,Tuesday,4,0,4,2.0,Amersfoort - Schiphol Airport,rolling stock,defecte trein,0
59582,13,Tuesday,4,0,4,1.0,Schiphol Airport - Utrecht Centraal,unknown,technisch onderzoek,0
59583,14,Tuesday,4,0,5,1.0,Amsterdam Centraal - Haarlem,engineering work,herstelwerkzaamheden,1
59584,14,Tuesday,4,0,3,2.0,Amsterdam Centraal - Schiphol Airport,engineering work,herstelwerkzaamheden,1
59585,15,Tuesday,4,0,4,1.0,Amersfoort - Ede-Wageningen,infrastructure,seinstoring,1
59586,16,Tuesday,4,0,3,1.0,'s-Hertogenbosch - Nijmegen,accidents,aanrijding,1
59587,19,Tuesday,4,0,4,2.0,Amersfoort - Schiphol Airport,rolling stock,defecte trein,1
59588,19,Tuesday,4,0,5,3.0,Almere Oostvaarders - Utrecht Centraal,rolling stock,defecte trein,0
59590,20,Tuesday,4,0,11,1.0,Amersfoort - Zwolle,rolling stock,defecte trein,0
59591,20,Tuesday,4,0,5,2.0,Amersfoort - Schiphol Airport,rolling stock,defecte trein,0
59592,20,Tuesday,4,0,5,2.0,Amersfoort - Amsterdam Centraal,rolling stock,defecte trein,0
59593,22,Tuesday,4,0,4,2.0,'s-Hertogenbosch - Utrecht Centraal,infrastructure,wisselstoring,1
59594,0,Wednesday,4,0,8,1.0,Dordrecht - Rotterdam Centraal,rolling stock,defecte trein,0
59595,3,Wednesday,4,0,6,1.0,Aachen Hbf - Heerlen,staff,problemen met de personeelsinzet,1
59596,5,Wednesday,4,0,3,1.0,Arnhem Centraal - Winterswijk,infrastructure,sein- en wisselstoring,1
59597,7,Wednesday,4,0,6,2.0,Liège-Guillemins - Maastricht,rolling stock,beperkingen in de materieelinzet,1
59598,8,Wednesday,4,0,2,1.0,Rotterdam Centraal - Schiphol Airport (HSL),rolling stock,defecte trein,0
59599,8,Wednesday,4,0,3,1.0,Amersfoort - Zwolle,infrastructure,seinstoring,1
59600,8,Wednesday,4,0,4,2.0,Almere Oostvaarders - Utrecht Centraal,rolling stock,defecte trein,0
59601,8,Wednesday,4,0,5,1.0,Breda - Tilburg,accidents,aanrijding,1
59602,9,Wednesday,4,0,6,1.0,Arnhem Centraal - Zutphen,infrastructure,sein-en overwegstoring,1
59604,10,Wednesday,4,0,3,1.0,Deventer - Zwolle,rolling stock,defecte trein,0
59605,12,Wednesday,4,0,2,1.0,Breda - Rotterdam Centraal (HSL),rolling stock,gestrande trein,0
59606,12,Wednesday,4,0,7,1.0,Den Haag HS - Rotterdam Centraal,rolling stock,defecte trein,0
59607,12,Wednesday,4,0,3,1.0,Nijmegen - Venlo,infrastructure,seinstoring,1
59608,12,Wednesday,4,0,15,3.0,Den Haag Centraal - Den Haag HS,rolling stock,gestrande trein,0
59609,12,Wednesday,4,0,5,3.0,Almere Oostvaarders - Utrecht Centraal,rolling stock,defecte trein,0
59610,12,Wednesday,4,0,3,2.0,Breda - Dordrecht,rolling stock,gestrande trein,0
59611,12,Wednesday,4,0,4,1.0,Aachen Hbf - Heerlen,rolling stock,defecte trein,0
59613,14,Wednesday,4,0,2,2.0,Groningen - Bad Nieuweschans,infrastructure,seinstoring,1
59614,15,Wednesday,4,0,11,1.0,Roosendaal - Vlissingen,infrastructure,seinstoring,1
59616,15,Wednesday,4,0,2,1.0,Antwerpen-Centraal - Roosendaal,infrastructure,seinstoring,1
59617,16,Wednesday,4,0,2,1.0,Antwerpen-Centraal - Breda (HSL),rolling stock,defecte trein,1
59618,16,Wednesday,4,0,2,1.0,Arnhem Centraal - Utrecht Centraal,unknown,technisch onderzoek,1
59619,16,Wednesday,4,0,5,2.0,Amsterdam Centraal - Schiphol Airport,rolling stock,defecte trein,0
59620,17,Wednesday,4,0,3,1.0,Deventer - Zwolle,rolling stock,defecte trein,1
59621,17,Wednesday,4,0,5,1.0,Apeldoorn - Zutphen,infrastructure,defecte spoorbrug,1
59622,17,Wednesday,4,0,3,1.0,Arnhem Centraal - Zutphen,infrastructure,defecte spoorbrug,1
59623,21,Wednesday,4,0,6,1.0,Winterswijk - Zutphen,rolling stock,gestrande trein,0
59624,0,Thursday,5,0,5,1.0,Almelo - Zwolle,infrastructure,overwegstoring,0
59626,6,Thursday,5,0,2,1.0,Breda - Rotterdam Centraal (HSL),rolling stock,defecte trein,1
59627,7,Thursday,5,0,5,1.0,Schiphol Airport - Utrecht Centraal,rolling stock,defecte trein,1
59628,7,Thursday,5,0,10,1.0,Arnhem Centraal - Utrecht Centraal,rolling stock,defecte trein,1
59629,7,Thursday,5,0,5,1.0,Leiden Centraal - Schiphol Airport,rolling stock,defecte trein,1
59630,8,Thursday,5,0,18,8.0,Amersfoort - Schiphol Airport,rolling stock,defecte trein,0
59631,11,Thursday,5,0,12,1.0,Rotterdam Centraal - Utrecht Centraal,infrastructure,defect spoor,1
59632,11,Thursday,5,0,6,1.0,Arnhem Centraal - Tiel,rolling stock,gestrande trein,0
59633,12,Thursday,5,0,2,1.0,Deventer - Zwolle,infrastructure,seinstoring,1
59634,13,Thursday,5,0,4,1.0,Leiden Centraal - Schiphol Airport,external,inzet van hulpdiensten,0
59635,13,Thursday,5,0,2,2.0,Amersfoort - Amsterdam Centraal,external,inzet van hulpdiensten,0
59636,14,Thursday,5,0,2,1.0,Breda - Rotterdam Centraal (HSL),rolling stock,defecte trein,1
59637,14,Thursday,5,0,2,1.0,Amersfoort - Zwolle,infrastructure,seinstoring,1
59638,14,Thursday,5,0,4,1.0,Amersfoort - Ede-Wageningen,infrastructure,seinstoring,1
59639,14,Thursday,5,0,3,1.0,Nijmegen - Venlo,infrastructure,seinstoring,1
59640,15,Thursday,5,0,7,2.0,Amsterdam Centraal - Utrecht Centraal,infrastructure,seinstoring,1
59641,15,Thursday,5,0,10,1.0,Arnhem Centraal - Utrecht Centraal,infrastructure,seinstoring,1
59642,15,Thursday,5,0,5,1.0,Arnhem Centraal - Nijmegen,infrastructure,seinstoring,1
59644,16,Thursday,5,0,5,1.0,Leiden Centraal - Utrecht Centraal,infrastructure,defect spoor,0
59646,16,Thursday,5,0,2,1.0,Groningen - Veendam,infrastructure,sein- en wisselstoring,0
59647,16,Thursday,5,0,5,1.0,'s-Hertogenbosch - Nijmegen,rolling stock,defecte trein,0
59648,16,Thursday,5,0,2,1.0,Rotterdam Centraal - Schiphol Airport (HSL),rolling stock,gestrande trein,0
59649,17,Thursday,5,0,3,3.0,Arnhem Centraal - Basel SBB,logistical,problemen op het spoor in het buitenland,1
59651,18,Thursday,5,0,2,2.0,Amersfoort - Amsterdam Centraal,engineering work,herstelwerkzaamheden,1
59652,19,Thursday,5,0,18,8.0,Amersfoort - Schiphol Airport,rolling stock,gestrande trein,0
59653,19,Thursday,5,0,5,1.0,'s-Hertogenbosch - Nijmegen,rolling stock,defecte trein,0
59654,3,Friday,5,0,2,1.0,Breda - Rotterdam Centraal (HSL),infrastructure,defect wissel,1
59655,3,Friday,5,0,3,2.0,Breda - Dordrecht,infrastructure,defect wissel,1
59656,3,Friday,5,0,8,1.0,Dordrecht - Rotterdam Centraal,infrastructure,defect wissel,1
59657,9,Friday,5,0,2,1.0,Breda - Rotterdam Centraal (HSL),rolling stock,defecte trein,0
59659,13,Friday,5,0,5,1.0,Eindhoven - Roermond,external,persoon op het spoor,0
59660,13,Friday,5,0,2,7.0,Breda - Rotterdam Centraal (HSL),external,persoon op het spoor,0
59661,14,Friday,5,0,5,1.0,Eindhoven - Roermond,external,inzet van de politie,0
59662,18,Friday,5,0,5,2.0,Amersfoort - Apeldoorn,rolling stock,defecte trein,0
59663,19,Friday,5,0,5,1.0,Amersfoort - Ede-Wageningen,rolling stock,defecte trein,0
59665,19,Friday,5,0,4,1.0,Leiden Centraal - Schiphol Airport,external,persoon op het spoor,0
59666,21,Friday,5,0,3,2.0,Breda - Dordrecht,rolling stock,defecte trein,0
59667,21,Friday,5,0,3,2.0,Antwerpen-Centraal - Breda (HSL),rolling stock,defecte trein,1
59668,23,Friday,5,0,2,7.0,Amersfoort - Schiphol Airport,infrastructure,systeemstoring,1
59669,7,Saturday,5,1,6,1.0,'s-Hertogenbosch - Nijmegen,rolling stock,defecte trein,0
59670,8,Saturday,5,1,3,1.0,Winterswijk - Zutphen,accidents,aanrijding,1
59671,9,Saturday,5,1,7,3.0,Arnhem Centraal - Basel SBB,logistical,dienstregelingswijziging,1
59672,9,Saturday,5,1,2,1.0,Amersfoort - Zwolle,rolling stock,defecte trein,0
59673,10,Saturday,5,1,5,1.0,Almelo - Mariënberg,infrastructure,seinstoring,1
59674,11,Saturday,5,1,4,1.0,Groningen - Zwolle,unknown,technisch onderzoek,0
59675,17,Saturday,5,1,4,1.0,Almelo - Hengelo,infrastructure,sein- en wisselstoring,1
59677,20,Saturday,5,1,6,1.0,Rotterdam Centraal - Utrecht Centraal,external,mensen op het spoor,0
59678,22,Saturday,5,1,6,1.0,Almelo - Mariënberg,infrastructure,seinstoring,0
59679,0,Sunday,5,1,5,1.0,Breda - Tilburg,accidents,aanrijding,0
59680,7,Sunday,5,1,5,1.0,Almelo - Mariënberg,infrastructure,seinstoring,0
59681,8,Sunday,5,1,4,1.0,Almelo - Mariënberg,infrastructure,seinstoring,1
59682,9,Sunday,5,1,5,1.0,Breda - Tilburg,rolling stock,defecte trein,0
59683,9,Sunday,5,1,18,8.0,Amersfoort - Schiphol Airport,rolling stock,gestrande trein,1
59684,10,Sunday,5,1,5,1.0,Maastricht - Sittard,rolling stock,defecte trein,0
59685,12,Sunday,5,1,18,8.0,Amersfoort - Schiphol Airport,rolling stock,gestrande trein,0
59686,14,Sunday,5,1,3,1.0,Leeuwarden - Stavoren,accidents,beschadigde spoorbrug,1
59687,17,Sunday,5,1,12,1.0,Amsterdam Centraal - Lelystad Centrum,external,inzet van hulpdiensten,0
59688,17,Sunday,5,1,6,1.0,Aachen Hbf - Heerlen,logistical,problemen op het spoor in het buitenland,1
59689,20,Sunday,5,1,5,1.0,Haarlem - Leiden Centraal,engineering work,werkzaamheden,1
59690,22,Sunday,5,1,2,1.0,Groningen - Veendam,engineering work,uitloop van werkzaamheden,1
59691,4,Monday,5,0,9,1.0,Nijmegen - Venlo,engineering work,uitloop van werkzaamheden,1
59692,5,Monday,5,0,6,1.0,Aachen Hbf - Heerlen,staff,problemen met de personeelsinzet,1
59693,5,Monday,5,0,3,1.0,Den Haag Centraal - Utrecht Centraal,infrastructure,wisselstoring,1
59694,6,Monday,5,0,7,2.0,Amsterdam Centraal - Hoorn,infrastructure,defecte bovenleiding,1
59695,6,Monday,5,0,11,1.0,Amsterdam Centraal - Utrecht Centraal,infrastructure,defecte bovenleiding,1
59696,6,Monday,5,0,7,1.0,Heerlen - Sittard,rolling stock,defecte trein,0
59698,8,Monday,5,0,2,1.0,Breda - Rotterdam Centraal (HSL),rolling stock,defecte trein,0
59701,9,Monday,5,0,6,1.0,Den Haag Centraal - Leiden Centraal,infrastructure,wisselstoring,1
59702,10,Monday,5,0,2,1.0,Breda - Rotterdam Centraal (HSL),rolling stock,gestrande trein,0
59703,11,Monday,5,0,7,1.0,Nijmegen - Venlo,logistical,dienstregelingswijziging,1
59704,12,Monday,5,0,2,1.0,Antwerpen-Centraal - Breda (HSL),rolling stock,gestrande trein,0
59705,12,Monday,5,0,2,1.0,Breda - Rotterdam Centraal (HSL),infrastructure,wisselstoring,1
59706,12,Monday,5,0,8,1.0,Arnhem Centraal - Zutphen,external,persoon op het spoor,0
59707,12,Monday,5,0,3,2.0,Breda - Dordrecht,infrastructure,wisselstoring,1
59708,13,Monday,5,0,13,1.0,Lelystad Centrum - Schiphol Airport,infrastructure,wisselstoring,1
59709,13,Monday,5,0,2,1.0,Rotterdam Centraal - Schiphol Airport (HSL),infrastructure,wisselstoring,1
59710,15,Monday,5,0,2,1.0,Leiden Centraal - Utrecht Centraal,infrastructure,defecte spoorbrug,1
59711,16,Monday,5,0,11,1.0,Roosendaal - Vlissingen,rolling stock,defecte trein,0
59712,17,Monday,5,0,2,1.0,Groningen - Veendam,infrastructure,systeemstoring,1
59713,18,Monday,5,0,5,1.0,Breda - Tilburg,external,persoon langs het spoor,0
59714,20,Monday,5,0,9,2.0,Leiden Centraal - Schiphol Airport,rolling stock,defecte trein,0
59715,20,Monday,5,0,6,1.0,Almelo - Deventer,infrastructure,defecte bovenleiding,1
59716,21,Monday,5,0,4,1.0,Amsterdam Centraal - Haarlem,external,persoon op het spoor,0
59720,23,Monday,5,0,4,1.0,Aachen Hbf - Heerlen,rolling stock,defecte trein,0
59723,6,Tuesday,5,0,7,1.0,Leiden Centraal - Utrecht Centraal,accidents,aanrijding,0
59724,6,Tuesday,5,0,8,1.0,Dordrecht - Rotterdam Centraal,logistical,verstoring elders,1
59725,6,Tuesday,5,0,7,1.0,Den Haag Centraal - Utrecht Centraal,rolling stock,defecte trein,1
59726,6,Tuesday,5,0,12,1.0,Rotterdam Centraal - Utrecht Centraal,rolling stock,defecte trein,1
59727,8,Tuesday,5,0,5,2.0,Amersfoort - Amsterdam Centraal,rolling stock,defecte trein,0
59728,8,Tuesday,5,0,3,1.0,Amersfoort - Zwolle,rolling stock,defecte trein,0
59729,10,Tuesday,5,0,13,2.0,Nijmegen - Venlo,logistical,eerdere verstoring,0
59730,10,Tuesday,5,0,4,2.0,Almere Oostvaarders - Utrecht Centraal,rolling stock,defecte trein,0
59733,11,Tuesday,5,0,3,1.0,Hengelo - Zutphen,rolling stock,defecte trein,1
59734,12,Tuesday,5,0,11,1.0,Amersfoort - Zwolle,infrastructure,sein- en wisselstoring,1
59735,12,Tuesday,5,0,2,1.0,Leiden Centraal - Utrecht Centraal,infrastructure,defecte spoorbrug,1
59736,12,Tuesday,5,0,6,1.0,Aachen Hbf - Heerlen,staff,problemen met de personeelsinzet,1
59737,16,Tuesday,5,0,8,1.0,Arnhem Centraal - Zutphen,rolling stock,defecte trein,0
59739,20,Tuesday,5,0,5,4.0,Arnhem Centraal - Basel SBB,rolling stock,defecte trein,0
59740,5,Wednesday,5,0,6,1.0,Almelo - Mariënberg,rolling stock,beperkingen in de materieelinzet,1
59741,6,Wednesday,5,0,7,1.0,Alphen a/d Rijn - Gouda,staff,problemen met de personeelsinzet,1
59742,6,Wednesday,5,0,6,1.0,Aachen Hbf - Heerlen,staff,problemen met de personeelsinzet,1
59743,8,Wednesday,5,0,18,8.0,Amersfoort - Schiphol Airport,rolling stock,gestrande trein,0
59744,9,Wednesday,5,0,3,2.0,Groningen - Bad Nieuweschans,infrastructure,stroomstoring,0
59745,9,Wednesday,5,0,2,1.0,Almelo - Zwolle,infrastructure,seinstoring,1
59747,13,Wednesday,5,0,3,1.0,Arnhem Centraal - Winterswijk,infrastructure,defecte spoorbrug,0
59748,14,Wednesday,5,0,2,1.0,Breda - Tilburg,external,persoon op het spoor,1
59751,17,Wednesday,5,0,2,1.0,Rotterdam Centraal - Schiphol Airport (HSL),rolling stock,defecte trein,0
59752,18,Wednesday,5,0,3,2.0,Breda - Dordrecht,rolling stock,defecte trein,0
59753,20,Wednesday,5,0,6,1.0,Heerlen - Maastricht,external,rommel op het spoor,0
59754,21,Wednesday,5,0,4,1.0,Groningen - Zwolle,external,inzet van de politie,0
59755,6,Thursday,5,0,3,1.0,Alkmaar - Hoorn,infrastructure,seinstoring,1
59757,7,Thursday,5,0,4,1.0,Lelystad Centrum - Zwolle,rolling stock,defecte trein,0
59758,8,Thursday,5,0,7,3.0,Arnhem Centraal - Basel SBB,logistical,problemen op het spoor in het buitenland,1
59759,11,Thursday,5,0,10,1.0,Arnhem Centraal - Utrecht Centraal,external,inzet van hulpdiensten,1
59761,14,Thursday,5,0,4,1.0,Leiden Centraal - Schiphol Airport,rolling stock,defecte trein,1
59762,14,Thursday,5,0,5,2.0,Amersfoort - Amsterdam Centraal,rolling stock,defecte trein,0
59764,16,Thursday,5,0,5,1.0,Apeldoorn - Zutphen,rolling stock,beperkingen in de materieelinzet,0
59765,20,Thursday,5,0,2,1.0,Breda - Rotterdam Centraal (HSL),rolling stock,defecte trein,0
59766,20,Thursday,5,0,3,1.0,Breda - Dordrecht,rolling stock,defecte trein,0
59767,22,Thursday,5,0,4,1.0,Alkmaar - Amsterdam Centraal,infrastructure,wisselstoring,0
59768,0,Friday,5,0,4,1.0,Arnhem Centraal - Utrecht Centraal,accidents,aanrijding,1
59770,6,Friday,5,0,5,2.0,Amsterdam Centraal - Schiphol Airport,infrastructure,wisselstoring,1
59771,7,Friday,5,0,18,8.0,Amersfoort - Schiphol Airport,infrastructure,wisselstoring,1
59772,7,Friday,5,0,2,1.0,Amersfoort - Zwolle,rolling stock,defecte trein,0
59774,8,Friday,5,0,18,8.0,Amersfoort - Schiphol Airport,rolling stock,gestrande trein,0
59775,9,Friday,5,0,3,3.0,Arnhem Centraal - Basel SBB,rolling stock,beperkingen in de materieelinzet,1
59776,9,Friday,5,0,4,1.0,'s-Hertogenbosch - Nijmegen,rolling stock,defecte trein,0
59777,9,Friday,5,0,3,1.0,Breda - Roosendaal,infrastructure,seinstoring,1
59778,10,Friday,5,0,4,1.0,Amsterdam Centraal - Haarlem,engineering work,herstelwerkzaamheden,0
59779,12,Friday,5,0,5,1.0,Roermond - Venlo,accidents,aanrijding,0
59780,13,Friday,5,0,3,1.0,Groningen - Veendam,infrastructure,seinstoring,0
59781,14,Friday,5,0,4,3.0,Almere Oostvaarders - Utrecht Centraal,rolling stock,defecte trein,1
59783,20,Friday,5,0,4,1.0,Roermond - Sittard,infrastructure,seinstoring,1
59784,7,Saturday,5,1,5,2.0,Amersfoort - Amsterdam Centraal,rolling stock,defecte trein,0
59786,14,Saturday,5,1,3,1.0,Enkhuizen - Hoorn,infrastructure,wisselstoring,1
59787,15,Saturday,5,1,2,1.0,Amersfoort - Zwolle,rolling stock,defecte trein,1
59788,16,Saturday,5,1,3,1.0,Almere Oostvaarders - Utrecht Centraal,infrastructure,seinstoring,1
59789,17,Saturday,5,1,2,1.0,Breda - Rotterdam Centraal (HSL),rolling stock,gestrande trein,0
59790,20,Saturday,5,1,3,1.0,Deventer - Zwolle,rolling stock,rook in een trein,0
59791,20,Saturday,5,1,6,4.0,Amersfoort - Schiphol Airport,infrastructure,wisselstoring,1
59792,22,Saturday,5,1,2,1.0,Rotterdam Centraal - Schiphol Airport (HSL),rolling stock,gestrande trein,0
59793,22,Saturday,5,1,5,1.0,Almelo - Deventer,infrastructure,wisselstoring,1
59794,6,Sunday,5,1,6,1.0,Arnhem Centraal - Zutphen,infrastructure,seinstoring,1
59795,9,Sunday,5,1,6,1.0,Harlingen Haven - Leeuwarden,infrastructure,wisselstoring,1
59796,9,Sunday,5,1,4,1.0,Almelo - Deventer,infrastructure,wisselstoring,1
59797,14,Sunday,5,1,5,1.0,Amersfoort - Utrecht Centraal,external,boom op het spoor,1
59798,15,Sunday,5,1,4,1.0,Almelo - Deventer,infrastructure,seinstoring,1
59799,15,Sunday,5,1,2,1.0,Amersfoort - Zwolle,external,boom op het spoor,0
59800,16,Sunday,5,1,5,3.0,Almere Oostvaarders - Utrecht Centraal,rolling stock,defecte trein,0
59802,18,Sunday,5,1,5,1.0,Leiden Centraal - Schiphol Airport,rolling stock,defecte trein,0
59803,18,Sunday,5,1,4,3.0,Berlin Ostbahnhof - Hengelo,staff,problemen met de personeelsinzet,1
59804,18,Sunday,5,1,6,1.0,Hengelo - Zutphen,rolling stock,defecte trein,0
59805,18,Sunday,5,1,5,2.0,Amersfoort - Apeldoorn,rolling stock,defecte trein,0
59806,19,Sunday,5,1,2,1.0,Deventer - Zutphen,infrastructure,seinstoring,1
59807,19,Sunday,5,1,4,1.0,Haarlem - Leiden Centraal,external,inzet van de politie,0
59808,19,Sunday,5,1,2,1.0,Breda - Rotterdam Centraal (HSL),infrastructure,wisselstoring,1
59809,19,Sunday,5,1,3,2.0,Breda - Dordrecht,infrastructure,wisselstoring,1
59810,21,Sunday,5,1,5,1.0,Haarlem - Leiden Centraal,rolling stock,defecte trein,0
59811,22,Sunday,5,1,2,1.0,Amersfoort - Ede-Wageningen,rolling stock,gestrande trein,0
59812,5,Monday,5,0,6,1.0,Aachen Hbf - Heerlen,staff,problemen met de personeelsinzet,1
59813,7,Monday,5,0,2,1.0,Hengelo - Zutphen,infrastructure,seinstoring,1
59814,7,Monday,5,0,5,1.0,Roermond - Venlo,rolling stock,defecte trein,0
59815,7,Monday,5,0,2,1.0,Deventer - Zutphen,infrastructure,seinstoring,1
59816,9,Monday,5,0,5,1.0,Haarlem - Leiden Centraal,rolling stock,gestrande trein,0
59818,11,Monday,5,0,2,1.0,Alphen a/d Rijn - Gouda,rolling stock,defecte trein,0
59819,12,Monday,5,0,6,1.0,Winterswijk - Zutphen,rolling stock,defecte trein,0
59820,12,Monday,5,0,4,3.0,Almere Oostvaarders - Utrecht Centraal,rolling stock,defecte trein,1
59821,12,Monday,5,0,4,2.0,Amsterdam Centraal - Utrecht Centraal,rolling stock,defecte trein,0
59823,14,Monday,5,0,6,1.0,Dordrecht - Roosendaal,infrastructure,wisselstoring,1
59824,15,Monday,5,0,3,1.0,Roermond - Venlo,unknown,technisch onderzoek,0
59825,15,Monday,5,0,4,1.0,Almelo - Mariënberg,infrastructure,seinstoring,1
59826,15,Monday,5,0,5,3.0,Den Haag Centraal - Utrecht Centraal,rolling stock,defecte trein,0
59827,16,Monday,5,0,2,1.0,Roermond - Venlo,engineering work,herstelwerkzaamheden,1
59828,16,Monday,5,0,4,1.0,Roosendaal - Vlissingen,external,persoon langs het spoor,0
59829,17,Monday,5,0,4,3.0,Almere Oostvaarders - Utrecht Centraal,unknown,technisch onderzoek,0
59830,17,Monday,5,0,3,1.0,Arnhem Centraal - Winterswijk,rolling stock,defecte trein,0
59832,21,Monday,5,0,2,1.0,Amsterdam Centraal - Woerden,infrastructure,systeemstoring,1
59834,7,Tuesday,5,0,3,1.0,Arnhem Centraal - Zutphen,infrastructure,stroomstoring,1
59835,7,Tuesday,5,0,5,1.0,Apeldoorn - Zutphen,infrastructure,stroomstoring,1
59836,8,Tuesday,5,0,2,1.0,Leiden Centraal - Schiphol Airport,external,persoon op het spoor,0
59837,9,Tuesday,5,0,6,1.0,Alphen a/d Rijn - Gouda,external,inzet van de politie,0
59838,9,Tuesday,5,0,3,1.0,Enkhuizen - Hoorn,infrastructure,wisselstoring,1
59839,11,Tuesday,5,0,3,1.0,Arnhem Centraal - Zutphen,rolling stock,defecte trein,1
59840,12,Tuesday,5,0,5,2.0,Amsterdam Centraal - Schiphol Airport,external,persoon op het spoor,0
59841,13,Tuesday,5,0,2,2.0,Groningen - Zwolle,rolling stock,defecte trein,0
59842,13,Tuesday,5,0,11,1.0,Amsterdam Centraal - Utrecht Centraal,accidents,beschadigde spoorbrug,1
59843,15,Tuesday,5,0,2,1.0,Amersfoort - Zwolle,rolling stock,gestrande trein,0
59844,15,Tuesday,5,0,4,1.0,Alkmaar - Amsterdam Centraal,rolling stock,defecte trein,0
59845,15,Tuesday,5,0,4,3.0,Amsterdam Centraal - Utrecht Centraal,rolling stock,defecte trein,0
59846,16,Tuesday,5,0,2,7.0,Amersfoort - Schiphol Airport,external,brandmelding,0
59847,17,Tuesday,5,0,2,1.0,Arnhem Centraal - Utrecht Centraal,external,brandmelding,1
59849,18,Tuesday,5,0,5,1.0,Amersfoort - Zwolle,external,inzet van de politie,0
59850,19,Tuesday,5,0,2,2.0,Amersfoort - Amsterdam Centraal,external,inzet van de politie,0
59851,19,Tuesday,5,0,3,1.0,Almere Oostvaarders - Utrecht Centraal,external,inzet van de politie,0
59853,20,Tuesday,5,0,7,3.0,Arnhem Centraal - Basel SBB,rolling stock,defecte trein,0
59854,20,Tuesday,5,0,8,1.0,Leeuwarden - Zwolle,infrastructure,seinstoring,0
59855,21,Tuesday,5,0,3,1.0,Enschede - Hengelo,rolling stock,defecte trein,0
59856,3,Wednesday,5,0,5,2.0,Amsterdam Centraal - Schiphol Airport,infrastructure,wisselstoring,1
59857,8,Wednesday,5,0,2,1.0,Deventer - Zutphen,infrastructure,seinstoring,1
59858,9,Wednesday,5,0,2,1.0,'s-Hertogenbosch - Tilburg,unknown,technisch onderzoek,1
59860,10,Wednesday,5,0,14,2.0,'s-Hertogenbosch - Eindhoven,unknown,technisch onderzoek,1
59863,15,Wednesday,5,0,4,1.0,Apeldoorn - Deventer,rolling stock,defecte trein,1
59864,16,Wednesday,5,0,2,4.0,Antwerpen-Centraal - Roosendaal,external,brandmelding,1
59865,17,Wednesday,5,0,8,1.0,Dordrecht - Rotterdam Centraal,external,brandmelding,1
59867,19,Wednesday,5,0,5,1.0,Amersfoort - Utrecht Centraal,unknown,technisch onderzoek,0
59868,19,Wednesday,5,0,5,2.0,Amersfoort - Amsterdam Centraal,rolling stock,defecte trein,0
59870,21,Wednesday,5,0,2,1.0,Breda - Rotterdam Centraal (HSL),infrastructure,seinstoring,0
59872,4,Thursday,5,0,6,1.0,Aachen Hbf - Heerlen,staff,problemen met de personeelsinzet,1
59873,4,Thursday,5,0,4,1.0,Amsterdam Centraal - Schiphol Airport,engineering work,uitloop van werkzaamheden,0
59874,6,Thursday,5,0,2,1.0,Lelystad Centrum - Zwolle,rolling stock,defecte trein,0
59875,6,Thursday,5,0,7,1.0,Hamm (Westf.) - Venlo,logistical,problemen op het spoor in het buitenland,1
59876,6,Thursday,5,0,5,1.0,Almelo - Mariënberg,rolling stock,beperkingen in de materieelinzet,1
59877,8,Thursday,5,0,3,1.0,Groningen - Zwolle,infrastructure,seinstoring,1
59878,9,Thursday,5,0,2,1.0,Breda - Rotterdam Centraal (HSL),rolling stock,gestrande trein,0
59880,13,Thursday,5,0,6,1.0,Almelo - Mariënberg,rolling stock,beperkingen in de materieelinzet,1
59882,15,Thursday,5,0,8,1.0,Dordrecht - Rotterdam Centraal,accidents,aanrijding,1
59883,15,Thursday,5,0,2,1.0,Breda - Rotterdam Centraal (HSL),accidents,aanrijding,1
59885,16,Thursday,5,0,3,1.0,Arnhem Centraal - Nijmegen,rolling stock,defecte trein,0
59886,16,Thursday,5,0,3,1.0,Arnhem Centraal - Winterswijk,rolling stock,defecte trein,1
59887,16,Thursday,5,0,6,2.0,'s-Hertogenbosch - Tilburg,accidents,aanrijding,1
59888,18,Thursday,5,0,7,1.0,Den Haag HS - Rotterdam Centraal,accidents,aanrijding,1
59889,18,Thursday,5,0,3,2.0,Breda - Dordrecht,accidents,aanrijding,1
59890,18,Thursday,5,0,2,1.0,Breda - Rotterdam Centraal (HSL),accidents,aanrijding,1
59891,18,Thursday,5,0,2,1.0,Rotterdam Centraal - Schiphol Airport (HSL),accidents,aanrijding,1
59892,18,Thursday,5,0,9,1.0,Lelystad Centrum - Schiphol Airport,logistical,verstoring elders,1
59893,18,Thursday,5,0,2,2.0,Groningen - Zwolle,unknown,technisch onderzoek,0
59894,19,Thursday,5,0,6,3.0,Amersfoort - Schiphol Airport,unknown,technisch onderzoek,0
59896,7,Friday,5,0,18,8.0,Amersfoort - Schiphol Airport,rolling stock,gestrande trein,0
59897,8,Friday,5,0,2,1.0,Rotterdam Centraal - Schiphol Airport (HSL),infrastructure,wisselstoring,1
59898,8,Friday,5,0,4,1.0,Leiden Centraal - Schiphol Airport,infrastructure,wisselstoring,0
59899,9,Friday,5,0,2,1.0,'s-Hertogenbosch - Tilburg,external,inzet van hulpdiensten,0
59900,11,Friday,5,0,3,3.0,Arnhem Centraal - Basel SBB,rolling stock,defecte trein,0
59901,12,Friday,5,0,13,1.0,Lelystad Centrum - Schiphol Airport,rolling stock,defecte trein,1
59903,13,Friday,5,0,5,1.0,Leiden Centraal - Schiphol Airport,rolling stock,defecte trein,0
59904,13,Friday,5,0,2,1.0,Rotterdam Centraal - Schiphol Airport (HSL),rolling stock,defecte trein,0
59905,14,Friday,5,0,2,1.0,Breda - Rotterdam Centraal (HSL),rolling stock,gestrande trein,0
59906,14,Friday,5,0,8,1.0,Dordrecht - Geldermalsen,infrastructure,overwegstoring,1
59907,16,Friday,5,0,5,1.0,Leiden Centraal - Utrecht Centraal,rolling stock,defecte trein,0
59908,17,Friday,5,0,8,1.0,Dordrecht - Geldermalsen,rolling stock,defecte trein,0
59909,18,Friday,5,0,3,1.0,Tiel - Utrecht Centraal,external,inzet van hulpdiensten,0
59911,18,Friday,5,0,2,1.0,Rotterdam Centraal - Schiphol Airport (HSL),external,rommel op het spoor,1
59912,20,Friday,5,0,3,1.0,Alkmaar - Amsterdam Centraal,accidents,aanrijding,1
59913,20,Friday,5,0,5,1.0,Amsterdam Centraal - Haarlem,accidents,aanrijding,1
59914,20,Friday,5,0,8,2.0,Amsterdam Centraal - Utrecht Centraal,accidents,aanrijding,1
59915,22,Friday,5,0,6,1.0,Winterswijk - Zutphen,accidents,aanrijding,0
59916,9,Saturday,5,1,3,1.0,Eindhoven - Tilburg,unknown,technisch onderzoek,0
59918,10,Saturday,5,1,5,1.0,'s-Hertogenbosch - Utrecht Centraal,unknown,technisch onderzoek,1
59919,10,Saturday,5,1,3,3.0,Almere Oostvaarders - Utrecht Centraal,external,dier op het spoor,0
59921,14,Saturday,5,1,2,1.0,Amersfoort - Zwolle,rolling stock,gestrande trein,0
59922,14,Saturday,5,1,5,1.0,'s-Hertogenbosch - Nijmegen,rolling stock,defecte trein,0
59924,15,Saturday,5,1,2,1.0,Groningen - Eemshaven,rolling stock,defecte trein,0
59925,15,Saturday,5,1,5,2.0,Almere Oostvaarders - Utrecht Centraal,infrastructure,sein- en wisselstoring,1
59926,15,Saturday,5,1,3,2.0,Amersfoort - Utrecht Centraal,rolling stock,defecte trein,0
59927,17,Saturday,5,1,2,1.0,Breda - Rotterdam Centraal (HSL),rolling stock,defecte trein,0
59928,18,Saturday,5,1,2,1.0,Rotterdam Centraal - Schiphol Airport (HSL),rolling stock,defecte trein,0
59929,23,Saturday,5,1,7,1.0,Heerlen - Sittard,rolling stock,defecte trein,0
59930,23,Saturday,5,1,5,1.0,Maastricht - Sittard,rolling stock,defecte trein,0
59931,13,Sunday,5,1,7,1.0,Den Haag Centraal - Utrecht Centraal,rolling stock,defecte trein,0
59932,13,Sunday,5,1,1,6.0,Almelo - Hengelo,accidents,aanrijding,0
59933,13,Sunday,5,1,2,1.0,Rotterdam Centraal - Schiphol Airport (HSL),rolling stock,defecte trein,0
59934,14,Sunday,5,1,4,1.0,Amersfoort - Zwolle,infrastructure,seinstoring,1
59935,15,Sunday,5,1,2,1.0,Leeuwarden - Zwolle,external,bermbrand,0
59936,15,Sunday,5,1,5,1.0,Leeuwarden - Zwolle,rolling stock,gestrande trein,1
59937,16,Sunday,5,1,3,3.0,Arnhem Centraal - Basel SBB,rolling stock,beperkingen in de materieelinzet,1
59938,17,Sunday,5,1,2,1.0,'s-Hertogenbosch - Tilburg,unknown,technisch onderzoek,0
59939,19,Sunday,5,1,2,1.0,Breda - Rotterdam Centraal (HSL),external,persoon op het spoor,0
59940,21,Sunday,5,1,3,1.0,Harlingen Haven - Leeuwarden,rolling stock,defecte trein,0
59941,22,Sunday,5,1,11,1.0,Amersfoort - Zwolle,external,dier op het spoor,0
59942,22,Sunday,5,1,2,1.0,Leiden Centraal - Utrecht Centraal,infrastructure,seinstoring,1
59943,4,Monday,5,0,10,1.0,Heerlen - Maastricht,rolling stock,beperkingen in de materieelinzet,1
59944,4,Monday,5,0,4,1.0,Emmen - Zwolle,external,inzet van de brandweer,1
59945,5,Monday,5,0,2,1.0,Rotterdam Centraal - Schiphol Airport (HSL),engineering work,uitloop van werkzaamheden,1
59946,5,Monday,5,0,15,3.0,Den Haag Centraal - Den Haag HS,engineering work,uitloop van werkzaamheden,0
59947,6,Monday,5,0,5,2.0,Amsterdam Centraal - Schiphol Airport,rolling stock,defecte trein,1
59948,8,Monday,5,0,4,1.0,Groningen - Leeuwarden,accidents,aanrijding,1
59949,8,Monday,5,0,5,1.0,Breda - Tilburg,rolling stock,defecte trein,0
59950,9,Monday,5,0,3,1.0,Amersfoort - Zwolle,accidents,aanrijding,1
59951,9,Monday,5,0,7,1.0,Heerlen - Sittard,accidents,aanrijding,0
59952,10,Monday,5,0,2,3.0,Berlin Ostbahnhof - Hengelo,rolling stock,defecte trein,0
59953,11,Monday,5,0,3,1.0,'s-Hertogenbosch - Eindhoven,external,persoon op het spoor,0
59954,12,Monday,5,0,4,2.0,Amsterdam Centraal - Lelystad Centrum,rolling stock,defecte trein,0
59955,13,Monday,5,0,5,3.0,Almere Oostvaarders - Utrecht Centraal,rolling stock,defecte trein,0
59956,15,Monday,5,0,2,1.0,Breda - Tilburg,rolling stock,defecte trein,0
59957,15,Monday,5,0,2,1.0,'s-Hertogenbosch - Tilburg,rolling stock,defecte trein,0
59958,15,Monday,5,0,4,3.0,Almere Oostvaarders - Utrecht Centraal,rolling stock,defecte trein,0
59959,15,Monday,5,0,6,1.0,Rotterdam Centraal - Utrecht Centraal,external,persoon op het spoor,0
59960,17,Monday,5,0,18,8.0,Amersfoort - Schiphol Airport,rolling stock,gestrande trein,1
59961,17,Monday,5,0,8,2.0,Den Haag Centraal - Den Haag HS,rolling stock,defecte trein,1
59962,18,Monday,5,0,6,1.0,Delfzijl - Groningen,infrastructure,sein- en wisselstoring,1
59963,19,Monday,5,0,5,3.0,Almere Oostvaarders - Utrecht Centraal,rolling stock,defecte trein,0
59965,20,Monday,5,0,4,1.0,Apeldoorn - Deventer,rolling stock,defecte trein,0
59966,20,Monday,5,0,5,3.0,Almere Oostvaarders - Utrecht Centraal,rolling stock,gestrande trein,0
59968,21,Monday,5,0,3,1.0,Alkmaar - Amsterdam Centraal,rolling stock,gestrande trein,0
59969,21,Monday,5,0,3,1.0,Eindhoven - Tilburg,rolling stock,defecte trein,0
59970,5,Tuesday,5,0,6,1.0,Aachen Hbf - Heerlen,staff,problemen met de personeelsinzet,1
59971,6,Tuesday,5,0,6,2.0,Liège-Guillemins - Maastricht,staff,acties in het buitenland,1
59972,7,Tuesday,5,0,2,1.0,Amersfoort - Zwolle,rolling stock,defecte trein,1
59973,7,Tuesday,5,0,2,3.0,Amersfoort - Schiphol Airport,rolling stock,gestrande trein,0
59974,8,Tuesday,5,0,3,1.0,Leiden Centraal - Utrecht Centraal,rolling stock,defecte trein,0
59975,9,Tuesday,5,0,6,1.0,Almelo - Deventer,infrastructure,sein- en wisselstoring,1
59977,11,Tuesday,5,0,2,1.0,Eindhoven - Venlo,rolling stock,defecte trein,0
59978,12,Tuesday,5,0,5,2.0,Amsterdam Centraal - Schiphol Airport,rolling stock,defecte trein,0
59979,13,Tuesday,5,0,2,1.0,Breda - Rotterdam Centraal (HSL),rolling stock,defecte trein,0
59980,14,Tuesday,5,0,3,1.0,Breda - Roosendaal,rolling stock,defecte trein,0
59981,15,Tuesday,5,0,5,2.0,Amersfoort - Amsterdam Centraal,infrastructure,defect spoor,1
59983,16,Tuesday,5,0,4,1.0,Arnhem Centraal - Utrecht Centraal,accidents,aanrijding,1
59984,16,Tuesday,5,0,5,1.0,Arnhem Centraal - Nijmegen,accidents,aanrijding,1
59985,17,Tuesday,5,0,3,1.0,Amersfoort - Zwolle,rolling stock,defecte trein,0
59987,18,Tuesday,5,0,8,1.0,Dordrecht - Rotterdam Centraal,rolling stock,defecte trein,1
59988,18,Tuesday,5,0,5,1.0,Emmen - Zwolle,external,persoon op het spoor,0
59990,5,Wednesday,5,0,6,1.0,Aachen Hbf - Heerlen,staff,problemen met de personeelsinzet,1
59991,5,Wednesday,5,0,3,1.0,Haarlem - Zandvoort aan Zee,external,dier op het spoor,0
59992,6,Wednesday,5,0,3,1.0,Haarlem - Zandvoort aan Zee,accidents,aanrijding,0
59993,7,Wednesday,5,0,2,1.0,Groningen - Eemshaven,infrastructure,seinstoring,1
59994,7,Wednesday,5,0,4,1.0,Leeuwarden - Zwolle,external,persoon op het spoor,0
59995,7,Wednesday,5,0,7,1.0,Leiden Centraal - Utrecht Centraal,external,persoon langs het spoor,1
59996,7,Wednesday,5,0,2,2.0,Liège-Guillemins - Maastricht,rolling stock,defecte trein,1
59997,7,Wednesday,5,0,6,1.0,Rotterdam Centraal - Utrecht Centraal,rolling stock,defecte trein,0
59998,8,Wednesday,5,0,3,1.0,Haarlem - Zandvoort aan Zee,logistical,eerdere verstoring,0
59999,11,Wednesday,5,0,14,1.0,Arnhem Centraal - Winterswijk,external,inzet van hulpdiensten,0
60000,12,Wednesday,5,0,5,1.0,Leiden Centraal - Schiphol Airport,rolling stock,defecte trein,0
60002,14,Wednesday,5,0,2,1.0,Hengelo - Zutphen,rolling stock,defecte trein,1
60003,16,Wednesday,5,0,2,2.0,Amersfoort - Amsterdam Centraal,rolling stock,defecte trein,0
60004,16,Wednesday,5,0,11,1.0,Roosendaal - Vlissingen,rolling stock,gestrande trein,0
60005,16,Wednesday,5,0,4,1.0,Leiden Centraal - Schiphol Airport,external,inzet van hulpdiensten,0
60006,16,Wednesday,5,0,3,1.0,Leeuwarden - Zwolle,accidents,beschadigde spoorbrug,1
60007,17,Wednesday,5,0,2,1.0,Roosendaal - Vlissingen,unknown,technisch onderzoek,1
60008,20,Wednesday,5,0,3,1.0,Enschede - Hengelo,external,bermbrand,0
60009,20,Wednesday,5,0,8,1.0,Amsterdam Centraal - Lelystad Centrum,rolling stock,defecte trein,0
60010,20,Wednesday,5,0,3,1.0,Almere Oostvaarders - Utrecht Centraal,rolling stock,defecte trein,0
60011,20,Wednesday,5,0,2,1.0,Roermond - Venlo,accidents,aanrijding,1
60012,22,Wednesday,5,0,2,1.0,Alkmaar - Den Helder,external,rommel op het spoor,1
60013,6,Thursday,5,0,5,3.0,Almere Oostvaarders - Utrecht Centraal,rolling stock,defecte trein,0
60014,6,Thursday,5,0,2,2.0,Groningen - Zwolle,external,hinder op het spoor,0
60015,7,Thursday,5,0,7,3.0,Arnhem Centraal - Basel SBB,staff,problemen met de personeelsinzet,1
60017,11,Thursday,5,0,2,1.0,Breda - Rotterdam Centraal (HSL),rolling stock,defecte trein,1
60018,11,Thursday,5,0,3,1.0,Arnhem Centraal - Winterswijk,infrastructure,seinstoring,1
60019,11,Thursday,5,0,3,2.0,Breda - Dordrecht,rolling stock,defecte trein,1
60020,11,Thursday,5,0,2,1.0,Rotterdam Centraal - Schiphol Airport (HSL),rolling stock,defecte trein,1
60021,11,Thursday,5,0,13,1.0,Lelystad Centrum - Schiphol Airport,rolling stock,defecte trein,1
60022,11,Thursday,5,0,15,3.0,Den Haag Centraal - Den Haag HS,rolling stock,defecte trein,1
60023,12,Thursday,5,0,3,1.0,Den Haag Centraal - Utrecht Centraal,infrastructure,wisselstoring,1
60025,16,Thursday,5,0,4,1.0,Aachen Hbf - Heerlen,rolling stock,defecte trein,0
60026,16,Thursday,5,0,3,1.0,'s-Hertogenbosch - Nijmegen,rolling stock,defecte trein,1
60027,19,Thursday,5,0,4,3.0,Dortmund Hbf - Enschede,rolling stock,defecte trein,1
60029,21,Thursday,5,0,3,1.0,Arnhem Centraal - Nijmegen,rolling stock,defecte trein,0
60030,22,Thursday,5,0,4,1.0,'s-Hertogenbosch - Nijmegen,rolling stock,defecte trein,0
60031,22,Thursday,5,0,4,1.0,Almelo - Hengelo,rolling stock,gestrande trein,0
60032,4,Friday,5,0,6,1.0,Enkhuizen - Hoorn,engineering work,uitloop van werkzaamheden,1
60033,8,Friday,5,0,3,1.0,Amersfoort - Ede-Wageningen,rolling stock,defecte trein,0
60034,8,Friday,5,0,2,1.0,Hengelo - Zutphen,infrastructure,seinstoring,1
60035,13,Friday,5,0,11,1.0,Amsterdam Centraal - Lelystad Centrum,infrastructure,defect spoor,1
60036,14,Friday,5,0,6,1.0,Eindhoven - Roermond,accidents,aanrijding,0
60037,15,Friday,5,0,5,1.0,Leiden Centraal - Schiphol Airport,rolling stock,defecte trein,0
60038,15,Friday,5,0,5,1.0,Roermond - Venlo,rolling stock,defecte trein,0
60039,17,Friday,5,0,6,1.0,Hamm (Westf.) - Venlo,logistical,problemen op het spoor in het buitenland,0
60040,18,Friday,5,0,3,1.0,Roosendaal - Vlissingen,accidents,aanrijding,1
60041,21,Friday,5,0,5,1.0,Apeldoorn - Zutphen,infrastructure,seinstoring,1
60042,21,Friday,5,0,6,1.0,Winterswijk - Zutphen,infrastructure,seinstoring,0
60043,22,Friday,5,0,4,1.0,Deventer - Zwolle,rolling stock,gestrande trein,0
60044,6,Saturday,5,1,7,3.0,Arnhem Centraal - Basel SBB,staff,problemen met de personeelsinzet,1
60045,9,Saturday,5,1,6,1.0,Aachen Hbf - Heerlen,logistical,problemen op het spoor in het buitenland,1
60046,10,Saturday,5,1,2,1.0,Deventer - Zutphen,rolling stock,defecte trein,1
60047,11,Saturday,5,1,3,1.0,Breda - Roosendaal,rolling stock,defecte trein,0
60049,13,Saturday,5,1,7,2.0,Amsterdam Centraal - Utrecht Centraal,accidents,aanrijding,1
60050,20,Saturday,5,1,2,1.0,Leiden Centraal - Utrecht Centraal,infrastructure,seinstoring,1
60051,22,Saturday,5,1,2,1.0,Hamm (Westf.) - Venlo,logistical,problemen op het spoor in het buitenland,1
60052,23,Saturday,5,1,2,1.0,Leiden Centraal - Utrecht Centraal,infrastructure,seinstoring,1
60053,4,Sunday,5,1,2,1.0,Leiden Centraal - Utrecht Centraal,infrastructure,seinstoring,0
60054,7,Sunday,5,1,2,1.0,Leiden Centraal - Utrecht Centraal,infrastructure,seinstoring,1
60055,8,Sunday,5,1,7,3.0,Arnhem Centraal - Basel SBB,staff,problemen met de personeelsinzet,1
60056,11,Sunday,5,1,3,1.0,Arnhem Centraal - Zutphen,infrastructure,wisselstoring,1
60057,19,Sunday,5,1,2,1.0,Almelo - Zwolle,infrastructure,seinstoring,1
60060,20,Sunday,5,1,2,1.0,Almelo - Zwolle,infrastructure,seinstoring,1
60061,21,Sunday,5,1,5,1.0,Arnhem Centraal - Nijmegen,accidents,aanrijding,1
60062,22,Sunday,5,1,8,1.0,Arnhem Centraal - Tiel,accidents,aanrijding,1
60063,5,Monday,5,0,4,2.0,Almere Oostvaarders - Utrecht Centraal,infrastructure,wisselstoring,0
60064,6,Monday,5,0,5,1.0,Aachen Hbf - Heerlen,rolling stock,defecte trein,0
60065,6,Monday,5,0,11,1.0,Roosendaal - Vlissingen,infrastructure,seinstoring,1
60066,12,Monday,5,0,10,1.0,Schiphol Airport - Utrecht Centraal,infrastructure,defect spoor,1
60067,13,Monday,5,0,11,1.0,Amsterdam Centraal - Utrecht Centraal,infrastructure,defect spoor,1
60068,13,Monday,5,0,14,2.0,'s-Hertogenbosch - Eindhoven,infrastructure,defect spoor,1
60070,17,Monday,5,0,4,1.0,Lelystad Centrum - Zwolle,external,rommel op het spoor,0
60071,18,Monday,5,0,2,2.0,Groningen - Zwolle,infrastructure,wisselstoring,0
60072,19,Monday,5,0,2,1.0,Breda - Rotterdam Centraal (HSL),rolling stock,gestrande trein,0
60073,22,Monday,5,0,8,1.0,Leeuwarden - Zwolle,rolling stock,gestrande trein,0
60074,3,Tuesday,5,0,4,1.0,Amsterdam Centraal - Schiphol Airport,rolling stock,gestrande trein,0
60075,6,Tuesday,5,0,2,2.0,Groningen - Zwolle,infrastructure,wisselstoring,0
60076,8,Tuesday,5,0,2,2.0,Groningen - Zwolle,unknown,technisch onderzoek,1
60077,9,Tuesday,5,0,3,2.0,Alkmaar - Den Helder,accidents,aanrijding,1
60078,10,Tuesday,5,0,5,1.0,Amersfoort - Utrecht Centraal,external,inzet van hulpdiensten,0
60079,10,Tuesday,5,0,7,1.0,Amersfoort - Zwolle,rolling stock,defecte trein,0
60080,10,Tuesday,5,0,2,1.0,'s-Hertogenbosch - Nijmegen,rolling stock,gestrande trein,0
60081,10,Tuesday,5,0,5,1.0,Haarlem - Leiden Centraal,rolling stock,gestrande trein,0
60082,10,Tuesday,5,0,4,1.0,Amersfoort - Zwolle,accidents,aanrijding,1
60083,12,Tuesday,5,0,3,1.0,'s-Hertogenbosch - Utrecht Centraal,rolling stock,defecte trein,1
60084,12,Tuesday,5,0,11,1.0,Amsterdam Centraal - Utrecht Centraal,rolling stock,defecte trein,1
60085,13,Tuesday,5,0,2,1.0,Almelo - Zwolle,infrastructure,seinstoring,1
60086,15,Tuesday,5,0,7,1.0,Alphen a/d Rijn - Gouda,external,rommel op het spoor,0
60088,15,Tuesday,5,0,4,1.0,Amsterdam Centraal - Haarlem,external,inzet van hulpdiensten,0
60089,15,Tuesday,5,0,2,1.0,Groningen - Veendam,external,persoon op het spoor,0
60090,17,Tuesday,5,0,2,1.0,Breda - Rotterdam Centraal (HSL),rolling stock,gestrande trein,0
60092,17,Tuesday,5,0,7,3.0,Arnhem Centraal - Basel SBB,rolling stock,gestrande trein,0
60093,18,Tuesday,5,0,5,1.0,Almelo - Zwolle,rolling stock,defecte trein,0
60094,19,Tuesday,5,0,7,1.0,'s-Hertogenbosch - Nijmegen,infrastructure,defecte bovenleiding,1
60095,20,Tuesday,5,0,5,1.0,Amsterdam Centraal - Haarlem,external,inzet van de politie,1
60098,7,Wednesday,5,0,4,1.0,Aachen Hbf - Heerlen,rolling stock,defecte trein,0
60099,8,Wednesday,5,0,3,1.0,Tiel - Utrecht Centraal,infrastructure,wisselstoring,1
60101,10,Wednesday,5,0,5,1.0,Heerlen - Maastricht,rolling stock,gestrande trein,0
60102,12,Wednesday,5,0,6,1.0,Rhenen - Utrecht Centraal,infrastructure,defect spoor,0
60104,12,Wednesday,5,0,7,2.0,Amsterdam Centraal - Utrecht Centraal,infrastructure,defect spoor,0
60105,12,Wednesday,5,0,18,8.0,Amersfoort - Schiphol Airport,rolling stock,defecte trein,1
60106,13,Wednesday,5,0,15,3.0,Den Haag Centraal - Den Haag HS,rolling stock,defecte trein,1
60107,14,Wednesday,5,0,2,1.0,Breda - Rotterdam Centraal (HSL),rolling stock,defecte trein,1
60108,14,Wednesday,5,0,2,4.0,'s-Hertogenbosch - Utrecht Centraal,infrastructure,wisselstoring,0
60109,17,Wednesday,5,0,3,1.0,Enkhuizen - Hoorn,infrastructure,seinstoring,1
60110,23,Wednesday,5,0,5,1.0,Maastricht - Sittard,rolling stock,gestrande trein,0
60111,6,Thursday,5,0,3,2.0,Breda - Dordrecht,rolling stock,defecte trein,0
60112,8,Thursday,5,0,2,1.0,'s-Hertogenbosch - Tilburg,external,persoon op het spoor,1
60115,15,Thursday,5,0,4,1.0,Apeldoorn - Deventer,rolling stock,defecte trein,1
60116,17,Thursday,5,0,18,8.0,Amersfoort - Schiphol Airport,rolling stock,defecte trein,0
60117,17,Thursday,5,0,6,2.0,Almelo - Mariënberg,rolling stock,defecte trein,1
60118,17,Thursday,5,0,15,3.0,Den Haag Centraal - Den Haag HS,rolling stock,defecte trein,0
60119,21,Thursday,5,0,9,1.0,Schiphol Airport - Utrecht Centraal,rolling stock,defecte trein,0
60120,22,Thursday,5,0,2,1.0,Groningen - Zwolle,external,persoon op het spoor,0
60121,22,Thursday,5,0,3,1.0,Schiphol Airport - Utrecht Centraal,rolling stock,defecte trein,0
60122,6,Friday,5,0,2,1.0,Amersfoort - Apeldoorn,rolling stock,defecte trein,0
60123,6,Friday,5,0,2,1.0,Groningen - Leeuwarden,infrastructure,wisselstoring,1
60124,7,Friday,5,0,2,1.0,Breda - Rotterdam Centraal (HSL),rolling stock,gestrande trein,0
60125,9,Friday,5,0,2,1.0,Eindhoven - Venlo,rolling stock,defecte trein,0
60126,11,Friday,5,0,2,1.0,Eindhoven - Venlo,rolling stock,defecte trein,0
60127,13,Friday,5,0,2,1.0,Amsterdam Centraal - Woerden,rolling stock,gestrande trein,0
60128,13,Friday,5,0,2,1.0,Emmen - Zwolle,rolling stock,beperkingen in de materieelinzet,1
60129,13,Friday,5,0,7,1.0,Heerlen - Sittard,accidents,aanrijding,1
60130,13,Friday,5,0,2,1.0,Antwerpen-Centraal - Roosendaal,rolling stock,defecte trein,0
60131,15,Friday,5,0,4,1.0,Amsterdam Centraal - Haarlem,infrastructure,seinstoring,1
60132,17,Friday,5,0,4,1.0,Groningen - Eemshaven,infrastructure,seinstoring,1
60133,20,Friday,5,0,2,1.0,Groningen - Leeuwarden,infrastructure,wisselstoring,1
60134,20,Friday,5,0,4,1.0,Leiden Centraal - Schiphol Airport,rolling stock,defecte trein,0
60135,9,Saturday,5,1,5,1.0,Eindhoven - Roermond,engineering work,herstelwerkzaamheden,0
60136,12,Saturday,5,1,2,2.0,Amersfoort - Schiphol Airport,rolling stock,defecte trein,0
60137,14,Saturday,5,1,2,2.0,Almelo - Deventer,infrastructure,seinstoring,0
60138,17,Saturday,5,1,5,1.0,Amsterdam Centraal - Hoorn,rolling stock,defecte trein,0
60139,18,Saturday,5,1,4,1.0,Amsterdam Centraal - Haarlem,infrastructure,seinstoring,1
60140,20,Saturday,5,1,4,1.0,Groningen - Zwolle,rolling stock,gestrande trein,0
60141,21,Saturday,5,1,3,14.0,'s-Hertogenbosch - Utrecht Centraal,external,persoon op het spoor,1
60142,6,Sunday,6,1,7,1.0,Delfzijl - Groningen,infrastructure,sein- en wisselstoring,1
60143,7,Sunday,6,1,6,1.0,Aachen Hbf - Heerlen,staff,problemen met de personeelsinzet,1
60144,12,Sunday,6,1,2,2.0,Amersfoort - Amsterdam Centraal,rolling stock,defecte trein,0
60145,13,Sunday,6,1,7,3.0,Arnhem Centraal - Basel SBB,staff,problemen met de personeelsinzet,1
60146,14,Sunday,6,1,3,1.0,'s-Hertogenbosch - Eindhoven,infrastructure,seinstoring,1
60147,15,Sunday,6,1,2,2.0,Amersfoort - Amsterdam Centraal,unknown,technisch onderzoek,0
60148,15,Sunday,6,1,11,1.0,Amsterdam Centraal - Utrecht Centraal,rolling stock,defecte trein,0
60149,15,Sunday,6,1,8,1.0,Dordrecht - Rotterdam Centraal,rolling stock,defecte trein,0
60150,17,Sunday,6,1,8,2.0,Amsterdam Centraal - Utrecht Centraal,external,voorwerp in de bovenleiding,1
60151,21,Sunday,6,1,3,1.0,Liège-Guillemins - Maastricht,rolling stock,defecte trein,1
60152,21,Sunday,6,1,3,2.0,Amersfoort - Schiphol Airport,infrastructure,stroomstoring,1
60153,22,Sunday,6,1,3,1.0,Schiphol Airport - Utrecht Centraal,infrastructure,stroomstoring,1
60154,2,Monday,6,0,4,2.0,'s-Hertogenbosch - Eindhoven,engineering work,uitloop van werkzaamheden,1
60155,2,Monday,6,0,24,3.0,'s-Hertogenbosch - Eindhoven,engineering work,uitloop van werkzaamheden,0
60156,2,Monday,6,0,6,1.0,Aachen Hbf - Heerlen,staff,problemen met de personeelsinzet,1
60158,6,Monday,6,0,5,1.0,Almelo - Deventer,infrastructure,stroomstoring,0
60159,7,Monday,6,0,10,1.0,Amersfoort - Schiphol Airport,rolling stock,defecte trein,0
60160,7,Monday,6,0,4,1.0,Leiden Centraal - Schiphol Airport,rolling stock,defecte trein,0
60161,7,Monday,6,0,5,1.0,Schiphol Airport - Utrecht Centraal,rolling stock,defecte trein,0
60162,7,Monday,6,0,5,1.0,'s-Hertogenbosch - Nijmegen,rolling stock,defecte trein,0
60163,8,Monday,6,0,5,2.0,Amsterdam Centraal - Schiphol Airport,rolling stock,defecte trein,0
60164,8,Monday,6,0,5,1.0,Almelo - Deventer,infrastructure,stroomstoring,1
60165,9,Monday,6,0,2,1.0,Almelo - Zwolle,infrastructure,seinstoring,1
60166,10,Monday,6,0,2,1.0,Eindhoven - Roermond,unknown,technisch onderzoek,0
60167,10,Monday,6,0,5,1.0,Almelo - Deventer,infrastructure,stroomstoring,1
60168,11,Monday,6,0,2,2.0,Groningen - Bad Nieuweschans,infrastructure,defecte spoorbrug,1
60171,11,Monday,6,0,8,1.0,Almere Oostvaarders - Utrecht Centraal,rolling stock,defecte trein,0
60172,13,Monday,6,0,2,1.0,Nijmegen - Venlo,infrastructure,overwegstoring,0
60174,15,Monday,6,0,3,1.0,Amersfoort - Zwolle,infrastructure,seinstoring,1
60175,15,Monday,6,0,2,1.0,Rotterdam Centraal - Schiphol Airport (HSL),rolling stock,defecte trein,0
60177,18,Monday,6,0,5,1.0,Breda - Tilburg,external,persoon op het spoor,0
60178,19,Monday,6,0,4,3.0,Dortmund Hbf - Enschede,rolling stock,defecte trein,1
60179,20,Monday,6,0,3,1.0,Arnhem Centraal - Zutphen,external,inzet van hulpdiensten,0
60180,20,Monday,6,0,2,1.0,Breda - Rotterdam Centraal (HSL),rolling stock,gestrande trein,0
60181,21,Monday,6,0,3,1.0,Breda - Roosendaal,accidents,aanrijding,1
60182,22,Monday,6,0,3,2.0,Breda - Dordrecht,rolling stock,defecte trein,0
60183,10,Tuesday,6,0,3,1.0,Eindhoven - Tilburg,external,persoon op het spoor,0
60185,11,Tuesday,6,0,11,1.0,Roosendaal - Vlissingen,rolling stock,gestrande trein,0
60188,14,Tuesday,6,0,4,3.0,Almere Oostvaarders - Utrecht Centraal,external,inzet van de politie,0
60189,15,Tuesday,6,0,2,1.0,Leiden Centraal - Utrecht Centraal,external,rommel op het spoor,1
60190,17,Tuesday,6,0,7,1.0,Groningen - Veendam,external,inzet van hulpdiensten,0
60191,17,Tuesday,6,0,9,2.0,Groningen - Bad Nieuweschans,external,inzet van hulpdiensten,0
60192,18,Tuesday,6,0,4,1.0,Lelystad Centrum - Zwolle,rolling stock,defecte trein,0
60193,18,Tuesday,6,0,3,1.0,Hengelo - Zutphen,rolling stock,defecte trein,1
60194,21,Tuesday,6,0,4,1.0,Leiden Centraal - Schiphol Airport,external,persoon op het spoor,0
60195,21,Tuesday,6,0,8,1.0,Den Haag Centraal - Utrecht Centraal,rolling stock,defecte trein,0
60196,21,Tuesday,6,0,2,2.0,Amersfoort - Amsterdam Centraal,external,persoon op het spoor,0
60197,21,Tuesday,6,0,5,1.0,Schiphol Airport - Utrecht Centraal,external,persoon op het spoor,0
60198,23,Tuesday,6,0,5,1.0,Roermond - Venlo,rolling stock,defecte trein,0
60199,0,Wednesday,6,0,2,1.0,'s-Hertogenbosch - Tilburg,rolling stock,gestrande trein,0
60200,6,Wednesday,6,0,5,1.0,Haarlem - Leiden Centraal,accidents,aanrijding,1
60201,6,Wednesday,6,0,6,1.0,Den Haag Centraal - Leiden Centraal,accidents,aanrijding,1
60202,7,Wednesday,6,0,5,2.0,Almere Oostvaarders - Utrecht Centraal,accidents,aanrijding,1
60203,9,Wednesday,6,0,3,2.0,Groningen - Bad Nieuweschans,rolling stock,gestrande trein,0
60204,9,Wednesday,6,0,2,1.0,Amersfoort - Zwolle,rolling stock,defecte trein,0
60205,12,Wednesday,6,0,4,3.0,Dortmund Hbf - Enschede,external,hinder op het spoor,1
60206,12,Wednesday,6,0,3,1.0,Almelo - Zwolle,infrastructure,seinstoring,1
60207,13,Wednesday,6,0,2,1.0,Den Haag Centraal - Leiden Centraal,rolling stock,defecte trein,0
60208,15,Wednesday,6,0,5,1.0,Leiden Centraal - Schiphol Airport,external,rommel op het spoor,0
60209,16,Wednesday,6,0,5,1.0,Groningen - Eemshaven,external,hinder op het spoor,0
60210,16,Wednesday,6,0,4,1.0,Emmen - Zwolle,external,inzet van hulpdiensten,0
60211,17,Wednesday,6,0,2,2.0,Groningen - Zwolle,rolling stock,gestrande trein,0
60212,18,Wednesday,6,0,7,1.0,Alphen a/d Rijn - Gouda,external,inzet van hulpdiensten,0
60214,7,Thursday,6,0,6,1.0,Almelo - Mariënberg,rolling stock,beperkingen in de materieelinzet,1
60215,8,Thursday,6,0,2,1.0,Amersfoort - Zwolle,rolling stock,defecte trein,1
60216,9,Thursday,6,0,3,1.0,Leiden Centraal - Utrecht Centraal,infrastructure,defecte spoorbrug,0
60217,10,Thursday,6,0,2,7.0,Amersfoort - Schiphol Airport,rolling stock,defecte trein,1
60218,11,Thursday,6,0,13,4.0,Den Haag Centraal - Den Haag HS,rolling stock,defecte trein,0
60219,11,Thursday,6,0,6,1.0,Den Haag Centraal - Leiden Centraal,rolling stock,defecte trein,0
60220,11,Thursday,6,0,2,1.0,Eindhoven - Roermond,rolling stock,gestrande trein,0
60221,12,Thursday,6,0,3,2.0,Amsterdam Centraal - Hoorn,rolling stock,defecte trein,0
60222,13,Thursday,6,0,5,1.0,Eindhoven - Roermond,rolling stock,defecte trein,1
60223,14,Thursday,6,0,3,2.0,Den Haag Centraal - Utrecht Centraal,rolling stock,gestrande trein,0
60224,14,Thursday,6,0,5,1.0,Amsterdam Centraal - Hoorn,external,inzet van de politie,0
60225,14,Thursday,6,0,3,1.0,Groningen - Zwolle,unknown,technisch onderzoek,0
60226,15,Thursday,6,0,2,2.0,Eindhoven - Venlo,rolling stock,defecte trein,0
60227,15,Thursday,6,0,2,1.0,Breda - Rotterdam Centraal (HSL),rolling stock,defecte trein,1
60229,3,Friday,6,0,4,1.0,Amsterdam Centraal - Schiphol Airport,staff,staking bij NS,1
60230,4,Friday,6,0,3,14.0,'s-Hertogenbosch - Utrecht Centraal,staff,staking bij NS,1
60234,4,Friday,6,0,2,4.0,'s-Hertogenbosch - Eindhoven,staff,staking bij NS,1
60235,4,Friday,6,0,3,8.0,Almelo - Zwolle,staff,staking bij NS,1
60236,4,Friday,6,0,2,11.0,Arnhem Centraal - Basel SBB,staff,staking bij NS,1
60237,4,Friday,6,0,2,4.0,Antwerpen-Centraal - Roosendaal,staff,staking bij NS,1
60238,4,Friday,6,0,1,4.0,'s-Hertogenbosch - Eindhoven,staff,staking bij NS,1
60239,4,Friday,6,0,2,3.0,Heerlen - Sittard,staff,staking bij NS,1
60240,4,Friday,6,0,2,3.0,Alphen a/d Rijn - Gouda,staff,staking bij NS,1
60241,4,Friday,6,0,51,7.0,Antwerpen-Centraal - Brussels Airport-Zaventem,staff,staking bij NS,1
60242,9,Friday,6,0,4,1.0,Leeuwarden - Stavoren,infrastructure,seinstoring,1
60243,22,Friday,6,0,4,1.0,Dordrecht - Roosendaal,engineering work,herstelwerkzaamheden,1
60245,8,Saturday,6,1,11,1.0,Schiphol Airport - Utrecht Centraal,accidents,aanrijding,1
60246,9,Saturday,6,1,5,1.0,Maastricht - Sittard,infrastructure,seinstoring,1
60247,9,Saturday,6,1,4,1.0,Roermond - Sittard,infrastructure,overwegstoring,0
60248,10,Saturday,6,1,6,1.0,Arnhem Centraal - Zutphen,rolling stock,defecte trein,1
60250,13,Saturday,6,1,2,1.0,Roosendaal - Vlissingen,rolling stock,gestrande trein,0
60251,17,Saturday,6,1,7,1.0,Heerlen - Sittard,external,boom op het spoor,1
60252,18,Saturday,6,1,8,2.0,Den Haag Centraal - Den Haag HS,external,persoon op het spoor,0
60253,20,Saturday,6,1,6,1.0,Eindhoven - Venlo,rolling stock,defecte trein,0
60254,21,Saturday,6,1,5,1.0,Maastricht - Sittard,external,brandmelding,1
60256,23,Saturday,6,1,4,1.0,Apeldoorn - Deventer,accidents,aanrijding,0
60257,7,Sunday,6,1,3,3.0,Arnhem Centraal - Basel SBB,rolling stock,beperkingen in de materieelinzet,1
60258,9,Sunday,6,1,5,2.0,Den Haag Centraal - Leiden Centraal,rolling stock,defecte trein,0
60259,10,Sunday,6,1,2,1.0,Almelo - Zwolle,infrastructure,seinstoring,1
60261,16,Sunday,6,1,3,1.0,Breda - Dordrecht,external,persoon op het spoor,0
60262,16,Sunday,6,1,2,1.0,Almelo - Zwolle,infrastructure,seinstoring,1
60264,7,Monday,6,0,6,1.0,Aachen Hbf - Heerlen,staff,problemen met de personeelsinzet,1
60265,8,Monday,6,0,2,1.0,Amsterdam Centraal - Woerden,weather,blikseminslag,0
60266,8,Monday,6,0,4,2.0,Amersfoort - Schiphol Airport,rolling stock,defecte trein,0
60267,9,Monday,6,0,3,1.0,Deventer - Zwolle,infrastructure,seinstoring,1
60268,10,Monday,6,0,6,1.0,'s-Hertogenbosch - Nijmegen,unknown,technisch onderzoek,1
60270,14,Monday,6,0,2,1.0,Almelo - Zwolle,infrastructure,seinstoring,1
60272,18,Monday,6,0,4,3.0,Almere Oostvaarders - Utrecht Centraal,rolling stock,defecte trein,0
60273,18,Monday,6,0,2,1.0,Breda - Rotterdam Centraal (HSL),rolling stock,gestrande trein,0
60274,19,Monday,6,0,13,1.0,Den Haag Centraal - Utrecht Centraal,infrastructure,defect spoor,1
60275,19,Monday,6,0,12,1.0,Rotterdam Centraal - Utrecht Centraal,infrastructure,defect spoor,1
60276,21,Monday,6,0,4,3.0,Amsterdam Centraal - Utrecht Centraal,rolling stock,defecte trein,0
60277,21,Monday,6,0,6,1.0,Roosendaal - Vlissingen,rolling stock,defecte trein,0
60278,21,Monday,6,0,2,1.0,Almelo - Zwolle,infrastructure,seinstoring,1
60279,21,Monday,6,0,3,2.0,Antwerpen-Centraal - Breda (HSL),infrastructure,wisselstoring,0
60280,4,Tuesday,6,0,3,14.0,'s-Hertogenbosch - Utrecht Centraal,staff,staking bij NS,1
60281,4,Tuesday,6,0,3,3.0,Alkmaar - Amsterdam Centraal,staff,staking bij NS,1
60282,4,Tuesday,6,0,3,8.0,Alkmaar - Amsterdam Centraal,staff,staking bij NS,1
60283,4,Tuesday,6,0,2,3.0,Den Haag Centraal - Den Haag HS,staff,staking bij NS,1
60284,4,Tuesday,6,0,2,7.0,Breda - Rotterdam Centraal (HSL),staff,staking bij NS,1
60285,4,Tuesday,6,0,3,6.0,Amersfoort - Amsterdam Centraal,staff,staking bij NS,1
60286,4,Tuesday,6,0,1,6.0,Almelo - Hengelo,staff,staking bij NS,1
60287,4,Tuesday,6,0,2,4.0,'s-Hertogenbosch - Eindhoven,staff,staking bij NS,1
60288,4,Tuesday,6,0,3,8.0,Almelo - Zwolle,staff,staking bij NS,1
60289,4,Tuesday,6,0,2,11.0,Arnhem Centraal - Basel SBB,staff,staking bij NS,1
60290,4,Tuesday,6,0,2,4.0,Antwerpen-Centraal - Roosendaal,staff,staking bij NS,1
60291,4,Tuesday,6,0,1,4.0,'s-Hertogenbosch - Eindhoven,staff,staking bij NS,1
60292,4,Tuesday,6,0,2,3.0,Heerlen - Sittard,staff,staking bij NS,1
60293,4,Tuesday,6,0,5,2.0,Amsterdam Centraal - Schiphol Airport,staff,staking bij NS,1
60294,9,Tuesday,6,0,2,1.0,Almelo - Zwolle,infrastructure,seinstoring,1
60295,17,Tuesday,6,0,2,1.0,Leiden Centraal - Schiphol Airport,external,persoon op het spoor,0
60296,5,Wednesday,6,0,3,1.0,Breda - Roosendaal,engineering work,herstelwerkzaamheden,1
60297,7,Wednesday,6,0,2,1.0,Amersfoort - Zwolle,rolling stock,defecte trein,0
60298,7,Wednesday,6,0,5,2.0,Amsterdam Centraal - Schiphol Airport,rolling stock,defecte trein,1
60299,7,Wednesday,6,0,9,1.0,Amersfoort - Zwolle,rolling stock,defecte trein,0
60300,7,Wednesday,6,0,2,1.0,Rotterdam Centraal - Schiphol Airport (HSL),rolling stock,defecte trein,0
60301,8,Wednesday,6,0,3,2.0,Amersfoort - Schiphol Airport,rolling stock,defecte trein,1
60302,8,Wednesday,6,0,2,1.0,Rotterdam Centraal - Schiphol Airport (HSL),rolling stock,defecte trein,1
60303,8,Wednesday,6,0,13,1.0,Lelystad Centrum - Schiphol Airport,rolling stock,defecte trein,0
60304,9,Wednesday,6,0,5,1.0,'s-Hertogenbosch - Nijmegen,infrastructure,seinstoring,1
60307,11,Wednesday,6,0,6,1.0,Dordrecht - Roosendaal,rolling stock,defecte trein,0
60308,12,Wednesday,6,0,2,2.0,Groningen - Zwolle,rolling stock,defecte trein,0
60309,13,Wednesday,6,0,4,2.0,'s-Hertogenbosch - Eindhoven,rolling stock,gestrande trein,0
60310,14,Wednesday,6,0,2,1.0,Nijmegen - Venlo,infrastructure,seinstoring,1
60311,15,Wednesday,6,0,3,2.0,Breda - Dordrecht,external,rommel op het spoor,0
60314,21,Wednesday,6,0,4,2.0,Amsterdam Centraal - Lelystad Centrum,rolling stock,gestrande trein,0
60315,21,Wednesday,6,0,2,1.0,Eindhoven - Roermond,accidents,aanrijding,1
60316,3,Thursday,6,0,7,3.0,Arnhem Centraal - Basel SBB,staff,problemen met de personeelsinzet,1
60317,8,Thursday,6,0,11,1.0,Roosendaal - Vlissingen,rolling stock,defecte trein,0
60318,8,Thursday,6,0,3,1.0,Leiden Centraal - Utrecht Centraal,rolling stock,defecte trein,0
60320,9,Thursday,6,0,2,2.0,Alkmaar - Den Helder,external,inzet van hulpdiensten,0
60321,9,Thursday,6,0,4,1.0,Dordrecht - Roosendaal,accidents,aanrijding,0
60322,12,Thursday,6,0,2,1.0,Breda - Rotterdam Centraal (HSL),infrastructure,wisselstoring,1
60323,13,Thursday,6,0,3,3.0,Arnhem Centraal - Basel SBB,infrastructure,wisselstoring,0
60324,15,Thursday,6,0,2,1.0,'s-Hertogenbosch - Tilburg,infrastructure,seinstoring,0
60325,15,Thursday,6,0,8,1.0,Amersfoort - Ede-Wageningen,rolling stock,defecte trein,0
60326,16,Thursday,6,0,7,3.0,Arnhem Centraal - Basel SBB,infrastructure,seinstoring,1
60327,16,Thursday,6,0,3,1.0,Haarlem - Leiden Centraal,rolling stock,gestrande trein,1
60328,19,Thursday,6,0,3,1.0,Breda - Roosendaal,rolling stock,defecte trein,0
60329,21,Thursday,6,0,2,1.0,Groningen - Zwolle,accidents,aanrijding,1
60330,22,Thursday,6,0,6,1.0,Arnhem Centraal - Tiel,rolling stock,gestrande trein,0
60331,3,Friday,6,0,3,8.0,Almelo - Zwolle,staff,staking bij NS,1
60332,3,Friday,6,0,7,3.0,Arnhem Centraal - Zutphen,staff,staking bij NS,1
60333,3,Friday,6,0,9,1.0,Amersfoort - Zwolle,staff,staking bij NS,1
60334,3,Friday,6,0,15,5.0,Almelo - Deventer,staff,staking bij NS,1
60335,3,Friday,6,0,2,4.0,Antwerpen-Centraal - Roosendaal,staff,staking bij NS,1
60336,3,Friday,6,0,4,1.0,Dordrecht - Roosendaal,staff,staking bij NS,1
60337,4,Friday,6,0,2,4.0,'s-Hertogenbosch - Eindhoven,staff,staking bij NS,1
60338,4,Friday,6,0,2,3.0,Heerlen - Sittard,staff,staking bij NS,1
60339,4,Friday,6,0,6,2.0,'s-Hertogenbosch - Tilburg,staff,staking bij NS,1
60340,4,Friday,6,0,3,1.0,'s-Hertogenbosch - Utrecht Centraal,staff,staking bij NS,1
60341,4,Friday,6,0,5,1.0,'s-Hertogenbosch - Nijmegen,staff,staking bij NS,1
60342,4,Friday,6,0,3,1.0,Almere Oostvaarders - Utrecht Centraal,staff,staking bij NS,1
60343,4,Friday,6,0,9,1.0,Lelystad Centrum - Schiphol Airport,staff,staking bij NS,1
60344,4,Friday,6,0,18,8.0,Amersfoort - Schiphol Airport,staff,staking bij NS,1
60345,4,Friday,6,0,2,1.0,Breda - Rotterdam Centraal (HSL),staff,staking bij NS,1
60346,4,Friday,6,0,8,1.0,Dordrecht - Rotterdam Centraal,staff,staking bij NS,1
60347,4,Friday,6,0,5,1.0,Arnhem Centraal - Nijmegen,staff,staking bij NS,1
60348,4,Friday,6,0,6,1.0,Arnhem Centraal - Zutphen,staff,staking bij NS,1
60349,4,Friday,6,0,8,1.0,Amsterdam Centraal - Lelystad Centrum,staff,staking bij NS,1
60350,5,Friday,6,0,4,1.0,Dordrecht - Roosendaal,infrastructure,wisselstoring,0
60351,6,Friday,6,0,6,1.0,Rotterdam Centraal - Utrecht Centraal,staff,staking bij NS,1
60352,6,Friday,6,0,7,1.0,Den Haag Centraal - Utrecht Centraal,staff,staking bij NS,1
60353,6,Friday,6,0,7,2.0,Den Haag Centraal - Utrecht Centraal,staff,staking bij NS,1
60354,6,Friday,6,0,5,1.0,Amersfoort - Utrecht Centraal,staff,staking bij NS,1
60355,8,Friday,6,0,18,8.0,Amersfoort - Schiphol Airport,rolling stock,defecte trein,0
60356,11,Friday,6,0,2,1.0,Emmen - Zwolle,rolling stock,beperkingen in de materieelinzet,1
60357,14,Friday,6,0,4,1.0,Amersfoort - Ede-Wageningen,infrastructure,seinstoring,1
60358,14,Friday,6,0,6,3.0,Amersfoort - Schiphol Airport,rolling stock,defecte trein,1
60359,15,Friday,6,0,5,2.0,Amsterdam Centraal - Schiphol Airport,rolling stock,defecte trein,1
60361,15,Friday,6,0,3,1.0,Arnhem Centraal - Winterswijk,infrastructure,seinstoring,1
60362,16,Friday,6,0,2,1.0,Groningen - Eemshaven,infrastructure,seinstoring,1
60363,16,Friday,6,0,10,1.0,Heerlen - Maastricht,rolling stock,beperkingen in de materieelinzet,1
60364,17,Friday,6,0,4,1.0,'s-Hertogenbosch - Nijmegen,rolling stock,defecte trein,0
60365,17,Friday,6,0,4,1.0,Almelo - Hengelo,rolling stock,defecte trein,0
60366,19,Friday,6,0,4,1.0,Almelo - Mariënberg,infrastructure,wisselstoring,0
60370,6,Saturday,6,1,3,1.0,Enschede - Hengelo,rolling stock,defecte trein,0
60371,6,Saturday,6,1,2,1.0,Rotterdam Centraal - Schiphol Airport (HSL),rolling stock,defecte trein,0
60372,8,Saturday,6,1,5,1.0,Roermond - Venlo,rolling stock,defecte trein,0
60373,8,Saturday,6,1,5,1.0,Breda - Tilburg,infrastructure,seinstoring,1
60374,10,Saturday,6,1,10,1.0,Heerlen - Maastricht,rolling stock,beperkingen in de materieelinzet,1
60375,10,Saturday,6,1,4,1.0,Amsterdam Centraal - Haarlem,infrastructure,defecte spoorbrug,0
60376,11,Saturday,6,1,2,1.0,Emmen - Zwolle,staff,problemen met de personeelsinzet,1
60378,13,Saturday,6,1,12,1.0,Antwerpen-Centraal - Roosendaal,rolling stock,defecte trein,0
60379,19,Saturday,6,1,5,1.0,Arnhem Centraal - Nijmegen,infrastructure,wisselstoring,1
60380,19,Saturday,6,1,3,1.0,Breda - Roosendaal,rolling stock,defecte trein,0
60381,21,Saturday,6,1,3,1.0,Breda - Roosendaal,external,persoon op het spoor,0
60382,21,Saturday,6,1,3,2.0,Arnhem Centraal - Nijmegen,external,inzet van hulpdiensten,0
60383,23,Saturday,6,1,8,1.0,Dordrecht - Rotterdam Centraal,infrastructure,storing in een tunnel,0
60384,0,Sunday,6,1,4,1.0,'s-Hertogenbosch - Nijmegen,rolling stock,defecte trein,0
60385,7,Sunday,6,1,10,1.0,Heerlen - Maastricht,rolling stock,beperkingen in de materieelinzet,1
60386,14,Sunday,6,1,4,1.0,Leiden Centraal - Schiphol Airport,rolling stock,defecte trein,1
60387,20,Sunday,6,1,4,1.0,Leiden Centraal - Schiphol Airport,infrastructure,wisselstoring,1
60388,21,Sunday,6,1,6,1.0,Alkmaar - Amsterdam Centraal,external,mensen langs het spoor,1
60389,22,Sunday,6,1,6,1.0,Eindhoven - Venlo,rolling stock,defecte trein,0
60390,5,Monday,6,0,2,1.0,Amersfoort - Apeldoorn,accidents,aanrijding,1
60391,8,Monday,6,0,7,3.0,Arnhem Centraal - Basel SBB,staff,problemen met de personeelsinzet,1
60392,8,Monday,6,0,2,2.0,Amersfoort - Schiphol Airport,rolling stock,defecte trein,0
60393,8,Monday,6,0,5,2.0,Amsterdam Centraal - Schiphol Airport,rolling stock,defecte trein,0
60394,9,Monday,6,0,5,1.0,Almelo - Zwolle,rolling stock,defecte trein,0
60395,9,Monday,6,0,3,1.0,Roosendaal - Vlissingen,unknown,technisch onderzoek,1
60396,10,Monday,6,0,3,1.0,Den Haag Centraal - Leiden Centraal,external,inzet van hulpdiensten,0
60397,10,Monday,6,0,3,1.0,Amersfoort - Zwolle,rolling stock,defecte trein,1
60398,10,Monday,6,0,2,1.0,Rotterdam Centraal - Schiphol Airport (HSL),rolling stock,defecte trein,0
60399,11,Monday,6,0,13,1.0,Lelystad Centrum - Schiphol Airport,rolling stock,defecte trein,0
60400,11,Monday,6,0,3,2.0,Breda - Dordrecht,rolling stock,defecte trein,0
60401,11,Monday,6,0,2,1.0,Breda - Rotterdam Centraal (HSL),rolling stock,defecte trein,0
60402,11,Monday,6,0,13,1.0,Lelystad Centrum - Schiphol Airport,rolling stock,defecte trein,0
60403,11,Monday,6,0,2,1.0,Rotterdam Centraal - Schiphol Airport (HSL),rolling stock,defecte trein,0
60404,11,Monday,6,0,3,2.0,Breda - Dordrecht,rolling stock,defecte trein,0
60405,11,Monday,6,0,15,3.0,Den Haag Centraal - Den Haag HS,rolling stock,defecte trein,0
60406,13,Monday,6,0,3,2.0,Amersfoort - Amsterdam Centraal,rolling stock,gestrande trein,1
60407,13,Monday,6,0,3,1.0,Almere Oostvaarders - Utrecht Centraal,rolling stock,gestrande trein,0
60408,18,Monday,6,0,4,1.0,Leiden Centraal - Schiphol Airport,accidents,aanrijding,1
60410,21,Monday,6,0,6,1.0,Eindhoven - Roermond,unknown,technisch onderzoek,0
60411,22,Monday,6,0,6,1.0,Rotterdam Centraal - Utrecht Centraal,rolling stock,defecte trein,0
60412,4,Tuesday,6,0,3,8.0,Alkmaar - Amsterdam Centraal,staff,staking bij NS,1
60413,4,Tuesday,6,0,4,3.0,Amersfoort - Amsterdam Centraal,staff,staking bij NS,1
60414,4,Tuesday,6,0,3,3.0,Alkmaar - Amsterdam Centraal,staff,staking bij NS,1
60415,4,Tuesday,6,0,3,4.0,Amsterdam Centraal - Haarlem,staff,staking bij NS,1
60416,4,Tuesday,6,0,2,4.0,Almelo - Deventer,staff,staking bij NS,1
60417,4,Tuesday,6,0,2,11.0,Arnhem Centraal - Basel SBB,staff,staking bij NS,1
60418,4,Tuesday,6,0,6,1.0,'s-Hertogenbosch - Nijmegen,staff,staking bij NS,1
60419,4,Tuesday,6,0,2,1.0,Deventer - Zwolle,staff,staking bij NS,1
60420,4,Tuesday,6,0,6,1.0,Den Haag Centraal - Leiden Centraal,staff,staking bij NS,1
60421,4,Tuesday,6,0,9,1.0,Amsterdam Centraal - Woerden,staff,staking bij NS,1
60422,4,Tuesday,6,0,4,1.0,Leiden Centraal - Schiphol Airport,staff,staking bij NS,1
60423,4,Tuesday,6,0,7,1.0,Amersfoort - Schiphol Airport,staff,staking bij NS,1
60424,4,Tuesday,6,0,2,1.0,Rotterdam Centraal - Schiphol Airport (HSL),staff,staking bij NS,1
60425,4,Tuesday,6,0,4,1.0,Lelystad Centrum - Zwolle,staff,staking bij NS,1
60426,4,Tuesday,6,0,14,2.0,'s-Hertogenbosch - Eindhoven,staff,staking bij NS,0
60427,4,Tuesday,6,0,8,2.0,Almere Oostvaarders - Utrecht Centraal,staff,staking bij NS,1
60428,4,Tuesday,6,0,14,2.0,'s-Hertogenbosch - Eindhoven,staff,staking bij NS,1
60429,4,Tuesday,6,0,7,1.0,Arnhem Centraal - Utrecht Centraal,staff,staking bij NS,1
60430,5,Tuesday,6,0,4,2.0,Arnhem Centraal - Utrecht Centraal,staff,staking bij NS,1
60431,7,Tuesday,6,0,3,3.0,Arnhem Centraal - Basel SBB,rolling stock,beperkingen in de materieelinzet,1
60432,7,Tuesday,6,0,5,1.0,Amersfoort - Utrecht Centraal,rolling stock,defecte trein,0
60433,7,Tuesday,6,0,2,1.0,Breda - Rotterdam Centraal (HSL),staff,staking bij NS,1
60434,8,Tuesday,6,0,12,1.0,Rotterdam Centraal - Utrecht Centraal,staff,staking bij NS,1
60435,13,Tuesday,6,0,15,3.0,Den Haag Centraal - Den Haag HS,logistical,problemen op het spoor in het buitenland,0
60436,13,Tuesday,6,0,3,1.0,Eindhoven - Tilburg,infrastructure,defecte bovenleiding,0
60437,13,Tuesday,6,0,2,1.0,Hengelo - Zutphen,infrastructure,seinstoring,1
60438,13,Tuesday,6,0,7,2.0,Breda - Tilburg,infrastructure,seinstoring,1
60439,13,Tuesday,6,0,3,2.0,Breda - Dordrecht,logistical,problemen op het spoor in het buitenland,0
60440,15,Tuesday,6,0,3,1.0,Emmen - Zwolle,infrastructure,sein- en wisselstoring,1
60441,16,Tuesday,6,0,3,1.0,Enschede - Hengelo,rolling stock,defecte trein,0
60442,16,Tuesday,6,0,3,1.0,Aachen Hbf - Heerlen,rolling stock,defecte trein,1
60443,18,Tuesday,6,0,5,1.0,Dordrecht - Rotterdam Centraal,external,persoon langs het spoor,1
60445,18,Tuesday,6,0,6,2.0,'s-Hertogenbosch - Tilburg,external,persoon langs het spoor,0
60446,4,Wednesday,6,0,7,3.0,Arnhem Centraal - Basel SBB,rolling stock,beperkingen in de materieelinzet,1
60447,6,Wednesday,6,0,6,1.0,Harlingen Haven - Leeuwarden,infrastructure,seinstoring,1
60448,9,Wednesday,6,0,3,1.0,Leiden Centraal - Utrecht Centraal,external,inzet van de politie,0
60449,12,Wednesday,6,0,4,1.0,Haarlem - Leiden Centraal,infrastructure,beschadigde bovenleiding,1
60450,12,Wednesday,6,0,6,1.0,Den Haag Centraal - Leiden Centraal,infrastructure,beschadigde bovenleiding,1
60451,14,Wednesday,6,0,5,1.0,Breda - Tilburg,infrastructure,seinstoring,0
60452,14,Wednesday,6,0,2,1.0,Breda - Tilburg,infrastructure,seinstoring,1
60453,15,Wednesday,6,0,2,1.0,Alphen a/d Rijn - Gouda,rolling stock,defecte trein,1
60455,16,Wednesday,6,0,4,2.0,Arnhem Centraal - Utrecht Centraal,rolling stock,defecte trein,1
60456,16,Wednesday,6,0,2,1.0,'s-Hertogenbosch - Nijmegen,unknown,technisch onderzoek,0
60457,16,Wednesday,6,0,2,1.0,Roermond - Venlo,infrastructure,seinstoring,1
60458,16,Wednesday,6,0,2,1.0,Hamm (Westf.) - Venlo,infrastructure,seinstoring,1
60459,17,Wednesday,6,0,2,1.0,Breda - Rotterdam Centraal (HSL),infrastructure,wisselstoring,1
60460,17,Wednesday,6,0,15,3.0,Den Haag Centraal - Den Haag HS,infrastructure,wisselstoring,1
60461,20,Wednesday,6,0,7,3.0,Den Haag Centraal - Den Haag HS,engineering work,werkzaamheden,1
60462,22,Wednesday,6,0,5,4.0,Arnhem Centraal - Basel SBB,rolling stock,gestrande trein,0
60463,23,Wednesday,6,0,2,1.0,'s-Hertogenbosch - Tilburg,rolling stock,gestrande trein,0
60464,5,Thursday,6,0,10,1.0,Heerlen - Maastricht,rolling stock,beperkingen in de materieelinzet,1
60465,6,Thursday,6,0,2,1.0,Amersfoort - Apeldoorn,external,rommel op het spoor,0
60466,7,Thursday,6,0,4,1.0,Deventer - Zwolle,rolling stock,defecte trein,1
60467,9,Thursday,6,0,2,1.0,Deventer - Zwolle,infrastructure,seinstoring,1
60468,11,Thursday,6,0,2,1.0,Rotterdam Centraal - Schiphol Airport (HSL),rolling stock,defecte trein,0
60469,12,Thursday,6,0,5,1.0,Breda - Tilburg,rolling stock,defecte trein,0
60470,12,Thursday,6,0,3,1.0,Alkmaar - Hoorn,accidents,aanrijding,1
60471,13,Thursday,6,0,5,1.0,Apeldoorn - Zutphen,accidents,aanrijding,1
60472,15,Thursday,6,0,9,1.0,Lelystad Centrum - Schiphol Airport,rolling stock,defecte trein,0
60473,15,Thursday,6,0,5,2.0,Amersfoort - Amsterdam Centraal,rolling stock,defecte trein,0
60474,16,Thursday,6,0,2,1.0,Breda - Rotterdam Centraal (HSL),infrastructure,wisselstoring,1
60475,16,Thursday,6,0,2,1.0,Alphen a/d Rijn - Gouda,external,inzet van hulpdiensten,0
60476,17,Thursday,6,0,2,7.0,Amersfoort - Schiphol Airport,external,persoon op het spoor,1
60477,18,Thursday,6,0,4,1.0,Amsterdam Centraal - Haarlem,infrastructure,defecte spoorbrug,0
60478,19,Thursday,6,0,7,1.0,Heerlen - Sittard,rolling stock,defecte trein,1
60479,19,Thursday,6,0,2,1.0,Rhenen - Utrecht Centraal,infrastructure,seinstoring,1
60480,20,Thursday,6,0,7,3.0,Arnhem Centraal - Basel SBB,infrastructure,systeemstoring,1
60481,6,Friday,6,0,7,3.0,Arnhem Centraal - Basel SBB,staff,problemen met de personeelsinzet,1
60483,8,Friday,6,0,4,1.0,Leeuwarden - Zwolle,accidents,aanrijding,1
60484,9,Friday,6,0,2,2.0,Eindhoven - Venlo,external,inzet van hulpdiensten,1
60485,10,Friday,6,0,4,1.0,'s-Hertogenbosch - Nijmegen,rolling stock,defecte trein,0
60486,13,Friday,6,0,3,1.0,Leeuwarden - Stavoren,infrastructure,defecte spoorbrug,1
60487,14,Friday,6,0,4,1.0,Den Haag Centraal - Utrecht Centraal,rolling stock,defecte trein,0
60488,16,Friday,6,0,5,4.0,Arnhem Centraal - Basel SBB,external,koperdiefstal,1
60489,16,Friday,6,0,3,3.0,Arnhem Centraal - Basel SBB,external,koperdiefstal,1
60490,17,Friday,6,0,3,1.0,Dordrecht - Geldermalsen,rolling stock,defecte trein,1
60491,18,Friday,6,0,2,1.0,Roosendaal - Vlissingen,unknown,technisch onderzoek,0
60493,20,Friday,6,0,5,3.0,Den Haag Centraal - Utrecht Centraal,external,persoon op het spoor,0
60494,22,Friday,6,0,5,1.0,Breda - Tilburg,rolling stock,defecte trein,0
60495,23,Friday,6,0,2,2.0,Aachen Hbf - Heerlen,rolling stock,defecte trein,0
60496,1,Saturday,6,1,2,2.0,Aachen Hbf - Heerlen,logistical,eerdere verstoring,0
60497,5,Saturday,6,1,2,1.0,Emmen - Zwolle,rolling stock,beperkingen in de materieelinzet,1
60498,5,Saturday,6,1,7,3.0,Arnhem Centraal - Basel SBB,staff,problemen met de personeelsinzet,1
60499,7,Saturday,6,1,5,1.0,Amsterdam Centraal - Haarlem,engineering work,herstelwerkzaamheden,1
60500,9,Saturday,6,1,3,2.0,Alkmaar - Den Helder,rolling stock,defecte trein,0
60501,9,Saturday,6,1,8,1.0,Arnhem Centraal - Zutphen,rolling stock,gestrande trein,0
60502,9,Saturday,6,1,3,1.0,Haarlem - Uitgeest,external,dier op het spoor,0
60504,10,Saturday,6,1,5,1.0,Almere Oostvaarders - Utrecht Centraal,infrastructure,wisselstoring,1
60505,10,Saturday,6,1,5,3.0,Almere Oostvaarders - Utrecht Centraal,rolling stock,gestrande trein,0
60507,13,Saturday,6,1,2,1.0,Breda - Rotterdam Centraal (HSL),infrastructure,defect spoor,0
60508,13,Saturday,6,1,7,1.0,Den Haag HS - Rotterdam Centraal,rolling stock,defecte trein,0
60510,14,Saturday,6,1,2,1.0,Breda - Rotterdam Centraal (HSL),rolling stock,defecte trein,0
60512,14,Saturday,6,1,6,1.0,Leeuwarden - Zwolle,rolling stock,defecte trein,1
60513,15,Saturday,6,1,3,1.0,Enschede - Hengelo,infrastructure,seinstoring,0
60514,15,Saturday,6,1,3,1.0,Enschede - Hengelo,infrastructure,seinstoring,1
60516,17,Saturday,6,1,7,2.0,Den Haag Centraal - Utrecht Centraal,unknown,technisch onderzoek,0
60517,17,Saturday,6,1,4,1.0,Roermond - Sittard,rolling stock,defecte trein,1
60518,18,Saturday,6,1,4,2.0,Amsterdam Centraal - Utrecht Centraal,unknown,technisch onderzoek,0
60519,18,Saturday,6,1,2,1.0,Breda - Rotterdam Centraal (HSL),infrastructure,wisselstoring,1
60520,18,Saturday,6,1,4,1.0,Apeldoorn - Deventer,infrastructure,overwegstoring,1
60521,18,Saturday,6,1,4,1.0,Eindhoven - Venlo,rolling stock,defecte trein,0
60522,19,Saturday,6,1,3,1.0,Breda - Roosendaal,infrastructure,overwegstoring,1
60523,19,Saturday,6,1,3,2.0,Amersfoort - Schiphol Airport,external,mensen op het spoor,0
60524,19,Saturday,6,1,3,1.0,Leeuwarden - Stavoren,infrastructure,defecte spoorbrug,1
60526,20,Saturday,6,1,5,1.0,Apeldoorn - Zutphen,external,persoon op het spoor,0
60527,21,Saturday,6,1,6,1.0,Almelo - Deventer,infrastructure,seinstoring,1
60528,4,Sunday,6,1,7,3.0,Arnhem Centraal - Basel SBB,rolling stock,beperkingen in de materieelinzet,1
60529,4,Sunday,6,1,2,1.0,Emmen - Zwolle,rolling stock,beperkingen in de materieelinzet,1
60530,7,Sunday,6,1,4,3.0,Dortmund Hbf - Enschede,engineering work,uitloop van werkzaamheden,1
60531,7,Sunday,6,1,2,1.0,Roermond - Venlo,rolling stock,defecte trein,0
60532,8,Sunday,6,1,5,1.0,Lelystad Centrum - Schiphol Airport,external,koperdiefstal,0
60533,8,Sunday,6,1,3,1.0,Almere Oostvaarders - Utrecht Centraal,external,koperdiefstal,0
60534,10,Sunday,6,1,2,7.0,Amersfoort - Schiphol Airport,rolling stock,defecte trein,1
60535,10,Sunday,6,1,9,2.0,Den Haag Centraal - Leiden Centraal,rolling stock,defecte trein,1
60536,12,Sunday,6,1,2,7.0,Amersfoort - Schiphol Airport,rolling stock,defecte trein,1
60537,12,Sunday,6,1,9,2.0,Den Haag Centraal - Leiden Centraal,rolling stock,defecte trein,1
60538,13,Sunday,6,1,2,1.0,Nijmegen - Venlo,infrastructure,seinstoring,1
60540,15,Sunday,6,1,2,2.0,Aachen Hbf - Heerlen,rolling stock,defecte trein,0
60541,16,Sunday,6,1,2,1.0,Hamm (Westf.) - Venlo,logistical,problemen op het spoor in het buitenland,0
60543,18,Sunday,6,1,2,1.0,Rotterdam Centraal - Schiphol Airport (HSL),external,persoon op het spoor,0
60544,19,Sunday,6,1,9,1.0,Amersfoort - Amsterdam Centraal,external,brandmelding,1
60545,20,Sunday,6,1,5,1.0,Apeldoorn - Zutphen,external,rommel op het spoor,1
60546,21,Sunday,6,1,2,7.0,Amersfoort - Schiphol Airport,external,persoon op het spoor,0
60547,21,Sunday,6,1,13,1.0,Lelystad Centrum - Schiphol Airport,external,persoon op het spoor,0
60548,5,Monday,6,0,7,3.0,Arnhem Centraal - Basel SBB,rolling stock,defecte treinen,1
60549,6,Monday,6,0,2,2.0,Amsterdam Centraal - Utrecht Centraal,rolling stock,defecte trein,0
60550,7,Monday,6,0,5,1.0,Arnhem Centraal - Nijmegen,infrastructure,wisselstoring,0
60551,8,Monday,6,0,3,1.0,Nijmegen - Venlo,infrastructure,wisselstoring,0
60552,8,Monday,6,0,6,1.0,'s-Hertogenbosch - Nijmegen,infrastructure,wisselstoring,1
60553,11,Monday,6,0,3,1.0,Baarn - Utrecht Centraal,external,boom op het spoor,0
60554,11,Monday,6,0,6,4.0,Amersfoort - Schiphol Airport,rolling stock,defecte trein,1
60555,12,Monday,6,0,4,1.0,Amsterdam Centraal - Schiphol Airport,rolling stock,defecte trein,0
60556,12,Monday,6,0,2,2.0,Amersfoort - Schiphol Airport,rolling stock,defecte trein,0
60557,12,Monday,6,0,5,2.0,Amsterdam Centraal - Schiphol Airport,rolling stock,defecte trein,0
60558,13,Monday,6,0,13,4.0,Den Haag Centraal - Den Haag HS,rolling stock,defecte trein,1
60559,13,Monday,6,0,6,1.0,Den Haag Centraal - Leiden Centraal,rolling stock,defecte trein,1
60560,13,Monday,6,0,5,2.0,Amersfoort - Amsterdam Centraal,rolling stock,defecte trein,0
60561,13,Monday,6,0,5,1.0,Haarlem - Leiden Centraal,unknown,technisch onderzoek,0
60562,14,Monday,6,0,5,2.0,Amersfoort - Amsterdam Centraal,infrastructure,defect spoor,0
60563,14,Monday,6,0,3,3.0,Almere Oostvaarders - Utrecht Centraal,infrastructure,defect spoor,0
60564,15,Monday,6,0,6,1.0,Arnhem Centraal - Winterswijk,rolling stock,defecte trein,0
60565,17,Monday,6,0,11,1.0,Roosendaal - Vlissingen,rolling stock,defecte trein,1
60566,17,Monday,6,0,3,1.0,Leiden Centraal - Utrecht Centraal,rolling stock,defecte trein,0
60567,18,Monday,6,0,2,3.0,Amersfoort - Schiphol Airport,rolling stock,defecte trein,0
60568,18,Monday,6,0,3,1.0,Arnhem Centraal - Zutphen,infrastructure,seinstoring,1
60569,18,Monday,6,0,8,1.0,Amsterdam Centraal - Lelystad Centrum,rolling stock,defecte trein,0
60570,19,Monday,6,0,7,3.0,Arnhem Centraal - Basel SBB,rolling stock,beperkingen in de materieelinzet,1
60572,22,Monday,6,0,5,1.0,Haarlem - Leiden Centraal,unknown,technisch onderzoek,0
60573,0,Tuesday,6,0,4,1.0,Dordrecht - Roosendaal,external,rommel op het spoor,1
60575,4,Tuesday,6,0,4,2.0,Amersfoort - Schiphol Airport,infrastructure,stroomstoring,0
60576,4,Tuesday,6,0,2,3.0,Amersfoort - Schiphol Airport,infrastructure,stroomstoring,0
60577,4,Tuesday,6,0,6,1.0,Den Haag Centraal - Leiden Centraal,infrastructure,stroomstoring,1
60578,4,Tuesday,6,0,2,1.0,Breda - Rotterdam Centraal (HSL),infrastructure,stroomstoring,1
60579,5,Tuesday,6,0,6,1.0,Aachen Hbf - Heerlen,rolling stock,beperkingen in de materieelinzet,1
60580,6,Tuesday,6,0,3,3.0,Arnhem Centraal - Basel SBB,rolling stock,beperkingen in de materieelinzet,1
60581,7,Tuesday,6,0,7,1.0,Heerlen - Sittard,weather,aangepaste dienstregeling,1
60582,7,Tuesday,6,0,4,2.0,Amersfoort - Schiphol Airport,infrastructure,stroomstoring,1
60583,7,Tuesday,6,0,2,3.0,Amersfoort - Schiphol Airport,infrastructure,stroomstoring,1
60584,7,Tuesday,6,0,2,1.0,Den Haag Centraal - Den Haag HS,infrastructure,wisselstoring,1
60585,9,Tuesday,6,0,7,1.0,Dordrecht - Rotterdam Centraal,unknown,technisch onderzoek,0
60586,10,Tuesday,6,0,2,1.0,Breda - Tilburg,accidents,aanrijding,1
60587,11,Tuesday,6,0,4,1.0,Den Haag HS - Rotterdam Centraal,rolling stock,defecte trein,0
60588,11,Tuesday,6,0,1,4.0,Eindhoven - Venlo,external,inzet van hulpdiensten,1
60591,15,Tuesday,6,0,5,1.0,Breda - Tilburg,rolling stock,gestrande trein,0
60592,15,Tuesday,6,0,3,1.0,Leeuwarden - Zwolle,unknown,technisch onderzoek,0
60595,3,Wednesday,6,0,7,3.0,Arnhem Centraal - Basel SBB,rolling stock,beperkingen in de materieelinzet,1
60596,5,Wednesday,6,0,8,2.0,Den Haag Centraal - Den Haag HS,infrastructure,wisselstoring,1
60597,6,Wednesday,6,0,6,1.0,'s-Hertogenbosch - Nijmegen,infrastructure,wisselstoring,1
60598,6,Wednesday,6,0,4,2.0,Amersfoort - Schiphol Airport,infrastructure,seinstoring,1
60599,7,Wednesday,6,0,5,1.0,Schiphol Airport - Utrecht Centraal,infrastructure,seinstoring,1
60600,7,Wednesday,6,0,5,2.0,Amsterdam Centraal - Schiphol Airport,infrastructure,seinstoring,1
60601,7,Wednesday,6,0,5,1.0,Leiden Centraal - Schiphol Airport,infrastructure,seinstoring,1
60602,7,Wednesday,6,0,3,1.0,Nijmegen - Venlo,infrastructure,wisselstoring,0
60603,7,Wednesday,6,0,2,1.0,Rotterdam Centraal - Schiphol Airport (HSL),infrastructure,seinstoring,1
60604,7,Wednesday,6,0,5,1.0,'s-Hertogenbosch - Nijmegen,infrastructure,wisselstoring,0
60606,7,Wednesday,6,0,6,1.0,Aachen Hbf - Heerlen,staff,problemen met de personeelsinzet,1
60607,9,Wednesday,6,0,2,1.0,Leiden Centraal - Schiphol Airport,external,brandmelding,0
60608,10,Wednesday,6,0,2,2.0,Brussel-Zuid/Midi - Rotterdam Centraal (HSL),logistical,problemen op het spoor in het buitenland,1
60610,12,Wednesday,6,0,2,1.0,Roermond - Venlo,rolling stock,defecte trein,1
60611,12,Wednesday,6,0,3,8.0,Alkmaar - Amsterdam Centraal,accidents,beschadigde spoorbrug,0
60613,13,Wednesday,6,0,2,1.0,Emmen - Zwolle,rolling stock,beperkingen in de materieelinzet,1
60614,13,Wednesday,6,0,2,1.0,Antwerpen-Centraal - Breda (HSL),rolling stock,defecte trein,0
60615,14,Wednesday,6,0,2,1.0,Alkmaar - Hoorn,external,rommel op het spoor,0
60616,15,Wednesday,6,0,2,5.0,Den Haag Centraal - Leiden Centraal,external,persoon op het spoor,1
60617,15,Wednesday,6,0,6,1.0,Rotterdam Centraal - Utrecht Centraal,infrastructure,wisselstoring,0
60618,18,Wednesday,6,0,6,1.0,Den Haag Centraal - Leiden Centraal,external,inzet van de politie,1
60619,18,Wednesday,6,0,6,1.0,'s-Hertogenbosch - Nijmegen,infrastructure,defecte bovenleiding,0
60620,19,Wednesday,6,0,2,2.0,Amersfoort - Utrecht Centraal,rolling stock,defecte trein,0
60621,19,Wednesday,6,0,3,2.0,Amsterdam Centraal - Schiphol Airport,infrastructure,defecte bovenleiding,1
60622,1,Thursday,6,0,4,1.0,Alkmaar - Den Helder,external,rommel op het spoor,0
60625,6,Thursday,6,0,4,1.0,Alkmaar - Amsterdam Centraal,rolling stock,defecte trein,0
60626,6,Thursday,6,0,6,1.0,Rotterdam Centraal - Utrecht Centraal,infrastructure,seinstoring,1
60627,8,Thursday,6,0,8,1.0,Dordrecht - Geldermalsen,rolling stock,defecte trein,1
60628,8,Thursday,6,0,5,1.0,'s-Hertogenbosch - Nijmegen,rolling stock,defecte trein,1
60629,9,Thursday,6,0,6,1.0,Heerlen - Maastricht,rolling stock,defecte trein,0
60630,10,Thursday,6,0,5,2.0,Leiden Centraal - Schiphol Airport,external,hinder op het spoor,1
60631,10,Thursday,6,0,9,1.0,'s-Hertogenbosch - Utrecht Centraal,infrastructure,seinstoring,0
60633,11,Thursday,6,0,2,1.0,Leiden Centraal - Utrecht Centraal,infrastructure,defecte spoorbrug,1
60634,12,Thursday,6,0,4,1.0,Almelo - Mariënberg,infrastructure,seinstoring,0
60636,12,Thursday,6,0,4,1.0,Alkmaar - Amsterdam Centraal,rolling stock,defecte trein,0
60637,12,Thursday,6,0,4,1.0,Leiden Centraal - Schiphol Airport,engineering work,herstelwerkzaamheden,1
60639,14,Thursday,6,0,4,1.0,Den Haag HS - Rotterdam Centraal,external,brandmelding,1
60640,15,Thursday,6,0,3,1.0,Baarn - Utrecht Centraal,rolling stock,defecte trein,0
60641,16,Thursday,6,0,2,1.0,Den Haag Centraal - Den Haag HS,infrastructure,defect spoor,1
60642,17,Thursday,6,0,4,1.0,Roermond - Sittard,rolling stock,defecte trein,0
60643,17,Thursday,6,0,4,1.0,Den Haag HS - Rotterdam Centraal,rolling stock,defecte trein,0
60644,17,Thursday,6,0,2,2.0,Amersfoort - Amsterdam Centraal,rolling stock,defecte trein,0
60645,18,Thursday,6,0,3,1.0,Baarn - Utrecht Centraal,rolling stock,gestrande trein,0
60646,18,Thursday,6,0,5,2.0,Almere Oostvaarders - Utrecht Centraal,rolling stock,gestrande trein,0
60647,19,Thursday,6,0,2,1.0,Breda - Rotterdam Centraal (HSL),rolling stock,gestrande trein,0
60648,20,Thursday,6,0,6,1.0,Winterswijk - Zutphen,rolling stock,gestrande trein,0
60651,21,Thursday,6,0,5,1.0,Den Haag HS - Rotterdam Centraal,external,brandmelding,1
60653,22,Thursday,6,0,2,1.0,Nijmegen - Venlo,rolling stock,gestrande trein,0
60654,23,Thursday,6,0,4,1.0,Deventer - Zwolle,infrastructure,stroomstoring,0
60655,2,Friday,6,0,6,1.0,Aachen Hbf - Heerlen,staff,problemen met de personeelsinzet,1
60656,2,Friday,6,0,2,1.0,Den Haag Centraal - Den Haag HS,infrastructure,seinstoring,1
60657,6,Friday,6,0,9,1.0,Arnhem Centraal - Winterswijk,rolling stock,defecte trein,0
60658,7,Friday,6,0,5,3.0,Den Haag Centraal - Utrecht Centraal,rolling stock,defecte trein,0
60659,7,Friday,6,0,5,1.0,Arnhem Centraal - Nijmegen,rolling stock,defecte trein,1
60660,7,Friday,6,0,8,2.0,Bielefeld Hbf - Hengelo,staff,problemen met de personeelsinzet,1
60661,8,Friday,6,0,5,1.0,Amsterdam Centraal - Hoorn,rolling stock,defecte trein,0
60662,9,Friday,6,0,6,1.0,Dordrecht - Roosendaal,infrastructure,seinstoring,1
60665,11,Friday,6,0,5,1.0,Amersfoort - Ede-Wageningen,rolling stock,beperkingen in de materieelinzet,1
60666,12,Friday,6,0,5,2.0,Eindhoven - Roermond,rolling stock,defecte trein,1
60667,12,Friday,6,0,8,1.0,Dordrecht - Rotterdam Centraal,infrastructure,defecte spoorbrug,0
60668,12,Friday,6,0,4,1.0,Leiden Centraal - Schiphol Airport,infrastructure,defecte spoorbrug,1
60669,13,Friday,6,0,6,1.0,Den Haag Centraal - Leiden Centraal,infrastructure,defecte spoorbrug,1
60671,15,Friday,6,0,11,1.0,Amsterdam Centraal - Utrecht Centraal,rolling stock,defecte trein,0
60672,16,Friday,6,0,2,3.0,Amersfoort - Schiphol Airport,external,inzet veiligheidsmedewerkers,0
60673,18,Friday,6,0,5,1.0,'s-Hertogenbosch - Nijmegen,rolling stock,defecte trein,0
60674,19,Friday,6,0,5,1.0,Haarlem - Leiden Centraal,rolling stock,gestrande trein,0
60675,20,Friday,6,0,5,1.0,Amsterdam Centraal - Hoorn,rolling stock,defecte trein,0
60676,20,Friday,6,0,2,1.0,Alkmaar - Amsterdam Centraal,external,persoon op het spoor,0
60677,20,Friday,6,0,4,1.0,Leiden Centraal - Schiphol Airport,external,persoon op het spoor,0
60678,11,Saturday,6,1,3,1.0,Breda - Dordrecht,accidents,aanrijding,1
60679,11,Saturday,6,1,2,1.0,Breda - Rotterdam Centraal (HSL),accidents,aanrijding,1
60680,12,Saturday,6,1,4,1.0,Dordrecht - Roosendaal,infrastructure,wisselstoring,0
60681,13,Saturday,6,1,4,1.0,Almelo - Mariënberg,infrastructure,seinstoring,1
60682,15,Saturday,6,1,3,1.0,Alkmaar - Hoorn,rolling stock,defecte trein,0
60683,18,Saturday,6,1,2,1.0,Roermond - Venlo,infrastructure,seinstoring,1
60684,19,Saturday,6,1,3,1.0,'s-Hertogenbosch - Eindhoven,rolling stock,defecte trein,0
60685,20,Saturday,6,1,7,1.0,Heerlen - Sittard,accidents,aanrijding,1
60686,20,Saturday,6,1,3,1.0,'s-Hertogenbosch - Eindhoven,rolling stock,defecte trein,1
60687,20,Saturday,6,1,2,1.0,Roermond - Venlo,infrastructure,seinstoring,0
60689,7,Sunday,6,1,2,1.0,Amersfoort - Apeldoorn,rolling stock,gestrande trein,1
60690,8,Sunday,6,1,10,1.0,Amersfoort - Zwolle,rolling stock,defecte trein,1
60691,8,Sunday,6,1,3,1.0,'s-Hertogenbosch - Eindhoven,rolling stock,defecte trein,0
60692,10,Sunday,6,1,4,1.0,Breda - Tilburg,rolling stock,gestrande trein,1
60693,10,Sunday,6,1,3,1.0,Breda - Dordrecht,infrastructure,defecte bovenleiding,1
60694,11,Sunday,6,1,2,1.0,Breda - Rotterdam Centraal (HSL),infrastructure,defecte bovenleiding,1
60695,12,Sunday,6,1,5,1.0,Breda - Tilburg,external,persoon op het spoor,0
60696,12,Sunday,6,1,3,1.0,Groningen - Zwolle,infrastructure,defecte bovenleiding,1
60697,14,Sunday,6,1,24,3.0,'s-Hertogenbosch - Eindhoven,rolling stock,defecte trein,0
60700,18,Sunday,6,1,5,1.0,Almere Oostvaarders - Utrecht Centraal,rolling stock,defecte trein,0
60701,19,Sunday,6,1,3,1.0,Leeuwarden - Zwolle,infrastructure,defecte spoorbrug,1
60702,19,Sunday,6,1,3,1.0,Leiden Centraal - Utrecht Centraal,external,inzet van hulpdiensten,0
60704,20,Sunday,6,1,7,2.0,'s-Hertogenbosch - Utrecht Centraal,unknown,technisch onderzoek,1
60706,3,Monday,6,0,8,1.0,Alkmaar - Amsterdam Centraal,engineering work,herstelwerkzaamheden,1
60707,9,Monday,6,0,8,1.0,Dordrecht - Rotterdam Centraal,rolling stock,defecte trein,0
60709,10,Monday,6,0,4,3.0,Berlin Ostbahnhof - Hengelo,staff,problemen met de personeelsinzet,1
60711,11,Monday,6,0,15,3.0,Den Haag Centraal - Den Haag HS,rolling stock,defecte trein,1
60712,11,Monday,6,0,2,1.0,Rotterdam Centraal - Schiphol Airport (HSL),rolling stock,defecte trein,1
60713,11,Monday,6,0,13,1.0,Lelystad Centrum - Schiphol Airport,rolling stock,defecte trein,1
60714,11,Monday,6,0,3,2.0,Breda - Dordrecht,rolling stock,defecte trein,1
60716,12,Monday,6,0,6,1.0,Eindhoven - Tilburg,infrastructure,wisselstoring,1
60717,12,Monday,6,0,4,2.0,'s-Hertogenbosch - Eindhoven,infrastructure,wisselstoring,0
60718,12,Monday,6,0,4,1.0,Den Haag HS - Rotterdam Centraal,rolling stock,defecte trein,0
60720,12,Monday,6,0,2,7.0,Breda - Rotterdam Centraal (HSL),external,persoon op het spoor,1
60721,14,Monday,6,0,5,1.0,Leiden Centraal - Schiphol Airport,infrastructure,wisselstoring,0
60722,14,Monday,6,0,2,1.0,Roermond - Venlo,infrastructure,seinstoring,1
60723,15,Monday,6,0,2,1.0,Rotterdam Centraal - Schiphol Airport (HSL),infrastructure,wisselstoring,1
60724,15,Monday,6,0,2,1.0,Breda - Tilburg,rolling stock,defecte trein,0
60725,15,Monday,6,0,6,4.0,Amersfoort - Schiphol Airport,infrastructure,wisselstoring,1
60726,15,Monday,6,0,15,3.0,Den Haag Centraal - Den Haag HS,infrastructure,wisselstoring,1
60727,17,Monday,6,0,4,1.0,Leiden Centraal - Schiphol Airport,rolling stock,defecte trein,1
60728,17,Monday,6,0,6,1.0,Den Haag Centraal - Leiden Centraal,rolling stock,defecte trein,0
60730,21,Monday,6,0,1,1.0,Breda - Roosendaal,infrastructure,overwegstoring,1
60731,0,Tuesday,7,0,2,1.0,Amersfoort - Apeldoorn,infrastructure,stroomstoring,0
60732,4,Tuesday,7,0,2,1.0,Emmen - Zwolle,rolling stock,beperkingen in de materieelinzet,1
60733,6,Tuesday,7,0,4,2.0,Breda - Tilburg,rolling stock,defecte trein,0
60734,8,Tuesday,7,0,3,1.0,Groningen - Zwolle,unknown,technisch onderzoek,0
60736,8,Tuesday,7,0,2,1.0,Amersfoort - Zwolle,rolling stock,defecte trein,0
60737,9,Tuesday,7,0,6,1.0,Eindhoven - Venlo,rolling stock,defecte trein,0
60738,12,Tuesday,7,0,3,1.0,Arnhem Centraal - Winterswijk,rolling stock,defecte trein,0
60740,12,Tuesday,7,0,3,1.0,Arnhem Centraal - Winterswijk,rolling stock,defecte trein,0
60741,13,Tuesday,7,0,3,1.0,Breda - Dordrecht,rolling stock,defecte trein,0
60742,13,Tuesday,7,0,10,1.0,Heerlen - Maastricht,infrastructure,defecte bovenleiding,1
60743,13,Tuesday,7,0,2,1.0,Breda - Tilburg,rolling stock,defecte trein,0
60744,14,Tuesday,7,0,2,1.0,Emmen - Zwolle,infrastructure,seinstoring,1
60745,14,Tuesday,7,0,7,1.0,Den Haag Centraal - Utrecht Centraal,rolling stock,defecte trein,0
60748,15,Tuesday,7,0,3,1.0,Arnhem Centraal - Winterswijk,infrastructure,seinstoring,1
60749,15,Tuesday,7,0,2,1.0,Breda - Rotterdam Centraal (HSL),accidents,aanrijding,1
60750,15,Tuesday,7,0,3,1.0,Breda - Dordrecht,accidents,aanrijding,1
60753,16,Tuesday,7,0,2,1.0,Emmen - Zwolle,rolling stock,defecte trein,1
60754,16,Tuesday,7,0,2,1.0,Roermond - Venlo,infrastructure,seinstoring,1
60755,16,Tuesday,7,0,4,2.0,Arnhem Centraal - Utrecht Centraal,infrastructure,defecte bovenleiding,1
60756,16,Tuesday,7,0,3,2.0,Breda - Dordrecht,rolling stock,defecte trein,1
60757,16,Tuesday,7,0,4,2.0,Amsterdam Centraal - Utrecht Centraal,rolling stock,gestrande trein,1
60758,16,Tuesday,7,0,5,3.0,Den Haag Centraal - Utrecht Centraal,rolling stock,defecte trein,0
60759,16,Tuesday,7,0,3,1.0,Eindhoven - Tilburg,infrastructure,wisselstoring,1
60760,16,Tuesday,7,0,5,3.0,Almere Oostvaarders - Utrecht Centraal,infrastructure,seinstoring,1
60761,16,Tuesday,7,0,3,1.0,Liège-Guillemins - Maastricht,infrastructure,seinstoring,0
60763,16,Tuesday,7,0,5,2.0,Amersfoort - Apeldoorn,rolling stock,defecte trein,0
60764,17,Tuesday,7,0,10,1.0,Heerlen - Maastricht,rolling stock,beperkingen in de materieelinzet,1
60765,17,Tuesday,7,0,2,1.0,'s-Hertogenbosch - Tilburg,accidents,aanrijding,1
60766,17,Tuesday,7,0,6,1.0,Leeuwarden - Stavoren,infrastructure,seinstoring,1
60767,18,Tuesday,7,0,4,2.0,Almere Oostvaarders - Utrecht Centraal,rolling stock,defecte trein,0
60768,18,Tuesday,7,0,10,1.0,Amersfoort - Zwolle,rolling stock,defecte trein,0
60769,18,Tuesday,7,0,3,1.0,Leiden Centraal - Utrecht Centraal,infrastructure,seinstoring,0
60770,19,Tuesday,7,0,4,1.0,Dordrecht - Roosendaal,infrastructure,overwegstoring,1
60771,19,Tuesday,7,0,4,1.0,Heerlen - Kerkrade Centrum,infrastructure,seinstoring,1
60772,19,Tuesday,7,0,3,1.0,Leiden Centraal - Utrecht Centraal,infrastructure,seinstoring,1
60773,19,Tuesday,7,0,2,1.0,Emmen - Zwolle,infrastructure,overwegstoring,1
60774,19,Tuesday,7,0,4,1.0,Eindhoven - Venlo,infrastructure,overwegstoring,0
60775,19,Tuesday,7,0,3,1.0,Breda - Roosendaal,infrastructure,seinstoring,1
60776,19,Tuesday,7,0,2,1.0,Alkmaar - Den Helder,infrastructure,seinstoring,1
60778,20,Tuesday,7,0,2,4.0,Alkmaar - Amsterdam Centraal,rolling stock,defecte trein,1
60779,20,Tuesday,7,0,3,2.0,Amsterdam Centraal - Hoorn,infrastructure,seinstoring,1
60781,23,Tuesday,7,0,6,1.0,Rotterdam Centraal - Utrecht Centraal,external,inzet van de politie,0
60782,2,Wednesday,7,0,4,1.0,Den Haag HS - Rotterdam Centraal,external,persoon op het spoor,1
60783,5,Wednesday,7,0,5,2.0,Amsterdam Centraal - Schiphol Airport,infrastructure,wisselstoring,1
60784,7,Wednesday,7,0,10,1.0,Heerlen - Maastricht,rolling stock,beperkingen in de materieelinzet,1
60785,10,Wednesday,7,0,4,1.0,Apeldoorn - Deventer,rolling stock,defecte trein,0
60786,10,Wednesday,7,0,3,2.0,Alkmaar - Amsterdam Centraal,infrastructure,wisselstoring,0
60789,13,Wednesday,7,0,11,1.0,Amsterdam Centraal - Utrecht Centraal,rolling stock,defecte trein,1
60791,13,Wednesday,7,0,4,1.0,Amsterdam Centraal - Schiphol Airport,infrastructure,wisselstoring,0
60792,13,Wednesday,7,0,6,1.0,Eindhoven - Venlo,infrastructure,wisselstoring,1
60793,14,Wednesday,7,0,5,1.0,Arnhem Centraal - Winterswijk,rolling stock,defecte trein,0
60794,14,Wednesday,7,0,3,1.0,Breda - Roosendaal,infrastructure,seinstoring,1
60795,14,Wednesday,7,0,6,1.0,Arnhem Centraal - Winterswijk,rolling stock,defecte trein,0
60796,14,Wednesday,7,0,3,1.0,Arnhem Centraal - Zutphen,rolling stock,defecte trein,1
60797,15,Wednesday,7,0,3,1.0,Amsterdam Centraal - Hoorn,infrastructure,sein-en overwegstoring,0
60798,15,Wednesday,7,0,4,1.0,Groningen - Zwolle,rolling stock,gestrande trein,0
60799,16,Wednesday,7,0,2,2.0,Berlin Ostbahnhof - Hengelo,external,bermbrand,1
60800,16,Wednesday,7,0,6,1.0,Rotterdam Centraal - Utrecht Centraal,rolling stock,defecte trein,0
60801,16,Wednesday,7,0,2,1.0,Roermond - Venlo,external,boom op het spoor,1
60802,17,Wednesday,7,0,3,1.0,Leiden Centraal - Utrecht Centraal,external,persoon op het spoor,0
60803,17,Wednesday,7,0,5,1.0,Winterswijk - Zutphen,external,boom op het spoor,1
60804,17,Wednesday,7,0,2,1.0,Arnhem Centraal - Winterswijk,external,boom op het spoor,1
60805,17,Wednesday,7,0,2,1.0,Rotterdam Centraal - Schiphol Airport (HSL),infrastructure,wisselstoring,0
60806,18,Wednesday,7,0,4,1.0,Hengelo - Zutphen,external,boom op het spoor,1
60807,18,Wednesday,7,0,7,1.0,Heerlen - Sittard,external,boom op het spoor,1
60808,19,Wednesday,7,0,4,1.0,Eindhoven - Venlo,unknown,technisch onderzoek,0
60809,4,Thursday,7,0,2,1.0,Roermond - Venlo,infrastructure,seinstoring,1
60810,7,Thursday,7,0,3,2.0,Amsterdam Centraal - Hoorn,rolling stock,defecte trein,1
60812,7,Thursday,7,0,2,1.0,Breda - Rotterdam Centraal (HSL),rolling stock,defecte trein,0
60813,7,Thursday,7,0,2,1.0,Leiden Centraal - Utrecht Centraal,rolling stock,defecte trein,0
60814,8,Thursday,7,0,18,8.0,Amersfoort - Schiphol Airport,rolling stock,defecte trein,0
60815,10,Thursday,7,0,2,4.0,'s-Hertogenbosch - Utrecht Centraal,rolling stock,defecte trein,0
60816,10,Thursday,7,0,4,1.0,Haarlem - Leiden Centraal,unknown,technisch onderzoek,0
60817,11,Thursday,7,0,3,1.0,Alkmaar - Den Helder,accidents,aanrijding,1
60818,11,Thursday,7,0,2,1.0,Arnhem Centraal - Winterswijk,accidents,aanrijding,1
60819,11,Thursday,7,0,3,1.0,Liège-Guillemins - Maastricht,external,persoon op het spoor,1
60820,12,Thursday,7,0,2,1.0,Deventer - Zwolle,unknown,technisch onderzoek,1
60821,14,Thursday,7,0,5,1.0,Amsterdam Centraal - Hoorn,rolling stock,defecte trein,0
60823,17,Thursday,7,0,6,1.0,Eindhoven - Venlo,external,persoon op het spoor,0
60824,17,Thursday,7,0,5,1.0,Leeuwarden - Stavoren,rolling stock,defecte trein,0
60825,17,Thursday,7,0,2,1.0,Almelo - Zwolle,infrastructure,seinstoring,1
60826,18,Thursday,7,0,2,7.0,Breda - Rotterdam Centraal (HSL),external,persoon op het spoor,0
60827,20,Thursday,7,0,5,1.0,Dordrecht - Rotterdam Centraal,external,inzet van hulpdiensten,1
60828,20,Thursday,7,0,2,1.0,Breda - Rotterdam Centraal (HSL),external,inzet van hulpdiensten,1
60830,20,Thursday,7,0,5,1.0,Heerlen - Maastricht,rolling stock,gestrande trein,0
60831,21,Thursday,7,0,3,1.0,Breda - Roosendaal,infrastructure,seinstoring,1
60832,22,Thursday,7,0,2,1.0,Roermond - Venlo,infrastructure,seinstoring,1
60833,6,Friday,7,0,10,1.0,Heerlen - Maastricht,rolling stock,beperkingen in de materieelinzet,1
60834,6,Friday,7,0,3,1.0,Winterswijk - Zutphen,infrastructure,seinstoring,1
60835,7,Friday,7,0,3,1.0,Winterswijk - Zutphen,infrastructure,seinstoring,0
60836,9,Friday,7,0,6,1.0,Leeuwarden - Stavoren,external,inzet van hulpdiensten,1
60837,10,Friday,7,0,3,1.0,Enschede - Hengelo,infrastructure,seinstoring,0
60838,11,Friday,7,0,3,1.0,Enschede - Hengelo,infrastructure,seinstoring,1
60839,11,Friday,7,0,4,1.0,Almelo - Hengelo,infrastructure,seinstoring,0
60842,12,Friday,7,0,4,1.0,Amsterdam Centraal - Schiphol Airport,rolling stock,defecte trein,0
60843,12,Friday,7,0,3,1.0,Deventer - Zwolle,rolling stock,defecte trein,0
60844,13,Friday,7,0,11,1.0,Roosendaal - Vlissingen,infrastructure,seinstoring,0
60845,13,Friday,7,0,11,1.0,Roosendaal - Vlissingen,infrastructure,seinstoring,0
60847,15,Friday,7,0,4,1.0,Roermond - Sittard,infrastructure,wisselstoring,1
60849,15,Friday,7,0,2,1.0,Roermond - Venlo,rolling stock,defecte trein,1
60850,16,Friday,7,0,4,1.0,Amersfoort - Ede-Wageningen,rolling stock,defecte trein,0
60852,21,Friday,7,0,2,1.0,Amersfoort - Zwolle,rolling stock,defecte trein,1
60853,8,Saturday,7,1,9,1.0,'s-Hertogenbosch - Utrecht Centraal,unknown,technisch onderzoek,0
60854,10,Saturday,7,1,9,1.0,'s-Hertogenbosch - Utrecht Centraal,unknown,technisch onderzoek,1
60855,10,Saturday,7,1,15,3.0,'s-Hertogenbosch - Utrecht Centraal,unknown,technisch onderzoek,1
60856,11,Saturday,7,1,3,1.0,Dordrecht - Geldermalsen,external,bermbrand,0
60858,14,Saturday,7,1,2,1.0,Amsterdam Centraal - Woerden,infrastructure,wisselstoring,1
60859,19,Saturday,7,1,2,1.0,Rotterdam Centraal - Schiphol Airport (HSL),rolling stock,gestrande trein,0
60860,20,Saturday,7,1,3,2.0,Alkmaar - Amsterdam Centraal,rolling stock,defecte trein,0
60861,20,Saturday,7,1,4,2.0,Amsterdam Centraal - Lelystad Centrum,infrastructure,defecte bovenleiding,1
60862,21,Saturday,7,1,3,1.0,Almere Oostvaarders - Utrecht Centraal,infrastructure,defecte bovenleiding,1
60863,7,Sunday,7,1,2,1.0,Breda - Rotterdam Centraal (HSL),external,rommel op het spoor,0
60864,9,Sunday,7,1,4,2.0,Arnhem Centraal - Utrecht Centraal,rolling stock,defecte trein,0
60865,9,Sunday,7,1,3,2.0,Amsterdam Centraal - Utrecht Centraal,rolling stock,defecte trein,0
60866,13,Sunday,7,1,4,3.0,Berlin Ostbahnhof - Hengelo,staff,problemen met de personeelsinzet,1
60867,13,Sunday,7,1,2,1.0,Breda - Rotterdam Centraal (HSL),rolling stock,defecte trein,0
60869,16,Sunday,7,1,3,1.0,Deventer - Zwolle,external,boom op het spoor,1
60870,16,Sunday,7,1,2,1.0,Breda - Rotterdam Centraal (HSL),rolling stock,defecte trein,0
60871,17,Sunday,7,1,16,5.0,Den Haag Centraal - Den Haag HS,rolling stock,defecte trein,0
60872,17,Sunday,7,1,18,8.0,Amersfoort - Schiphol Airport,rolling stock,defecte trein,1
60873,18,Sunday,7,1,8,1.0,Almere Oostvaarders - Utrecht Centraal,external,inzet van hulpdiensten,0
60874,19,Sunday,7,1,4,1.0,Roosendaal - Vlissingen,unknown,technisch onderzoek,1
60875,19,Sunday,7,1,3,1.0,Leiden Centraal - Utrecht Centraal,external,inzet van de brandweer,0
60876,0,Monday,7,0,3,1.0,Breda - Dordrecht,accidents,aanrijding,0
60877,7,Monday,7,0,2,1.0,Breda - Rotterdam Centraal (HSL),rolling stock,defecte trein,0
60878,7,Monday,7,0,4,3.0,Berlin Ostbahnhof - Hengelo,rolling stock,beperkingen in de materieelinzet,1
60879,7,Monday,7,0,3,1.0,Kampen - Zwolle,infrastructure,seinstoring,1
60880,7,Monday,7,0,4,1.0,Leeuwarden - Stavoren,infrastructure,defect spoor,0
60881,9,Monday,7,0,3,1.0,Almere Oostvaarders - Utrecht Centraal,rolling stock,defecte trein,0
60882,9,Monday,7,0,8,1.0,Amsterdam Centraal - Lelystad Centrum,rolling stock,defecte trein,0
60883,10,Monday,7,0,8,1.0,Dordrecht - Rotterdam Centraal,infrastructure,defecte spoorbrug,1
60885,15,Monday,7,0,2,1.0,Breda - Rotterdam Centraal (HSL),external,inzet van hulpdiensten,0
60886,16,Monday,7,0,3,1.0,'s-Hertogenbosch - Eindhoven,accidents,aanrijding,1
60887,16,Monday,7,0,2,1.0,'s-Hertogenbosch - Tilburg,accidents,aanrijding,1
60888,16,Monday,7,0,11,1.0,Amsterdam Centraal - Utrecht Centraal,accidents,aanrijding,1
60889,16,Monday,7,0,9,1.0,'s-Hertogenbosch - Utrecht Centraal,accidents,aanrijding,1
60891,6,Tuesday,7,0,4,1.0,Hengelo - Zutphen,infrastructure,overwegstoring,1
60893,7,Tuesday,7,0,11,1.0,Amsterdam Centraal - Utrecht Centraal,infrastructure,seinstoring,1
60894,10,Tuesday,7,0,6,1.0,Aachen Hbf - Heerlen,logistical,problemen op het spoor in het buitenland,1
60895,11,Tuesday,7,0,2,1.0,Breda - Rotterdam Centraal (HSL),infrastructure,wisselstoring,1
60896,11,Tuesday,7,0,15,3.0,Den Haag Centraal - Den Haag HS,infrastructure,wisselstoring,1
60897,12,Tuesday,7,0,5,1.0,Dordrecht - Geldermalsen,unknown,technisch onderzoek,1
60898,13,Tuesday,7,0,4,1.0,Amersfoort - Ede-Wageningen,external,inzet van hulpdiensten,0
60899,18,Tuesday,7,0,4,1.0,Leiden Centraal - Schiphol Airport,external,persoon op het spoor,0
60900,20,Tuesday,7,0,5,1.0,Maastricht - Sittard,rolling stock,defecte trein,0
60902,23,Tuesday,7,0,11,1.0,Roosendaal - Vlissingen,rolling stock,defecte trein,0
60903,5,Wednesday,7,0,4,1.0,Haarlem - Leiden Centraal,accidents,aanrijding,1
60904,5,Wednesday,7,0,6,1.0,Den Haag Centraal - Leiden Centraal,accidents,aanrijding,1
60905,5,Wednesday,7,0,3,1.0,Baarn - Utrecht Centraal,engineering work,uitloop van werkzaamheden,0
60906,6,Wednesday,7,0,4,1.0,Alkmaar - Amsterdam Centraal,rolling stock,defecte trein,0
60908,10,Wednesday,7,0,8,1.0,Groningen - Leeuwarden,infrastructure,stroomstoring,0
60909,12,Wednesday,7,0,2,3.0,Alphen a/d Rijn - Gouda,infrastructure,stroomstoring,1
60910,13,Wednesday,7,0,2,1.0,Breda - Rotterdam Centraal (HSL),rolling stock,defecte trein,0
60911,14,Wednesday,7,0,4,1.0,Haarlem - Leiden Centraal,external,persoon op het spoor,0
60912,14,Wednesday,7,0,6,1.0,Den Haag Centraal - Leiden Centraal,external,persoon op het spoor,0
60913,14,Wednesday,7,0,2,1.0,Nijmegen - Venlo,infrastructure,seinstoring,1
60914,15,Wednesday,7,0,7,1.0,Den Haag HS - Rotterdam Centraal,rolling stock,defecte trein,0
60915,16,Wednesday,7,0,6,1.0,Leeuwarden - Stavoren,accidents,beschadigde spoorbrug,1
60916,17,Wednesday,7,0,3,2.0,Breda - Dordrecht,rolling stock,defecte trein,0
60918,18,Wednesday,7,0,5,1.0,Roermond - Venlo,rolling stock,defecte trein,0
60920,19,Wednesday,7,0,3,2.0,Breda - Dordrecht,rolling stock,defecte trein,0
60921,20,Wednesday,7,0,6,1.0,Roosendaal - Vlissingen,rolling stock,defecte trein,0
60922,21,Wednesday,7,0,3,1.0,Roosendaal - Vlissingen,external,persoon langs het spoor,0
60923,22,Wednesday,7,0,5,1.0,Amsterdam Centraal - Haarlem,external,inzet van de politie,0
60924,0,Thursday,7,0,4,1.0,Groningen - Zwolle,rolling stock,gestrande trein,0
60925,8,Thursday,7,0,18,8.0,Amersfoort - Schiphol Airport,rolling stock,gestrande trein,0
60926,9,Thursday,7,0,2,1.0,Breda - Rotterdam Centraal (HSL),external,brandmelding,1
60927,10,Thursday,7,0,15,3.0,Den Haag Centraal - Den Haag HS,external,brandmelding,1
60928,10,Thursday,7,0,2,1.0,Rotterdam Centraal - Schiphol Airport (HSL),external,brandmelding,0
60929,10,Thursday,7,0,3,2.0,Breda - Dordrecht,external,brandmelding,1
60930,18,Thursday,7,0,4,2.0,'s-Hertogenbosch - Eindhoven,rolling stock,defecte trein,0
60931,18,Thursday,7,0,12,1.0,Antwerpen-Centraal - Roosendaal,infrastructure,seinstoring,1
60932,18,Thursday,7,0,6,1.0,Alphen a/d Rijn - Gouda,rolling stock,defecte trein,0
60933,20,Thursday,7,0,8,1.0,Leeuwarden - Zwolle,external,inzet van de politie,0
60934,20,Thursday,7,0,3,1.0,Roosendaal - Vlissingen,external,inzet van de brandweer,0
60935,7,Friday,7,0,2,1.0,'s-Hertogenbosch - Tilburg,infrastructure,seinstoring,1
60936,7,Friday,7,0,7,1.0,Alphen a/d Rijn - Gouda,rolling stock,defecte trein,0
60937,9,Friday,7,0,4,1.0,Haarlem - Leiden Centraal,unknown,technisch onderzoek,1
60939,11,Friday,7,0,5,1.0,Groningen - Zwolle,external,inzet van de politie,1
60940,12,Friday,7,0,3,1.0,Leeuwarden - Zwolle,rolling stock,defecte trein,0
60941,12,Friday,7,0,6,1.0,Aachen Hbf - Heerlen,staff,problemen met de personeelsinzet,1
60943,15,Friday,7,0,6,1.0,'s-Hertogenbosch - Eindhoven,external,inzet van hulpdiensten,0
60944,17,Friday,7,0,6,1.0,Haarlem - Uitgeest,rolling stock,defecte trein,0
60945,19,Friday,7,0,2,1.0,Hengelo - Zutphen,infrastructure,seinstoring,1
60946,23,Friday,7,0,5,1.0,Dordrecht - Rotterdam Centraal,infrastructure,storing in een tunnel,1
60947,23,Friday,7,0,2,1.0,Breda - Rotterdam Centraal (HSL),infrastructure,storing in een tunnel,1
60950,12,Saturday,7,1,2,1.0,'s-Hertogenbosch - Tilburg,rolling stock,defecte trein,0
60951,17,Saturday,7,1,6,1.0,Eindhoven - Tilburg,rolling stock,defecte trein,0
60952,17,Saturday,7,1,2,1.0,'s-Hertogenbosch - Tilburg,rolling stock,defecte trein,0
60953,20,Saturday,7,1,4,2.0,Breda - Tilburg,unknown,technisch onderzoek,0
60955,23,Saturday,7,1,4,3.0,Almere Oostvaarders - Utrecht Centraal,infrastructure,seinstoring,1
60956,5,Sunday,7,1,6,2.0,'s-Hertogenbosch - Tilburg,logistical,verstoring elders,0
60957,5,Sunday,7,1,6,2.0,'s-Hertogenbosch - Tilburg,logistical,verstoring elders,1
60958,7,Sunday,7,1,18,8.0,Amersfoort - Schiphol Airport,external,rommel op het spoor,1
60959,8,Sunday,7,1,8,2.0,Maastricht - Sittard,unknown,technisch onderzoek,0
60960,9,Sunday,7,1,8,2.0,Bielefeld Hbf - Hengelo,staff,problemen met de personeelsinzet,1
60965,18,Sunday,7,1,3,1.0,Eindhoven - Tilburg,unknown,technisch onderzoek,1
60966,20,Sunday,7,1,3,1.0,Haarlem - Zandvoort aan Zee,rolling stock,defecte trein,0
60967,21,Sunday,7,1,2,1.0,Groningen - Zwolle,rolling stock,defecte trein,0
60968,4,Monday,7,0,6,1.0,Dordrecht - Roosendaal,logistical,verstoring elders,1
60970,5,Monday,7,0,4,1.0,Roosendaal - Vlissingen,infrastructure,seinstoring,1
60971,5,Monday,7,0,3,1.0,'s-Hertogenbosch - Utrecht Centraal,infrastructure,wisselstoring,1
60972,6,Monday,7,0,6,2.0,'s-Hertogenbosch - Tilburg,logistical,verstoring elders,1
60973,8,Monday,7,0,4,1.0,Groningen - Zwolle,accidents,aanrijding,1
60974,9,Monday,7,0,5,3.0,Almere Oostvaarders - Utrecht Centraal,rolling stock,defecte trein,0
60975,9,Monday,7,0,3,1.0,Haarlem - Zandvoort aan Zee,rolling stock,defecte trein,0
60976,13,Monday,7,0,4,1.0,Almelo - Mariënberg,infrastructure,seinstoring,1
60977,14,Monday,7,0,5,1.0,Almelo - Deventer,rolling stock,defecte trein,0
60978,14,Monday,7,0,2,1.0,Breda - Tilburg,rolling stock,defecte trein,0
60979,14,Monday,7,0,8,1.0,Baarn - Utrecht Centraal,rolling stock,defecte trein,1
60980,17,Monday,7,0,2,1.0,Leiden Centraal - Utrecht Centraal,rolling stock,defecte trein,0
60981,19,Monday,7,0,3,1.0,'s-Hertogenbosch - Eindhoven,external,persoon op het spoor,0
60983,23,Monday,7,0,4,1.0,Dordrecht - Roosendaal,external,rommel op het spoor,0
60985,0,Tuesday,7,0,4,1.0,Den Haag HS - Rotterdam Centraal,external,persoon op het spoor,0
60986,6,Tuesday,7,0,6,1.0,Rotterdam Centraal - Utrecht Centraal,rolling stock,defecte trein,0
60987,7,Tuesday,7,0,4,1.0,Apeldoorn - Deventer,infrastructure,defect spoor,1
60988,10,Tuesday,7,0,4,3.0,Almere Oostvaarders - Utrecht Centraal,rolling stock,defecte trein,0
60989,12,Tuesday,7,0,4,1.0,Groningen - Zwolle,rolling stock,defecte trein,0
60990,12,Tuesday,7,0,3,1.0,Alkmaar - Hoorn,rolling stock,defecte trein,0
60991,13,Tuesday,7,0,4,1.0,Roosendaal - Vlissingen,engineering work,herstelwerkzaamheden,1
60992,13,Tuesday,7,0,2,7.0,Amersfoort - Schiphol Airport,external,brandmelding,0
60993,16,Tuesday,7,0,2,1.0,Amersfoort - Ede-Wageningen,rolling stock,defecte trein,0
60994,17,Tuesday,7,0,2,1.0,Breda - Rotterdam Centraal (HSL),infrastructure,wisselstoring,1
60995,17,Tuesday,7,0,6,1.0,'s-Hertogenbosch - Nijmegen,rolling stock,defecte trein,0
60996,19,Tuesday,7,0,6,1.0,Eindhoven - Venlo,rolling stock,defecte trein,1
60997,20,Tuesday,7,0,4,3.0,Berlin Ostbahnhof - Hengelo,staff,problemen met de personeelsinzet,0
60998,20,Tuesday,7,0,2,1.0,Breda - Rotterdam Centraal (HSL),rolling stock,defecte trein,0
61000,6,Wednesday,7,0,10,1.0,Heerlen - Maastricht,staff,problemen met de personeelsinzet,1
61003,6,Wednesday,7,0,8,1.0,Dordrecht - Rotterdam Centraal,infrastructure,systeemstoring,1
61004,6,Wednesday,7,0,2,1.0,Breda - Rotterdam Centraal (HSL),infrastructure,systeemstoring,1
61005,6,Wednesday,7,0,3,4.0,Amersfoort - Schiphol Airport,infrastructure,systeemstoring,1
61006,6,Wednesday,7,0,2,1.0,Alkmaar - Amsterdam Centraal,rolling stock,defecte trein,0
61007,7,Wednesday,7,0,6,2.0,'s-Hertogenbosch - Tilburg,infrastructure,systeemstoring,0
61008,9,Wednesday,7,0,3,2.0,Breda - Dordrecht,rolling stock,defecte trein,0
61009,10,Wednesday,7,0,3,1.0,Roosendaal - Vlissingen,external,hinder op het spoor,0
61010,13,Wednesday,7,0,3,1.0,Leeuwarden - Zwolle,unknown,technisch onderzoek,1
61011,14,Wednesday,7,0,4,3.0,Amersfoort - Amsterdam Centraal,unknown,technisch onderzoek,0
61013,17,Wednesday,7,0,4,3.0,Almere Oostvaarders - Utrecht Centraal,rolling stock,defecte trein,0
61014,18,Wednesday,7,0,6,1.0,Eindhoven - Venlo,rolling stock,defecte trein,0
61015,22,Wednesday,7,0,3,1.0,Breda - Dordrecht,rolling stock,defecte trein,1
61016,22,Wednesday,7,0,2,1.0,Breda - Rotterdam Centraal (HSL),rolling stock,defecte trein,0
61017,3,Thursday,7,0,6,1.0,Aachen Hbf - Heerlen,staff,problemen met de personeelsinzet,1
61018,6,Thursday,7,0,4,1.0,Alkmaar - Amsterdam Centraal,rolling stock,defecte trein,0
61019,7,Thursday,7,0,2,1.0,Almelo - Zwolle,infrastructure,seinstoring,1
61020,7,Thursday,7,0,2,1.0,Amersfoort - Utrecht Centraal,unknown,technisch onderzoek,0
61021,7,Thursday,7,0,4,1.0,Almelo - Hengelo,infrastructure,seinstoring,1
61022,8,Thursday,7,0,18,8.0,Amersfoort - Schiphol Airport,rolling stock,gestrande trein,1
61024,9,Thursday,7,0,5,1.0,Arnhem Centraal - Nijmegen,rolling stock,defecte trein,1
61025,9,Thursday,7,0,5,1.0,Schiphol Airport - Utrecht Centraal,rolling stock,defecte trein,1
61026,9,Thursday,7,0,5,1.0,Leiden Centraal - Schiphol Airport,rolling stock,defecte trein,0
61027,9,Thursday,7,0,6,1.0,Den Haag Centraal - Leiden Centraal,rolling stock,defecte trein,0
61028,10,Thursday,7,0,5,4.0,Arnhem Centraal - Basel SBB,rolling stock,defecte trein,1
61029,10,Thursday,7,0,2,1.0,Rotterdam Centraal - Schiphol Airport (HSL),rolling stock,defecte trein,0
61030,10,Thursday,7,0,5,4.0,Arnhem Centraal - Basel SBB,rolling stock,defecte trein,0
61031,11,Thursday,7,0,4,1.0,Apeldoorn - Deventer,rolling stock,defecte trein,1
61032,11,Thursday,7,0,4,1.0,Roermond - Sittard,unknown,technisch onderzoek,1
61033,11,Thursday,7,0,3,1.0,Baarn - Utrecht Centraal,external,hinder op het spoor,1
61034,15,Thursday,7,0,6,1.0,Eindhoven - Tilburg,infrastructure,stroomstoring,0
61035,16,Thursday,7,0,5,1.0,Amersfoort - Zwolle,rolling stock,defecte trein,0
61036,17,Thursday,7,0,3,1.0,Baarn - Utrecht Centraal,external,hinder op het spoor,1
61037,18,Thursday,7,0,3,2.0,Amersfoort - Utrecht Centraal,rolling stock,defecte trein,0
61039,19,Thursday,7,0,11,1.0,Amsterdam Centraal - Utrecht Centraal,infrastructure,defecte bovenleiding,0
61040,20,Thursday,7,0,4,1.0,Alkmaar - Amsterdam Centraal,external,rommel op het spoor,0
61041,2,Friday,7,0,2,1.0,Nijmegen - Venlo,rolling stock,defecte trein,0
61042,2,Friday,7,0,7,1.0,Nijmegen - Venlo,rolling stock,defecte trein,1
61043,6,Friday,7,0,5,1.0,Eindhoven - Roermond,rolling stock,defecte trein,1
61044,6,Friday,7,0,9,1.0,Amersfoort - Zwolle,rolling stock,defecte trein,0
61045,7,Friday,7,0,10,1.0,Heerlen - Maastricht,staff,problemen met de personeelsinzet,1
61046,7,Friday,7,0,4,2.0,Arnhem Centraal - Utrecht Centraal,rolling stock,defecte trein,0
61047,11,Friday,7,0,18,8.0,Amersfoort - Schiphol Airport,rolling stock,defecte trein,0
61048,11,Friday,7,0,5,2.0,Amsterdam Centraal - Schiphol Airport,rolling stock,defecte trein,0
61049,11,Friday,7,0,12,1.0,Lelystad Centrum - Schiphol Airport,rolling stock,defecte trein,0
61050,11,Friday,7,0,6,1.0,Aachen Hbf - Heerlen,staff,problemen met de personeelsinzet,1
61051,15,Friday,7,0,3,1.0,'s-Hertogenbosch - Utrecht Centraal,external,persoon op het spoor,0
61052,16,Friday,7,0,5,1.0,Eindhoven - Roermond,rolling stock,defecte trein,0
61053,17,Friday,7,0,2,1.0,Leeuwarden - Zwolle,rolling stock,gestrande trein,0
61055,20,Friday,7,0,5,1.0,'s-Hertogenbosch - Nijmegen,rolling stock,defecte trein,0
61056,20,Friday,7,0,2,1.0,Breda - Rotterdam Centraal (HSL),rolling stock,defecte trein,1
61057,22,Friday,7,0,5,1.0,Delfzijl - Groningen,infrastructure,seinstoring,1
61058,22,Friday,7,0,5,1.0,'s-Hertogenbosch - Nijmegen,accidents,aanrijding,1
61059,22,Friday,7,0,3,14.0,'s-Hertogenbosch - Utrecht Centraal,external,mensen op het spoor,0
61060,10,Saturday,7,1,3,1.0,Alphen a/d Rijn - Gouda,rolling stock,defecte trein,0
61061,12,Saturday,7,1,3,1.0,'s-Hertogenbosch - Utrecht Centraal,rolling stock,defecte trein,0
61062,13,Saturday,7,1,4,1.0,Amsterdam Centraal - Schiphol Airport,rolling stock,defecte trein,0
61063,13,Saturday,7,1,5,1.0,Roermond - Venlo,external,boom op het spoor,0
61064,14,Saturday,7,1,4,1.0,Roosendaal - Vlissingen,external,brandmelding,1
61065,1,Sunday,7,1,4,1.0,Arnhem Centraal - Utrecht Centraal,accidents,aanrijding,1
61066,7,Sunday,7,1,3,2.0,Arnhem Centraal - Nijmegen,external,persoon op het spoor,0
61067,11,Sunday,7,1,2,1.0,Rotterdam Centraal - Schiphol Airport (HSL),rolling stock,gestrande trein,0
61068,12,Sunday,7,1,2,1.0,Breda - Rotterdam Centraal (HSL),rolling stock,gestrande trein,0
61069,14,Sunday,7,1,18,8.0,Amersfoort - Schiphol Airport,rolling stock,gestrande trein,0
61070,17,Sunday,7,1,6,1.0,Heerlen - Maastricht,external,rommel op het spoor,0
61071,17,Sunday,7,1,5,1.0,Den Haag Centraal - Utrecht Centraal,unknown,technisch onderzoek,1
61072,17,Sunday,7,1,3,1.0,'s-Hertogenbosch - Utrecht Centraal,rolling stock,gestrande trein,0
61073,22,Sunday,7,1,2,1.0,Rotterdam Centraal - Schiphol Airport (HSL),rolling stock,defecte trein,0
61074,22,Sunday,7,1,4,1.0,Roermond - Sittard,unknown,technisch onderzoek,1
61075,23,Sunday,7,1,5,1.0,Breda - Tilburg,rolling stock,gestrande trein,0
61076,6,Monday,7,0,6,1.0,Aachen Hbf - Heerlen,staff,problemen met de personeelsinzet,1
61077,6,Monday,7,0,3,1.0,Den Haag Centraal - Leiden Centraal,rolling stock,defecte trein,0
61078,6,Monday,7,0,5,1.0,Amersfoort - Zwolle,rolling stock,defecte trein,0
61079,11,Monday,7,0,2,1.0,Breda - Rotterdam Centraal (HSL),rolling stock,defecte trein,1
61080,12,Monday,7,0,6,1.0,'s-Hertogenbosch - Nijmegen,unknown,technisch onderzoek,0
61081,13,Monday,7,0,5,1.0,Arnhem Centraal - Nijmegen,unknown,technisch onderzoek,1
61082,14,Monday,7,0,4,1.0,Amersfoort - Zwolle,accidents,aanrijding,1
61083,16,Monday,7,0,6,1.0,'s-Hertogenbosch - Nijmegen,rolling stock,defecte trein,0
61084,16,Monday,7,0,4,1.0,Groningen - Zwolle,external,persoon op het spoor,0
61086,5,Tuesday,7,0,2,1.0,Alphen a/d Rijn - Gouda,infrastructure,sein- en wisselstoring,0
61087,7,Tuesday,7,0,3,1.0,Amersfoort - Zwolle,infrastructure,stroomstoring,1
61088,7,Tuesday,7,0,3,1.0,Aachen Hbf - Heerlen,logistical,problemen op het spoor in het buitenland,1
61089,7,Tuesday,7,0,2,1.0,Lelystad Centrum - Zwolle,weather,blikseminslag,1
61090,8,Tuesday,7,0,8,1.0,Dordrecht - Rotterdam Centraal,rolling stock,defecte trein,0
61093,12,Tuesday,7,0,8,1.0,Dordrecht - Rotterdam Centraal,infrastructure,defect spoor,1
61094,12,Tuesday,7,0,6,1.0,Alphen a/d Rijn - Gouda,rolling stock,defecte trein,0
61095,13,Tuesday,7,0,4,3.0,Berlin Ostbahnhof - Hengelo,staff,problemen met de personeelsinzet,1
61096,16,Tuesday,7,0,4,3.0,Almere Oostvaarders - Utrecht Centraal,unknown,technisch onderzoek,0
61097,17,Tuesday,7,0,5,3.0,Almere Oostvaarders - Utrecht Centraal,rolling stock,defecte trein,0
61098,17,Tuesday,7,0,9,1.0,'s-Hertogenbosch - Utrecht Centraal,unknown,technisch onderzoek,1
61099,18,Tuesday,7,0,6,1.0,Arnhem Centraal - Tiel,rolling stock,defecte trein,0
61100,18,Tuesday,7,0,6,2.0,Liège-Guillemins - Maastricht,rolling stock,defecte trein,1
61101,18,Tuesday,7,0,2,1.0,Rotterdam Centraal - Schiphol Airport (HSL),rolling stock,defecte trein,0
61102,18,Tuesday,7,0,9,1.0,'s-Hertogenbosch - Utrecht Centraal,unknown,technisch onderzoek,1
61103,20,Tuesday,7,0,3,1.0,Nijmegen - Venlo,external,persoon op het spoor,0
61104,20,Tuesday,7,0,3,4.0,Amsterdam Centraal - Woerden,infrastructure,defecte bovenleiding,1
61105,20,Tuesday,7,0,4,3.0,Alkmaar - Amsterdam Centraal,infrastructure,wisselstoring,0
61106,22,Tuesday,7,0,5,1.0,Maastricht - Sittard,infrastructure,defecte bovenleiding,1
61107,5,Wednesday,7,0,6,1.0,Aachen Hbf - Heerlen,staff,problemen met de personeelsinzet,1
61108,7,Wednesday,7,0,3,1.0,Almere Oostvaarders - Utrecht Centraal,infrastructure,seinstoring,1
61110,10,Wednesday,7,0,5,1.0,Maastricht - Sittard,rolling stock,defecte trein,0
61111,10,Wednesday,7,0,3,1.0,Leeuwarden - Zwolle,rolling stock,defecte trein,0
61112,11,Wednesday,7,0,3,1.0,Baarn - Utrecht Centraal,rolling stock,defecte trein,1
61113,12,Wednesday,7,0,2,1.0,Leeuwarden - Zwolle,infrastructure,defecte spoorbrug,1
61114,12,Wednesday,7,0,3,1.0,Hengelo - Zutphen,infrastructure,seinstoring,1
61115,14,Wednesday,7,0,6,1.0,Rotterdam Centraal - Utrecht Centraal,rolling stock,defecte trein,0
61116,16,Wednesday,7,0,7,1.0,Den Haag Centraal - Utrecht Centraal,rolling stock,defecte trein,0
61117,16,Wednesday,7,0,12,1.0,Rotterdam Centraal - Utrecht Centraal,rolling stock,defecte trein,0
61118,16,Wednesday,7,0,5,1.0,Amersfoort - Utrecht Centraal,rolling stock,defecte trein,0
61121,19,Wednesday,7,0,18,8.0,Amersfoort - Schiphol Airport,rolling stock,defecte trein,0
61122,19,Wednesday,7,0,15,3.0,Den Haag Centraal - Den Haag HS,rolling stock,defecte trein,0
61123,5,Thursday,7,0,2,1.0,Almelo - Zwolle,infrastructure,seinstoring,1
61124,6,Thursday,7,0,6,2.0,Almelo - Hengelo,infrastructure,seinstoring,0
61125,7,Thursday,7,0,4,1.0,Groningen - Zwolle,infrastructure,defecte bovenleiding,1
61126,9,Thursday,7,0,10,1.0,Heerlen - Maastricht,staff,problemen met de personeelsinzet,1
61127,10,Thursday,7,0,2,1.0,Emmen - Zwolle,rolling stock,gestrande trein,0
61129,12,Thursday,7,0,7,1.0,Alphen a/d Rijn - Gouda,rolling stock,defecte trein,1
61130,14,Thursday,7,0,3,1.0,Enkhuizen - Hoorn,infrastructure,stroomstoring,1
61131,14,Thursday,7,0,2,1.0,Nijmegen - Venlo,infrastructure,seinstoring,1
61133,15,Thursday,7,0,5,2.0,Amersfoort - Amsterdam Centraal,rolling stock,defecte trein,0
61134,16,Thursday,7,0,11,1.0,Roosendaal - Vlissingen,rolling stock,defecte trein,1
61135,17,Thursday,7,0,2,1.0,Breda - Rotterdam Centraal (HSL),rolling stock,defecte trein,0
61136,17,Thursday,7,0,4,1.0,Apeldoorn - Deventer,rolling stock,defecte trein,0
61137,17,Thursday,7,0,3,2.0,Breda - Dordrecht,rolling stock,defecte trein,0
61139,18,Thursday,7,0,3,1.0,Amersfoort - Zwolle,rolling stock,gestrande trein,1
61140,20,Thursday,7,0,3,1.0,'s-Hertogenbosch - Utrecht Centraal,unknown,technisch onderzoek,0
61142,5,Friday,7,0,4,3.0,Almere Oostvaarders - Utrecht Centraal,rolling stock,defecte trein,0
61143,6,Friday,7,0,4,1.0,Heerlen - Kerkrade Centrum,rolling stock,defecte trein,0
61144,7,Friday,7,0,2,1.0,Roermond - Venlo,rolling stock,defecte trein,0
61145,9,Friday,7,0,6,1.0,Alphen a/d Rijn - Gouda,rolling stock,defecte trein,1
61146,13,Friday,7,0,2,1.0,Roermond - Venlo,rolling stock,defecte trein,0
61147,14,Friday,7,0,4,1.0,Dordrecht - Roosendaal,rolling stock,defecte trein,0
61148,15,Friday,7,0,5,1.0,Breda - Tilburg,rolling stock,defecte trein,0
61150,18,Friday,7,0,2,2.0,Berlin Ostbahnhof - Hengelo,infrastructure,wisselstoring,1
61151,22,Friday,7,0,5,1.0,Almelo - Mariënberg,rolling stock,gestrande trein,0
61152,23,Friday,7,0,6,1.0,Eindhoven - Venlo,rolling stock,defecte trein,0
61153,9,Saturday,7,1,2,1.0,'s-Hertogenbosch - Tilburg,unknown,technisch onderzoek,1
61154,9,Saturday,7,1,2,1.0,Roermond - Venlo,rolling stock,defecte trein,0
61156,10,Saturday,7,1,4,1.0,Eindhoven - Venlo,accidents,aanrijding,1
61157,10,Saturday,7,1,4,2.0,'s-Hertogenbosch - Eindhoven,accidents,aanrijding,0
61160,12,Saturday,7,1,4,3.0,Almere Oostvaarders - Utrecht Centraal,rolling stock,defecte trein,0
61161,12,Saturday,7,1,3,1.0,Almere Oostvaarders - Utrecht Centraal,rolling stock,defecte trein,0
61162,12,Saturday,7,1,5,1.0,Amsterdam Centraal - Haarlem,rolling stock,defecte trein,0
61163,12,Saturday,7,1,6,1.0,Haarlem - Uitgeest,rolling stock,defecte trein,0
61164,12,Saturday,7,1,6,1.0,Enkhuizen - Hoorn,external,inzet van de politie,0
61166,14,Saturday,7,1,4,2.0,Amersfoort - Schiphol Airport,rolling stock,defecte trein,0
61167,15,Saturday,7,1,9,1.0,'s-Hertogenbosch - Utrecht Centraal,rolling stock,defecte trein,1
61168,16,Saturday,7,1,7,2.0,Amsterdam Centraal - Utrecht Centraal,rolling stock,defecte trein,1
61169,17,Saturday,7,1,8,1.0,Amsterdam Centraal - Lelystad Centrum,rolling stock,defecte trein,0
61170,17,Saturday,7,1,3,1.0,Almere Oostvaarders - Utrecht Centraal,rolling stock,defecte trein,0
61171,17,Saturday,7,1,2,1.0,Breda - Rotterdam Centraal (HSL),rolling stock,defecte trein,0
61172,18,Saturday,7,1,2,1.0,Roermond - Venlo,rolling stock,defecte trein,0
61173,18,Saturday,7,1,2,1.0,Hamm (Westf.) - Venlo,rolling stock,defecte trein,0
61176,20,Saturday,7,1,5,1.0,Breda - Dordrecht,unknown,technisch onderzoek,0
61178,7,Sunday,7,1,3,1.0,Breda - Dordrecht,infrastructure,wisselstoring,0
61179,11,Sunday,7,1,9,1.0,'s-Hertogenbosch - Utrecht Centraal,unknown,technisch onderzoek,1
61180,12,Sunday,7,1,6,1.0,Aachen Hbf - Heerlen,staff,problemen met de personeelsinzet,1
61181,12,Sunday,7,1,5,2.0,Amersfoort - Amsterdam Centraal,rolling stock,defecte trein,0
61182,19,Sunday,7,1,5,1.0,Breda - Tilburg,rolling stock,defecte trein,0
61183,19,Sunday,7,1,3,1.0,Arnhem Centraal - Zutphen,external,persoon op het spoor,0
61184,21,Sunday,7,1,2,5.0,Antwerpen-Centraal - Breda (HSL),external,persoon op het spoor,0
61185,22,Sunday,7,1,5,1.0,Roermond - Venlo,accidents,aanrijding,0
61186,6,Monday,7,0,2,1.0,'s-Hertogenbosch - Tilburg,infrastructure,defect spoor,1
61187,7,Monday,7,0,2,1.0,Rotterdam Centraal - Schiphol Airport (HSL),rolling stock,defecte trein,1
61188,7,Monday,7,0,13,1.0,Lelystad Centrum - Schiphol Airport,rolling stock,defecte trein,1
61189,10,Monday,7,0,3,1.0,Leiden Centraal - Schiphol Airport,infrastructure,defecte spoorbrug,0
61190,10,Monday,7,0,3,1.0,Breda - Dordrecht,infrastructure,wisselstoring,0
61192,12,Monday,7,0,3,1.0,Breda - Dordrecht,unknown,technisch onderzoek,0
61193,13,Monday,7,0,2,1.0,Groningen - Zwolle,accidents,aanrijding,1
61194,14,Monday,7,0,5,1.0,Arnhem Centraal - Nijmegen,unknown,technisch onderzoek,0
61196,14,Monday,7,0,8,1.0,Dordrecht - Rotterdam Centraal,infrastructure,seinstoring,1
61197,14,Monday,7,0,2,1.0,Roermond - Venlo,infrastructure,sein-en overwegstoring,1
61198,17,Monday,7,0,4,1.0,Groningen - Leeuwarden,rolling stock,defecte trein,0
61199,17,Monday,7,0,2,1.0,Breda - Rotterdam Centraal (HSL),infrastructure,wisselstoring,1
61200,17,Monday,7,0,15,3.0,Den Haag Centraal - Den Haag HS,infrastructure,wisselstoring,1
61201,18,Monday,7,0,6,1.0,Groningen - Eemshaven,rolling stock,defecte trein,0
61202,20,Monday,7,0,5,1.0,Breda - Tilburg,rolling stock,defecte trein,0
61203,20,Monday,7,0,3,1.0,Eindhoven - Tilburg,rolling stock,defecte trein,0
61206,21,Monday,7,0,3,2.0,'s-Hertogenbosch - Utrecht Centraal,rolling stock,defecte trein,0
61208,22,Monday,7,0,8,1.0,Dordrecht - Rotterdam Centraal,infrastructure,seinstoring,1
61209,22,Monday,7,0,5,1.0,Amsterdam Centraal - Hoorn,rolling stock,defecte trein,0
61210,23,Monday,7,0,2,1.0,Den Haag Centraal - Den Haag HS,external,inzet van hulpdiensten,0
61211,8,Tuesday,7,0,4,1.0,Den Haag Centraal - Utrecht Centraal,infrastructure,seinstoring,0
61212,9,Tuesday,7,0,7,1.0,Den Haag Centraal - Utrecht Centraal,unknown,technisch onderzoek,0
61213,11,Tuesday,7,0,5,1.0,Leiden Centraal - Schiphol Airport,rolling stock,defecte trein,0
61214,11,Tuesday,7,0,2,1.0,Breda - Rotterdam Centraal (HSL),infrastructure,wisselstoring,1
61215,12,Tuesday,7,0,5,1.0,Leiden Centraal - Schiphol Airport,infrastructure,defecte spoorbrug,0
61216,12,Tuesday,7,0,4,1.0,Leiden Centraal - Schiphol Airport,infrastructure,defecte spoorbrug,0
61217,13,Tuesday,7,0,3,1.0,'s-Hertogenbosch - Eindhoven,infrastructure,wisselstoring,1
61218,13,Tuesday,7,0,3,1.0,Den Haag Centraal - Utrecht Centraal,engineering work,herstelwerkzaamheden,1
61220,14,Tuesday,7,0,3,1.0,Breda - Roosendaal,accidents,aanrijding,1
61221,15,Tuesday,7,0,2,1.0,Breda - Rotterdam Centraal (HSL),rolling stock,defecte trein,0
61222,17,Tuesday,7,0,5,2.0,Amsterdam Centraal - Schiphol Airport,rolling stock,defecte trein,0
61223,17,Tuesday,7,0,15,3.0,Den Haag Centraal - Den Haag HS,infrastructure,systeemstoring,0
61224,17,Tuesday,7,0,2,1.0,Rotterdam Centraal - Schiphol Airport (HSL),infrastructure,systeemstoring,0
61226,18,Tuesday,7,0,6,1.0,Winterswijk - Zutphen,rolling stock,gestrande trein,0
61227,19,Tuesday,7,0,6,1.0,Harlingen Haven - Leeuwarden,accidents,aanrijding,1
61228,21,Tuesday,7,0,2,1.0,Breda - Rotterdam Centraal (HSL),rolling stock,defecte trein,0
61229,21,Tuesday,7,0,3,1.0,Breda - Dordrecht,rolling stock,defecte trein,0
61230,4,Wednesday,7,0,2,1.0,Breda - Rotterdam Centraal (HSL),infrastructure,wisselstoring,1
61231,4,Wednesday,7,0,13,1.0,Lelystad Centrum - Schiphol Airport,infrastructure,seinstoring,1
61232,4,Wednesday,7,0,5,1.0,Leiden Centraal - Schiphol Airport,infrastructure,seinstoring,1
61233,4,Wednesday,7,0,2,1.0,Rotterdam Centraal - Schiphol Airport (HSL),infrastructure,seinstoring,1
61234,4,Wednesday,7,0,5,2.0,Amsterdam Centraal - Schiphol Airport,infrastructure,seinstoring,1
61235,5,Wednesday,7,0,6,1.0,Aachen Hbf - Heerlen,staff,problemen met de personeelsinzet,1
61237,10,Wednesday,7,0,2,2.0,Berlin Ostbahnhof - Hengelo,staff,problemen met de personeelsinzet,1
61238,11,Wednesday,7,0,5,1.0,Aachen Hbf - Heerlen,rolling stock,defecte trein,0
61239,13,Wednesday,7,0,5,1.0,Maastricht - Sittard,accidents,aanrijding,0
61240,14,Wednesday,7,0,2,1.0,Rhenen - Utrecht Centraal,rolling stock,defecte trein,0
61241,15,Wednesday,7,0,6,1.0,'s-Hertogenbosch - Eindhoven,infrastructure,seinstoring,1
61242,15,Wednesday,7,0,2,1.0,'s-Hertogenbosch - Tilburg,infrastructure,seinstoring,1
61243,17,Wednesday,7,0,5,3.0,Almere Oostvaarders - Utrecht Centraal,rolling stock,defecte trein,0
61244,6,Thursday,7,0,4,1.0,Apeldoorn - Deventer,infrastructure,seinstoring,1
61247,9,Thursday,7,0,2,1.0,Breda - Rotterdam Centraal (HSL),rolling stock,gestrande trein,0
61248,9,Thursday,7,0,2,1.0,Breda - Rotterdam Centraal (HSL),rolling stock,defecte trein,0
61249,10,Thursday,7,0,3,1.0,Haarlem - Leiden Centraal,rolling stock,defecte trein,0
61250,10,Thursday,7,0,6,1.0,Den Haag Centraal - Leiden Centraal,rolling stock,defecte trein,0
61251,11,Thursday,7,0,3,1.0,Den Haag Centraal - Leiden Centraal,rolling stock,defecte trein,0
61252,11,Thursday,7,0,2,1.0,Breda - Rotterdam Centraal (HSL),infrastructure,wisselstoring,1
61253,11,Thursday,7,0,15,3.0,Den Haag Centraal - Den Haag HS,infrastructure,wisselstoring,1
61255,17,Thursday,7,0,4,1.0,Apeldoorn - Deventer,infrastructure,defecte bovenleiding,1
61256,21,Thursday,7,0,5,1.0,Haarlem - Leiden Centraal,rolling stock,defecte trein,0
61258,6,Friday,8,0,3,1.0,Almere Oostvaarders - Utrecht Centraal,rolling stock,defecte trein,0
61259,6,Friday,8,0,5,1.0,Arnhem Centraal - Nijmegen,infrastructure,defect spoor,1
61260,9,Friday,8,0,4,1.0,Amsterdam Centraal - Haarlem,infrastructure,defecte spoorbrug,1
61261,12,Friday,8,0,3,1.0,Arnhem Centraal - Nijmegen,accidents,beschadigde spoorbrug,0
61262,13,Friday,8,0,2,1.0,Arnhem Centraal - Winterswijk,infrastructure,seinstoring,1
61263,13,Friday,8,0,5,1.0,Winterswijk - Zutphen,infrastructure,sein- en wisselstoring,0
61264,14,Friday,8,0,3,1.0,Winterswijk - Zutphen,infrastructure,sein- en wisselstoring,1
61265,15,Friday,8,0,6,1.0,Eindhoven - Venlo,rolling stock,defecte trein,0
61266,16,Friday,8,0,5,1.0,Schiphol Airport - Utrecht Centraal,rolling stock,defecte trein,1
61267,16,Friday,8,0,5,1.0,Leiden Centraal - Schiphol Airport,rolling stock,defecte trein,1
61268,16,Friday,8,0,10,1.0,Arnhem Centraal - Utrecht Centraal,rolling stock,defecte trein,0
61269,18,Friday,8,0,3,1.0,Haarlem - Uitgeest,infrastructure,seinstoring,1
61270,21,Friday,8,0,3,1.0,Breda - Roosendaal,rolling stock,defecte trein,0
61271,22,Friday,8,0,5,1.0,Haarlem - Leiden Centraal,rolling stock,defecte trein,0
61272,0,Saturday,8,1,8,1.0,Leeuwarden - Zwolle,accidents,aanrijding,0
61273,8,Saturday,8,1,4,3.0,Almere Oostvaarders - Utrecht Centraal,infrastructure,seinstoring,0
61275,9,Saturday,8,1,5,1.0,Breda - Tilburg,rolling stock,defecte trein,0
61276,11,Saturday,8,1,3,1.0,Dordrecht - Geldermalsen,infrastructure,defecte spoorbrug,0
61278,14,Saturday,8,1,13,1.0,Den Haag Centraal - Utrecht Centraal,external,mensen op het spoor,0
61279,14,Saturday,8,1,3,1.0,Den Haag Centraal - Utrecht Centraal,external,mensen op het spoor,0
61280,15,Saturday,8,1,4,1.0,Groningen - Leeuwarden,rolling stock,defecte trein,0
61281,15,Saturday,8,1,5,1.0,'s-Hertogenbosch - Nijmegen,rolling stock,defecte trein,1
61282,16,Saturday,8,1,2,2.0,Amersfoort - Schiphol Airport,rolling stock,defecte trein,0
61283,16,Saturday,8,1,3,1.0,Nijmegen - Venlo,infrastructure,seinstoring,1
61286,9,Sunday,8,1,7,2.0,Breda - Tilburg,rolling stock,defecte trein,0
61289,18,Sunday,8,1,2,1.0,Hengelo - Zutphen,rolling stock,defecte trein,1
61290,19,Sunday,8,1,5,2.0,Amsterdam Centraal - Schiphol Airport,rolling stock,defecte trein,0
61291,21,Sunday,8,1,5,1.0,Eindhoven - Roermond,external,persoon op het spoor,0
61293,5,Monday,8,0,3,1.0,Arnhem Centraal - Utrecht Centraal,external,boom op het spoor,1
61294,6,Monday,8,0,4,1.0,Groningen - Eemshaven,infrastructure,seinstoring,1
61295,7,Monday,8,0,6,1.0,Leeuwarden - Stavoren,infrastructure,seinstoring,1
61296,8,Monday,8,0,22,,,weather,aangepaste dienstregeling,1
61297,8,Monday,8,0,4,1.0,Eindhoven - Venlo,rolling stock,defecte trein,0
61298,8,Monday,8,0,4,1.0,Leiden Centraal - Schiphol Airport,infrastructure,defecte bovenleiding,1
61299,8,Monday,8,0,2,2.0,Amersfoort - Amsterdam Centraal,infrastructure,defecte bovenleiding,1
61301,8,Monday,8,0,3,1.0,Eindhoven - Venlo,unknown,technisch onderzoek,0
61302,14,Monday,8,0,4,1.0,'s-Hertogenbosch - Nijmegen,rolling stock,gestrande trein,0
61303,15,Monday,8,0,3,2.0,Breda - Dordrecht,rolling stock,defecte trein,1
61304,16,Monday,8,0,5,2.0,Amersfoort - Apeldoorn,infrastructure,seinstoring,1
61305,16,Monday,8,0,4,1.0,Amersfoort - Ede-Wageningen,infrastructure,seinstoring,0
61306,16,Monday,8,0,9,1.0,Amersfoort - Zwolle,rolling stock,defecte trein,0
61308,17,Monday,8,0,2,1.0,'s-Hertogenbosch - Eindhoven,external,inzet van de politie,0
61309,20,Monday,8,0,7,1.0,Heerlen - Sittard,external,inzet van hulpdiensten,0
61310,21,Monday,8,0,5,1.0,Apeldoorn - Zutphen,infrastructure,defecte spoorbrug,1
61311,22,Monday,8,0,3,1.0,Arnhem Centraal - Zutphen,infrastructure,defecte spoorbrug,1
61312,22,Monday,8,0,4,1.0,Den Haag Centraal - Utrecht Centraal,rolling stock,gestrande trein,0
61313,6,Tuesday,8,0,2,1.0,Lelystad Centrum - Zwolle,rolling stock,defecte trein,0
61314,6,Tuesday,8,0,3,1.0,Amersfoort - Zwolle,rolling stock,defecte trein,1
61316,7,Tuesday,8,0,2,1.0,Lelystad Centrum - Zwolle,rolling stock,defecte trein,1
61317,8,Tuesday,8,0,4,2.0,'s-Hertogenbosch - Utrecht Centraal,rolling stock,defecte trein,0
61319,12,Tuesday,8,0,6,1.0,Leeuwarden - Stavoren,accidents,beschadigde spoorbrug,1
61320,13,Tuesday,8,0,3,1.0,'s-Hertogenbosch - Nijmegen,rolling stock,defecte trein,0
61321,16,Tuesday,8,0,6,1.0,'s-Hertogenbosch - Eindhoven,rolling stock,defecte trein,0
61322,17,Tuesday,8,0,6,1.0,Den Haag Centraal - Leiden Centraal,infrastructure,defecte bovenleiding,1
61323,17,Tuesday,8,0,13,4.0,Den Haag Centraal - Den Haag HS,infrastructure,defecte bovenleiding,1
61324,17,Tuesday,8,0,2,7.0,Amersfoort - Schiphol Airport,infrastructure,defecte bovenleiding,1
61325,18,Tuesday,8,0,2,1.0,Breda - Rotterdam Centraal (HSL),rolling stock,defecte trein,0
61326,18,Tuesday,8,0,2,1.0,Rotterdam Centraal - Schiphol Airport (HSL),rolling stock,defecte trein,0
61327,4,Wednesday,8,0,4,3.0,Berlin Ostbahnhof - Hengelo,rolling stock,beperkingen in de materieelinzet,1
61329,10,Wednesday,8,0,5,2.0,Amsterdam Centraal - Utrecht Centraal,unknown,technisch onderzoek,1
61330,10,Wednesday,8,0,4,2.0,Amsterdam Centraal - Lelystad Centrum,rolling stock,defecte trein,0
61332,10,Wednesday,8,0,4,3.0,Amsterdam Centraal - Utrecht Centraal,rolling stock,gestrande trein,0
61334,11,Wednesday,8,0,5,1.0,Almere Oostvaarders - Utrecht Centraal,rolling stock,defecte trein,0
61335,11,Wednesday,8,0,2,1.0,Leiden Centraal - Schiphol Airport,external,persoon op het spoor,0
61337,13,Wednesday,8,0,4,1.0,Amsterdam Centraal - Haarlem,external,persoon langs het spoor,0
61338,14,Wednesday,8,0,2,1.0,Antwerpen-Centraal - Roosendaal,rolling stock,defecte trein,0
61339,15,Wednesday,8,0,6,1.0,Aachen Hbf - Heerlen,staff,problemen met de personeelsinzet,1
61340,16,Wednesday,8,0,2,1.0,Leiden Centraal - Schiphol Airport,rolling stock,defecte trein,1
61341,18,Wednesday,8,0,3,1.0,Eindhoven - Venlo,rolling stock,defecte trein,0
61342,20,Wednesday,8,0,3,1.0,Emmen - Zwolle,accidents,aanrijding,0
61343,21,Wednesday,8,0,2,2.0,Groningen - Zwolle,rolling stock,defecte trein,0
61344,6,Thursday,8,0,8,2.0,Bielefeld Hbf - Hengelo,rolling stock,beperkingen in de materieelinzet,1
61345,7,Thursday,8,0,7,1.0,Alphen a/d Rijn - Gouda,infrastructure,seinstoring,1
61346,7,Thursday,8,0,5,1.0,Amersfoort - Utrecht Centraal,unknown,technisch onderzoek,0
61347,8,Thursday,8,0,2,1.0,Breda - Rotterdam Centraal (HSL),rolling stock,defecte trein,0
61348,8,Thursday,8,0,3,2.0,Breda - Dordrecht,rolling stock,defecte trein,1
61349,9,Thursday,8,0,2,2.0,Amsterdam Centraal - Lelystad Centrum,unknown,technisch onderzoek,1
61352,10,Thursday,8,0,4,1.0,Lelystad Centrum - Zwolle,infrastructure,seinstoring,1
61353,10,Thursday,8,0,5,1.0,Breda - Tilburg,external,inzet van hulpdiensten,0
61354,10,Thursday,8,0,5,1.0,Breda - Tilburg,rolling stock,defecte trein,0
61355,11,Thursday,8,0,2,2.0,Amersfoort - Amsterdam Centraal,rolling stock,defecte trein,0
61356,12,Thursday,8,0,2,1.0,Rotterdam Centraal - Schiphol Airport (HSL),external,dier op het spoor,1
61357,12,Thursday,8,0,3,2.0,Breda - Dordrecht,external,dier op het spoor,1
61358,12,Thursday,8,0,13,1.0,Lelystad Centrum - Schiphol Airport,external,dier op het spoor,1
61359,14,Thursday,8,0,4,1.0,Alkmaar - Amsterdam Centraal,rolling stock,defecte trein,0
61360,14,Thursday,8,0,4,1.0,Alkmaar - Amsterdam Centraal,rolling stock,defecte trein,0
61361,14,Thursday,8,0,5,1.0,Maastricht - Sittard,rolling stock,defecte trein,1
61362,16,Thursday,8,0,4,1.0,Dordrecht - Roosendaal,infrastructure,wisselstoring,0
61363,16,Thursday,8,0,3,1.0,Deventer - Zwolle,rolling stock,defecte trein,0
61364,17,Thursday,8,0,3,1.0,Den Haag Centraal - Leiden Centraal,rolling stock,defecte trein,1
61365,18,Thursday,8,0,4,2.0,'s-Hertogenbosch - Utrecht Centraal,rolling stock,defecte trein,0
61366,19,Thursday,8,0,4,1.0,Almelo - Hengelo,external,persoon langs het spoor,0
61367,20,Thursday,8,0,4,2.0,'s-Hertogenbosch - Utrecht Centraal,accidents,aanrijding,0
61368,20,Thursday,8,0,2,1.0,Breda - Rotterdam Centraal (HSL),rolling stock,defecte trein,0
61370,20,Thursday,8,0,3,2.0,Breda - Dordrecht,rolling stock,defecte trein,0
61371,0,Friday,8,0,4,1.0,Alkmaar - Amsterdam Centraal,accidents,aanrijding,0
61372,1,Friday,8,0,6,1.0,'s-Hertogenbosch - Nijmegen,rolling stock,gestrande trein,0
61373,5,Friday,8,0,5,1.0,Eindhoven - Roermond,rolling stock,gestrande trein,0
61374,6,Friday,8,0,2,2.0,Amsterdam Centraal - Utrecht Centraal,external,inzet van hulpdiensten,0
61375,7,Friday,8,0,3,1.0,Emmen - Zwolle,rolling stock,defecte trein,0
61376,7,Friday,8,0,4,2.0,Amsterdam Centraal - Lelystad Centrum,external,persoon op het spoor,0
61377,7,Friday,8,0,2,1.0,Antwerpen-Centraal - Breda (HSL),rolling stock,gestrande trein,0
61378,8,Friday,8,0,4,3.0,Almere Oostvaarders - Utrecht Centraal,rolling stock,defecte trein,0
61379,11,Friday,8,0,2,1.0,Deventer - Zutphen,rolling stock,defecte trein,0
61380,14,Friday,8,0,3,1.0,'s-Hertogenbosch - Eindhoven,external,persoon op het spoor,0
61381,15,Friday,8,0,3,1.0,Alkmaar - Amsterdam Centraal,rolling stock,defecte trein,0
61382,16,Friday,8,0,4,1.0,Dordrecht - Roosendaal,rolling stock,defecte trein,0
61384,17,Friday,8,0,7,1.0,Hamm (Westf.) - Venlo,accidents,aanrijding,0
61385,17,Friday,8,0,2,1.0,Roosendaal - Vlissingen,external,persoon op het spoor,0
61386,18,Friday,8,0,5,2.0,Amsterdam Centraal - Schiphol Airport,rolling stock,defecte trein,0
61387,18,Friday,8,0,3,2.0,Amersfoort - Schiphol Airport,rolling stock,defecte trein,0
61388,18,Friday,8,0,2,1.0,Rotterdam Centraal - Schiphol Airport (HSL),rolling stock,defecte trein,0
61389,10,Saturday,8,1,7,1.0,Delfzijl - Groningen,rolling stock,defecte trein,0
61390,10,Saturday,8,1,3,1.0,Breda - Roosendaal,rolling stock,defecte trein,0
61391,12,Saturday,8,1,4,1.0,Breda - Tilburg,accidents,aanrijding,1
61392,15,Saturday,8,1,5,3.0,Almere Oostvaarders - Utrecht Centraal,rolling stock,defecte trein,0
61393,15,Saturday,8,1,3,1.0,'s-Hertogenbosch - Utrecht Centraal,infrastructure,seinstoring,0
61394,15,Saturday,8,1,3,1.0,Eindhoven - Venlo,rolling stock,defecte trein,0
61395,15,Saturday,8,1,4,1.0,Apeldoorn - Deventer,accidents,aanrijding,1
61396,21,Saturday,8,1,5,1.0,'s-Hertogenbosch - Nijmegen,external,inzet van hulpdiensten,0
61397,6,Sunday,8,1,3,2.0,Amsterdam Centraal - Schiphol Airport,rolling stock,defecte trein,0
61398,9,Sunday,8,1,9,1.0,'s-Hertogenbosch - Utrecht Centraal,infrastructure,defect spoor,1
61399,12,Sunday,8,1,3,2.0,Amsterdam Centraal - Schiphol Airport,rolling stock,defecte trein,0
61400,13,Sunday,8,1,3,1.0,Almere Oostvaarders - Utrecht Centraal,external,inzet van de politie,0
61401,13,Sunday,8,1,8,1.0,Amsterdam Centraal - Lelystad Centrum,external,inzet van de politie,0
61402,17,Sunday,8,1,4,1.0,Deventer - Zwolle,rolling stock,defecte trein,0
61403,19,Sunday,8,1,5,1.0,Amsterdam Centraal - Haarlem,unknown,technisch onderzoek,0
61404,20,Sunday,8,1,5,1.0,Almelo - Deventer,infrastructure,seinstoring,0
61405,8,Monday,8,0,2,1.0,Antwerpen-Centraal - Breda (HSL),logistical,problemen op het spoor in het buitenland,1
61406,8,Monday,8,0,3,2.0,Breda - Dordrecht,logistical,problemen op het spoor in het buitenland,1
61407,8,Monday,8,0,15,3.0,Den Haag Centraal - Den Haag HS,logistical,problemen op het spoor in het buitenland,1
61408,8,Monday,8,0,13,1.0,Lelystad Centrum - Schiphol Airport,logistical,problemen op het spoor in het buitenland,1
61409,8,Monday,8,0,2,1.0,Rotterdam Centraal - Schiphol Airport (HSL),logistical,problemen op het spoor in het buitenland,1
61410,10,Monday,8,0,4,3.0,Berlin Ostbahnhof - Hengelo,rolling stock,beperkingen in de materieelinzet,1
61411,10,Monday,8,0,7,1.0,Den Haag HS - Rotterdam Centraal,infrastructure,wisselstoring,1
61412,11,Monday,8,0,5,1.0,Haarlem - Leiden Centraal,rolling stock,defecte trein,0
61413,13,Monday,8,0,14,2.0,'s-Hertogenbosch - Eindhoven,unknown,technisch onderzoek,0
61414,13,Monday,8,0,5,2.0,Amsterdam Centraal - Schiphol Airport,rolling stock,defecte trein,0
61415,14,Monday,8,0,5,2.0,Amsterdam Centraal - Schiphol Airport,rolling stock,defecte trein,1
61416,14,Monday,8,0,8,1.0,Amersfoort - Ede-Wageningen,external,inzet van hulpdiensten,0
61417,15,Monday,8,0,2,1.0,Antwerpen-Centraal - Breda (HSL),rolling stock,defecte trein,0
61418,16,Monday,8,0,5,3.0,Den Haag Centraal - Utrecht Centraal,rolling stock,defecte trein,0
61419,17,Monday,8,0,7,1.0,Arnhem Centraal - Zutphen,rolling stock,defecte trein,1
61420,19,Monday,8,0,4,1.0,Eindhoven - Venlo,unknown,technisch onderzoek,0
61421,20,Monday,8,0,6,1.0,'s-Hertogenbosch - Eindhoven,infrastructure,seinstoring,1
61422,20,Monday,8,0,2,1.0,'s-Hertogenbosch - Tilburg,infrastructure,seinstoring,1
61424,23,Monday,8,0,3,1.0,Breda - Roosendaal,accidents,aanrijding,1
61425,6,Tuesday,8,0,10,1.0,Heerlen - Maastricht,rolling stock,beperkingen in de materieelinzet,1
61426,8,Tuesday,8,0,2,3.0,Amersfoort - Schiphol Airport,rolling stock,defecte trein,0
61427,9,Tuesday,8,0,8,4.0,Berlin Ostbahnhof - Hengelo,rolling stock,beperkingen in de materieelinzet,1
61428,11,Tuesday,8,0,8,1.0,Dordrecht - Rotterdam Centraal,rolling stock,defecte trein,0
61429,14,Tuesday,8,0,2,1.0,Rotterdam Centraal - Schiphol Airport (HSL),rolling stock,defecte trein,0
61430,15,Tuesday,8,0,5,2.0,Den Haag Centraal - Leiden Centraal,rolling stock,defecte trein,0
61431,16,Tuesday,8,0,3,1.0,'s-Hertogenbosch - Utrecht Centraal,external,inzet van hulpdiensten,0
61432,16,Tuesday,8,0,3,4.0,Amersfoort - Schiphol Airport,rolling stock,defecte trein,0
61433,17,Tuesday,8,0,3,1.0,Breda - Roosendaal,infrastructure,overwegstoring,1
61434,19,Tuesday,8,0,5,1.0,Arnhem Centraal - Nijmegen,rolling stock,defecte trein,0
61435,6,Wednesday,8,0,4,1.0,Eindhoven - Venlo,rolling stock,defecte trein,0
61436,7,Wednesday,8,0,6,1.0,Hengelo - Zutphen,rolling stock,beperkingen in de materieelinzet,1
61437,7,Wednesday,8,0,4,1.0,Amsterdam Centraal - Hoorn,rolling stock,defecte trein,0
61438,9,Wednesday,8,0,5,3.0,Almere Oostvaarders - Utrecht Centraal,rolling stock,defecte trein,0
61439,10,Wednesday,8,0,2,1.0,Breda - Rotterdam Centraal (HSL),rolling stock,defecte trein,0
61440,10,Wednesday,8,0,2,1.0,Hengelo - Zutphen,infrastructure,seinstoring,1
61442,12,Wednesday,8,0,3,1.0,'s-Hertogenbosch - Utrecht Centraal,engineering work,herstelwerkzaamheden,0
61443,12,Wednesday,8,0,4,1.0,Aachen Hbf - Heerlen,rolling stock,rook in een trein,1
61445,18,Wednesday,8,0,5,1.0,Arnhem Centraal - Winterswijk,rolling stock,defecte trein,0
61446,19,Wednesday,8,0,3,1.0,Leiden Centraal - Utrecht Centraal,rolling stock,defecte trein,0
61447,19,Wednesday,8,0,6,1.0,Leeuwarden - Stavoren,infrastructure,defecte spoorbrug,1
61448,21,Wednesday,8,0,3,4.0,Amersfoort - Schiphol Airport,rolling stock,defecte trein,0
61449,21,Wednesday,8,0,15,3.0,Den Haag Centraal - Den Haag HS,rolling stock,defecte trein,0
61450,21,Wednesday,8,0,3,1.0,Den Haag HS - Rotterdam Centraal,infrastructure,seinstoring,1
61451,1,Thursday,8,0,2,2.0,Amsterdam Centraal - Utrecht Centraal,infrastructure,defect spoor,1
61453,6,Thursday,8,0,8,1.0,Almere Oostvaarders - Utrecht Centraal,infrastructure,wisselstoring,1
61454,6,Thursday,8,0,6,1.0,Hengelo - Zutphen,rolling stock,defecte trein,0
61455,6,Thursday,8,0,2,3.0,Berlin Ostbahnhof - Hengelo,rolling stock,gestrande trein,0
61457,10,Thursday,8,0,2,1.0,Den Haag Centraal - Den Haag HS,infrastructure,seinstoring,0
61458,10,Thursday,8,0,3,1.0,Alkmaar - Hoorn,accidents,aanrijding,1
61459,10,Thursday,8,0,2,1.0,Den Haag Centraal - Den Haag HS,infrastructure,wisselstoring,0
61461,11,Thursday,8,0,2,1.0,Den Haag Centraal - Den Haag HS,infrastructure,sein- en wisselstoring,1
61462,11,Thursday,8,0,13,1.0,Den Haag Centraal - Utrecht Centraal,infrastructure,sein- en wisselstoring,1
61463,12,Thursday,8,0,6,1.0,Rotterdam Centraal - Utrecht Centraal,rolling stock,defecte trein,0
61464,12,Thursday,8,0,4,2.0,Amersfoort - Schiphol Airport,rolling stock,defecte trein,0
61465,13,Thursday,8,0,2,2.0,Amsterdam Centraal - Utrecht Centraal,infrastructure,defect spoor,1
61466,15,Thursday,8,0,4,1.0,Leiden Centraal - Schiphol Airport,infrastructure,defecte spoorbrug,0
61467,16,Thursday,8,0,4,3.0,Almere Oostvaarders - Utrecht Centraal,rolling stock,defecte trein,0
61468,16,Thursday,8,0,3,1.0,Almere Oostvaarders - Utrecht Centraal,rolling stock,defecte trein,1
61470,19,Thursday,8,0,4,1.0,Roosendaal - Vlissingen,external,inzet van de politie,0
61471,19,Thursday,8,0,2,1.0,Den Haag Centraal - Den Haag HS,infrastructure,sein- en wisselstoring,1
61472,21,Thursday,8,0,2,1.0,Roosendaal - Vlissingen,external,inzet van hulpdiensten,0
61473,21,Thursday,8,0,6,1.0,Alphen a/d Rijn - Gouda,external,rommel op het spoor,1
61474,22,Thursday,8,0,3,1.0,Den Haag HS - Rotterdam Centraal,external,inzet van hulpdiensten,1
61475,22,Thursday,8,0,2,1.0,Dordrecht - Rotterdam Centraal,rolling stock,defecte trein,0
61476,5,Friday,8,0,3,2.0,Den Haag Centraal - Utrecht Centraal,rolling stock,gestrande trein,0
61478,9,Friday,8,0,2,1.0,Rotterdam Centraal - Schiphol Airport (HSL),rolling stock,defecte trein,0
61479,10,Friday,8,0,9,1.0,'s-Hertogenbosch - Utrecht Centraal,infrastructure,defect spoor,1
61481,11,Friday,8,0,4,1.0,Apeldoorn - Deventer,rolling stock,defecte trein,0
61482,11,Friday,8,0,6,1.0,Delfzijl - Groningen,infrastructure,seinstoring,0
61483,11,Friday,8,0,9,1.0,Groningen - Leeuwarden,infrastructure,wisselstoring,1
61484,13,Friday,8,0,5,2.0,Eindhoven - Roermond,infrastructure,overwegstoring,1
61485,14,Friday,8,0,5,1.0,Maastricht - Sittard,rolling stock,defecte trein,0
61486,18,Friday,8,0,2,1.0,Breda - Rotterdam Centraal (HSL),rolling stock,defecte trein,0
61488,19,Friday,8,0,4,1.0,Alkmaar - Amsterdam Centraal,rolling stock,defecte trein,0
61489,20,Friday,8,0,4,1.0,Apeldoorn - Deventer,unknown,technisch onderzoek,0
61491,20,Friday,8,0,2,1.0,Leiden Centraal - Schiphol Airport,rolling stock,defecte trein,0
61492,23,Friday,8,0,4,1.0,Den Haag HS - Rotterdam Centraal,rolling stock,defecte trein,1
61493,0,Saturday,8,1,3,1.0,'s-Hertogenbosch - Utrecht Centraal,accidents,aanrijding,0
61494,7,Saturday,8,1,9,1.0,'s-Hertogenbosch - Utrecht Centraal,infrastructure,defect spoor,1
61495,9,Saturday,8,1,4,1.0,Aachen Hbf - Heerlen,rolling stock,defecte trein,0
61496,14,Saturday,8,1,4,1.0,Leiden Centraal - Schiphol Airport,infrastructure,defecte spoorbrug,1
61497,15,Saturday,8,1,6,1.0,Den Haag Centraal - Leiden Centraal,infrastructure,defecte spoorbrug,1
61498,16,Saturday,8,1,2,1.0,Amsterdam Centraal - Woerden,infrastructure,defect spoor,1
61500,18,Saturday,8,1,5,1.0,Dordrecht - Rotterdam Centraal,external,persoon op het spoor,0
61501,18,Saturday,8,1,2,1.0,Breda - Rotterdam Centraal (HSL),external,persoon op het spoor,0
61502,19,Saturday,8,1,2,1.0,Hengelo - Zutphen,rolling stock,defecte trein,0
61503,20,Saturday,8,1,2,1.0,'s-Hertogenbosch - Tilburg,accidents,aanrijding,0
61504,0,Sunday,8,1,8,1.0,Arnhem Centraal - Zutphen,external,inzet van hulpdiensten,1
61505,6,Sunday,8,1,9,1.0,Leeuwarden - Stavoren,infrastructure,seinstoring,0
61508,8,Sunday,8,1,5,1.0,Almere Oostvaarders - Utrecht Centraal,accidents,aanrijding,1
61509,10,Sunday,8,1,4,1.0,Arnhem Centraal - Utrecht Centraal,external,persoon op het spoor,0
61510,11,Sunday,8,1,3,1.0,Alkmaar - Den Helder,infrastructure,seinstoring,1
61511,15,Sunday,8,1,5,2.0,Amsterdam Centraal - Schiphol Airport,rolling stock,defecte trein,1
61512,15,Sunday,8,1,2,1.0,Breda - Rotterdam Centraal (HSL),rolling stock,defecte trein,0
61513,16,Sunday,8,1,6,2.0,Almelo - Deventer,infrastructure,systeemstoring,0
61514,16,Sunday,8,1,2,1.0,Lelystad Centrum - Zwolle,rolling stock,defecte trein,0
61516,5,Monday,8,0,5,3.0,Berlin Ostbahnhof - Hengelo,rolling stock,beperkingen in de materieelinzet,1
61518,7,Monday,8,0,3,4.0,Amersfoort - Schiphol Airport,rolling stock,defecte trein,1
61519,7,Monday,8,0,15,3.0,Den Haag Centraal - Den Haag HS,rolling stock,defecte trein,0
61520,7,Monday,8,0,10,1.0,Heerlen - Maastricht,rolling stock,beperkingen in de materieelinzet,1
61521,7,Monday,8,0,2,4.0,Groningen - Leeuwarden,infrastructure,stroomstoring,1
61522,7,Monday,8,0,8,1.0,Dordrecht - Rotterdam Centraal,rolling stock,defecte trein,0
61524,8,Monday,8,0,3,1.0,Haarlem - Zandvoort aan Zee,rolling stock,defecte trein,0
61525,9,Monday,8,0,9,1.0,'s-Hertogenbosch - Utrecht Centraal,infrastructure,defect spoor,1
61526,9,Monday,8,0,11,1.0,Amsterdam Centraal - Utrecht Centraal,infrastructure,defect spoor,1
61528,11,Monday,8,0,2,1.0,Nijmegen - Venlo,infrastructure,seinstoring,1
61529,13,Monday,8,0,2,1.0,Amersfoort - Zwolle,rolling stock,defecte trein,0
61530,14,Monday,8,0,3,1.0,Baarn - Utrecht Centraal,rolling stock,defecte trein,0
61532,16,Monday,8,0,2,3.0,Den Haag Centraal - Den Haag HS,external,persoon op het spoor,0
61533,20,Monday,8,0,5,1.0,Arnhem Centraal - Nijmegen,engineering work,herstelwerkzaamheden,1
61534,21,Monday,8,0,2,1.0,Amsterdam Centraal - Hoorn,external,persoon op het spoor,0
61535,21,Monday,8,0,2,1.0,'s-Hertogenbosch - Tilburg,rolling stock,defecte trein,0
61537,8,Tuesday,8,0,6,1.0,Rotterdam Centraal - Utrecht Centraal,rolling stock,defecte trein,1
61539,10,Tuesday,8,0,4,1.0,Alkmaar - Amsterdam Centraal,infrastructure,defecte bovenleiding,0
61540,15,Tuesday,8,0,2,1.0,Amersfoort - Apeldoorn,external,persoon op het spoor,0
61541,16,Tuesday,8,0,4,1.0,Apeldoorn - Deventer,rolling stock,gestrande trein,1
61542,17,Tuesday,8,0,6,1.0,Dordrecht - Roosendaal,rolling stock,defecte trein,0
61543,18,Tuesday,8,0,3,1.0,Liège-Guillemins - Maastricht,rolling stock,defecte trein,1
61544,20,Tuesday,8,0,2,1.0,Heerlen - Sittard,rolling stock,defecte trein,0
61546,8,Wednesday,8,0,3,1.0,Nijmegen - Venlo,rolling stock,defecte trein,0
61547,9,Wednesday,8,0,9,1.0,'s-Hertogenbosch - Utrecht Centraal,unknown,technisch onderzoek,1
61548,10,Wednesday,8,0,2,2.0,Amsterdam Centraal - Lelystad Centrum,rolling stock,defecte trein,1
61549,10,Wednesday,8,0,4,1.0,Lelystad Centrum - Zwolle,rolling stock,defecte trein,0
61550,11,Wednesday,8,0,3,1.0,'s-Hertogenbosch - Utrecht Centraal,external,hinder op het spoor,0
61551,12,Wednesday,8,0,9,1.0,'s-Hertogenbosch - Utrecht Centraal,infrastructure,defect spoor,1
61552,13,Wednesday,8,0,7,1.0,Den Haag HS - Rotterdam Centraal,rolling stock,defecte trein,0
61555,13,Wednesday,8,0,8,1.0,Dordrecht - Rotterdam Centraal,external,inzet van hulpdiensten,0
61556,14,Wednesday,8,0,8,2.0,Bielefeld Hbf - Hengelo,staff,problemen met de personeelsinzet,1
61557,15,Wednesday,8,0,3,1.0,Leeuwarden - Zwolle,accidents,aanrijding,1
61558,21,Wednesday,8,0,3,1.0,Nijmegen - Venlo,accidents,aanrijding,1
61560,9,Thursday,8,0,5,1.0,Aachen Hbf - Heerlen,rolling stock,defecte trein,0
61561,10,Thursday,8,0,5,1.0,Heerlen - Maastricht,infrastructure,defecte bovenleiding,1
61562,10,Thursday,8,0,8,2.0,Bielefeld Hbf - Hengelo,logistical,problemen op het spoor in het buitenland,1
61564,10,Thursday,8,0,6,1.0,Eindhoven - Venlo,rolling stock,defecte trein,0
61565,11,Thursday,8,0,3,2.0,Amersfoort - Amsterdam Centraal,engineering work,herstelwerkzaamheden,1
61568,13,Thursday,8,0,3,1.0,Haarlem - Leiden Centraal,infrastructure,wisselstoring,1
61569,13,Thursday,8,0,6,1.0,Den Haag Centraal - Leiden Centraal,infrastructure,seinstoring,0
61570,15,Thursday,8,0,3,1.0,Haarlem - Leiden Centraal,infrastructure,seinstoring,1
61571,16,Thursday,8,0,6,1.0,Den Haag Centraal - Leiden Centraal,infrastructure,seinstoring,0
61572,18,Thursday,8,0,4,1.0,Amsterdam Centraal - Hoorn,rolling stock,defecte trein,0
61574,21,Thursday,8,0,2,1.0,Amersfoort - Utrecht Centraal,rolling stock,defecte trein,0
61575,23,Thursday,8,0,6,1.0,Alphen a/d Rijn - Gouda,external,vandalisme,0
61578,13,Friday,8,0,4,1.0,Dordrecht - Roosendaal,rolling stock,defecte trein,0
61579,14,Friday,8,0,4,1.0,Apeldoorn - Deventer,rolling stock,defecte trein,0
61580,17,Friday,8,0,7,1.0,Heerlen - Sittard,rolling stock,defecte trein,0
61581,17,Friday,8,0,4,1.0,Apeldoorn - Deventer,unknown,technisch onderzoek,1
61582,20,Friday,8,0,2,1.0,Amersfoort - Zwolle,rolling stock,defecte trein,1
61583,20,Friday,8,0,3,2.0,Breda - Dordrecht,infrastructure,seinstoring,0
61584,20,Friday,8,0,2,1.0,'s-Hertogenbosch - Tilburg,rolling stock,defecte trein,1
61585,20,Friday,8,0,3,2.0,'s-Hertogenbosch - Utrecht Centraal,unknown,technisch onderzoek,1
61586,20,Friday,8,0,4,1.0,Breda - Tilburg,rolling stock,defecte trein,1
61588,3,Saturday,8,1,6,1.0,Aachen Hbf - Heerlen,staff,problemen met de personeelsinzet,1
61589,6,Saturday,8,1,2,1.0,Rotterdam Centraal - Schiphol Airport (HSL),rolling stock,defecte trein,0
61592,9,Saturday,8,1,9,1.0,Hamm (Westf.) - Venlo,staff,problemen met de personeelsinzet,1
61594,14,Saturday,8,1,3,1.0,Groningen - Veendam,rolling stock,defecte trein,0
61595,16,Saturday,8,1,2,1.0,Deventer - Zutphen,external,bermbrand,0
61596,16,Saturday,8,1,5,1.0,Breda - Tilburg,external,mensen op het spoor,0
61597,16,Saturday,8,1,2,1.0,Hengelo - Zutphen,external,bermbrand,0
61598,17,Saturday,8,1,3,1.0,Emmen - Zwolle,infrastructure,seinstoring,0
61603,19,Saturday,8,1,3,1.0,Arnhem Centraal - Utrecht Centraal,rolling stock,gestrande trein,0
61604,21,Saturday,8,1,2,2.0,Groningen - Zwolle,rolling stock,defecte trein,0
61605,17,Sunday,8,1,11,1.0,Amersfoort - Zwolle,infrastructure,seinstoring,1
61606,17,Sunday,8,1,2,1.0,Lelystad Centrum - Zwolle,infrastructure,seinstoring,1
61608,18,Sunday,8,1,2,1.0,'s-Hertogenbosch - Tilburg,rolling stock,defecte trein,0
61609,5,Monday,8,0,3,1.0,Amersfoort - Zwolle,external,koperdiefstal,1
61610,5,Monday,8,0,2,1.0,Lelystad Centrum - Zwolle,external,koperdiefstal,1
61611,5,Monday,8,0,7,1.0,Alphen a/d Rijn - Gouda,infrastructure,stroomstoring,1
61612,6,Monday,8,0,2,1.0,Hamm (Westf.) - Venlo,staff,problemen met de personeelsinzet,1
61613,6,Monday,8,0,4,1.0,Almelo - Hengelo,infrastructure,seinstoring,1
61614,6,Monday,8,0,3,1.0,Enschede - Hengelo,infrastructure,seinstoring,1
61615,8,Monday,8,0,7,1.0,Nijmegen - Venlo,staff,problemen met de personeelsinzet,1
61616,9,Monday,8,0,9,2.0,Den Haag Centraal - Leiden Centraal,infrastructure,seinstoring,1
61618,10,Monday,8,0,4,3.0,Berlin Ostbahnhof - Hengelo,rolling stock,beperkingen in de materieelinzet,1
61619,10,Monday,8,0,2,2.0,Amersfoort - Amsterdam Centraal,infrastructure,seinstoring,0
61620,11,Monday,8,0,9,2.0,Den Haag Centraal - Leiden Centraal,infrastructure,seinstoring,1
61621,13,Monday,8,0,6,1.0,Aachen Hbf - Heerlen,rolling stock,defecte trein,0
61622,14,Monday,8,0,6,1.0,Groningen - Eemshaven,infrastructure,seinstoring,0
61623,14,Monday,8,0,3,1.0,Leeuwarden - Zwolle,infrastructure,defecte spoorbrug,1
61624,15,Monday,8,0,4,1.0,Almelo - Hengelo,unknown,technisch onderzoek,0
61625,15,Monday,8,0,3,1.0,Leiden Centraal - Utrecht Centraal,logistical,eerdere verstoring,0
61626,17,Monday,8,0,3,2.0,Amsterdam Centraal - Utrecht Centraal,rolling stock,defecte trein,0
61627,17,Monday,8,0,2,2.0,Amsterdam Centraal - Utrecht Centraal,rolling stock,defecte trein,1
61628,18,Monday,8,0,2,1.0,Alkmaar - Den Helder,accidents,aanrijding,1
61629,19,Monday,8,0,4,1.0,Amersfoort - Ede-Wageningen,rolling stock,defecte trein,0
61630,19,Monday,8,0,5,2.0,Amersfoort - Apeldoorn,rolling stock,defecte trein,0
61631,20,Monday,8,0,6,1.0,Harlingen Haven - Leeuwarden,external,inzet van hulpdiensten,1
61633,21,Monday,8,0,8,1.0,Dordrecht - Rotterdam Centraal,accidents,aanrijding,0
61635,5,Tuesday,8,0,10,1.0,Heerlen - Maastricht,rolling stock,beperkingen in de materieelinzet,1
61636,5,Tuesday,8,0,5,2.0,Amersfoort - Apeldoorn,engineering work,uitloop van werkzaamheden,1
61637,5,Tuesday,8,0,5,1.0,Amersfoort - Ede-Wageningen,engineering work,uitloop van werkzaamheden,1
61638,6,Tuesday,8,0,3,1.0,Tiel - Utrecht Centraal,infrastructure,sein- en wisselstoring,0
61640,10,Tuesday,8,0,3,1.0,Breda - Dordrecht,infrastructure,wisselstoring,0
61641,11,Tuesday,8,0,3,1.0,Breda - Dordrecht,unknown,technisch onderzoek,1
61642,12,Tuesday,8,0,5,2.0,Amersfoort - Apeldoorn,infrastructure,sein-en overwegstoring,1
61643,12,Tuesday,8,0,4,1.0,Amersfoort - Ede-Wageningen,infrastructure,sein-en overwegstoring,1
61644,12,Tuesday,8,0,6,1.0,Alphen a/d Rijn - Gouda,rolling stock,defecte trein,0
61646,14,Tuesday,8,0,4,3.0,Almere Oostvaarders - Utrecht Centraal,infrastructure,defecte bovenleiding,1
61647,14,Tuesday,8,0,7,2.0,Groningen - Bad Nieuweschans,infrastructure,sein- en wisselstoring,1
61648,16,Tuesday,8,0,2,1.0,Rotterdam Centraal - Schiphol Airport (HSL),external,persoon op het spoor,0
61649,18,Tuesday,8,0,3,1.0,Arnhem Centraal - Zutphen,accidents,aanrijding,1
61650,21,Tuesday,8,0,2,4.0,Almere Oostvaarders - Utrecht Centraal,rolling stock,defecte trein,0
61651,22,Tuesday,8,0,3,1.0,Arnhem Centraal - Nijmegen,rolling stock,defecte trein,0
61652,23,Tuesday,8,0,5,1.0,Nijmegen - Venlo,external,rommel op het spoor,0
61653,5,Wednesday,8,0,5,2.0,Amersfoort - Apeldoorn,infrastructure,sein- en wisselstoring,1
61654,5,Wednesday,8,0,5,1.0,Amersfoort - Ede-Wageningen,infrastructure,sein- en wisselstoring,1
61655,6,Wednesday,8,0,7,2.0,Groningen - Bad Nieuweschans,infrastructure,seinstoring,1
61657,8,Wednesday,8,0,2,1.0,Eindhoven - Venlo,rolling stock,gestrande trein,1
61659,10,Wednesday,8,0,2,1.0,Groningen - Leeuwarden,infrastructure,defecte spoorbrug,1
61661,11,Wednesday,8,0,4,2.0,Amsterdam Centraal - Utrecht Centraal,rolling stock,gestrande trein,0
61663,11,Wednesday,8,0,10,1.0,Amsterdam Centraal - Woerden,external,persoon op het spoor,1
61664,11,Wednesday,8,0,4,2.0,Arnhem Centraal - Utrecht Centraal,external,persoon op het spoor,0
61665,11,Wednesday,8,0,14,2.0,'s-Hertogenbosch - Eindhoven,external,persoon op het spoor,0
61666,11,Wednesday,8,0,7,1.0,Arnhem Centraal - Utrecht Centraal,external,persoon op het spoor,0
61668,12,Wednesday,8,0,2,1.0,Roermond - Venlo,rolling stock,defecte trein,0
61669,14,Wednesday,8,0,3,1.0,Haarlem - Zandvoort aan Zee,accidents,beschadigde spoorbrug,0
61670,14,Wednesday,8,0,4,1.0,Arnhem Centraal - Utrecht Centraal,infrastructure,stroomstoring,1
61671,15,Wednesday,8,0,2,1.0,Rhenen - Utrecht Centraal,infrastructure,stroomstoring,1
61672,15,Wednesday,8,0,6,1.0,Den Haag Centraal - Leiden Centraal,infrastructure,stroomstoring,1
61673,15,Wednesday,8,0,7,2.0,Amsterdam Centraal - Utrecht Centraal,infrastructure,stroomstoring,1
61674,15,Wednesday,8,0,5,1.0,Leiden Centraal - Schiphol Airport,infrastructure,stroomstoring,1
61675,17,Wednesday,8,0,4,1.0,Arnhem Centraal - Utrecht Centraal,infrastructure,stroomstoring,1
61676,18,Wednesday,8,0,6,1.0,Rhenen - Utrecht Centraal,infrastructure,stroomstoring,1
61677,18,Wednesday,8,0,16,3.0,Amsterdam Centraal - Utrecht Centraal,infrastructure,stroomstoring,1
61678,18,Wednesday,8,0,5,1.0,Leiden Centraal - Schiphol Airport,infrastructure,stroomstoring,1
61679,18,Wednesday,8,0,6,1.0,Den Haag Centraal - Leiden Centraal,infrastructure,stroomstoring,1
61681,19,Wednesday,8,0,6,1.0,Groningen - Eemshaven,rolling stock,defecte trein,0
61682,6,Thursday,8,0,11,1.0,Roosendaal - Vlissingen,infrastructure,wisselstoring,1
61683,6,Thursday,8,0,2,1.0,Breda - Tilburg,rolling stock,defecte trein,0
61684,6,Thursday,8,0,2,1.0,Roermond - Venlo,rolling stock,defecte trein,0
61685,8,Thursday,8,0,4,1.0,Almelo - Hengelo,rolling stock,defecte trein,0
61686,8,Thursday,8,0,2,1.0,Breda - Rotterdam Centraal (HSL),rolling stock,defecte trein,0
61687,9,Thursday,8,0,8,1.0,Dordrecht - Rotterdam Centraal,infrastructure,defect spoor,1
61688,10,Thursday,8,0,24,3.0,'s-Hertogenbosch - Eindhoven,infrastructure,defect spoor,1
61690,11,Thursday,8,0,3,4.0,Amersfoort - Schiphol Airport,rolling stock,defecte trein,1
61691,12,Thursday,8,0,15,3.0,Den Haag Centraal - Den Haag HS,rolling stock,defecte trein,0
61692,12,Thursday,8,0,6,1.0,Eindhoven - Venlo,rolling stock,defecte trein,0
61693,13,Thursday,8,0,3,1.0,Eindhoven - Tilburg,rolling stock,gestrande trein,0
61694,13,Thursday,8,0,4,1.0,Roermond - Sittard,infrastructure,sein-en overwegstoring,0
61695,15,Thursday,8,0,4,1.0,Roermond - Sittard,infrastructure,seinstoring,1
61696,16,Thursday,8,0,5,1.0,Breda - Tilburg,unknown,technisch onderzoek,1
61697,16,Thursday,8,0,4,1.0,Apeldoorn - Deventer,infrastructure,seinstoring,1
61699,18,Thursday,8,0,7,2.0,Den Haag Centraal - Utrecht Centraal,unknown,technisch onderzoek,0
61700,20,Thursday,8,0,5,1.0,Eindhoven - Roermond,rolling stock,defecte trein,0
61701,22,Thursday,8,0,2,1.0,Antwerpen-Centraal - Breda (HSL),logistical,problemen op het spoor in het buitenland,1
61703,8,Friday,8,0,5,1.0,Leiden Centraal - Schiphol Airport,external,inzet van de politie,0
61705,11,Friday,8,0,3,1.0,Haarlem - Zandvoort aan Zee,rolling stock,defecte trein,0
61706,11,Friday,8,0,4,1.0,Amsterdam Centraal - Haarlem,rolling stock,defecte trein,0
61708,13,Friday,8,0,4,1.0,Amsterdam Centraal - Hoorn,rolling stock,defecte trein,0
61709,13,Friday,8,0,4,1.0,Amsterdam Centraal - Hoorn,rolling stock,defecte trein,0
61710,14,Friday,8,0,4,1.0,Arnhem Centraal - Utrecht Centraal,unknown,technisch onderzoek,1
61711,16,Friday,8,0,9,1.0,Groningen - Leeuwarden,unknown,technisch onderzoek,1
61712,17,Friday,8,0,4,1.0,Almelo - Deventer,infrastructure,overwegstoring,0
61713,17,Friday,8,0,3,1.0,'s-Hertogenbosch - Utrecht Centraal,unknown,technisch onderzoek,0
61714,17,Friday,8,0,2,1.0,Rotterdam Centraal - Schiphol Airport (HSL),rolling stock,gestrande trein,0
61715,17,Friday,8,0,4,3.0,Amsterdam Centraal - Utrecht Centraal,external,inzet van hulpdiensten,0
61717,21,Friday,8,0,4,3.0,Amsterdam Centraal - Utrecht Centraal,rolling stock,defecte trein,0
61718,0,Saturday,8,1,2,1.0,Almelo - Zwolle,external,inzet van hulpdiensten,1
61719,8,Saturday,8,1,3,1.0,Breda - Roosendaal,rolling stock,defecte trein,0
61720,12,Saturday,8,1,3,1.0,Amersfoort - Zwolle,accidents,aanrijding,1
61721,16,Saturday,8,1,3,1.0,Haarlem - Zandvoort aan Zee,external,persoon op het spoor,0
61722,17,Saturday,8,1,3,2.0,Antwerpen-Centraal - Breda (HSL),external,brandmelding,0
61723,18,Saturday,8,1,2,7.0,Amersfoort - Schiphol Airport,external,persoon op het spoor,1
61725,20,Saturday,8,1,3,1.0,Breda - Roosendaal,rolling stock,defecte trein,0
61726,20,Saturday,8,1,3,1.0,'s-Hertogenbosch - Utrecht Centraal,rolling stock,defecte trein,0
61727,21,Saturday,8,1,3,1.0,Haarlem - Zandvoort aan Zee,external,vandalisme,0
61728,7,Sunday,8,1,10,1.0,Heerlen - Maastricht,rolling stock,beperkingen in de materieelinzet,1
61729,7,Sunday,8,1,8,2.0,Bielefeld Hbf - Hengelo,rolling stock,beperkingen in de materieelinzet,1
61730,8,Sunday,8,1,3,1.0,Eindhoven - Tilburg,rolling stock,defecte trein,0
61731,8,Sunday,8,1,7,1.0,Alphen a/d Rijn - Gouda,staff,problemen met de personeelsinzet,1
61732,11,Sunday,8,1,6,1.0,Hamm (Westf.) - Venlo,logistical,problemen op het spoor in het buitenland,1
61733,12,Sunday,8,1,2,1.0,Nijmegen - Venlo,infrastructure,seinstoring,1
61734,12,Sunday,8,1,2,1.0,Leiden Centraal - Utrecht Centraal,rolling stock,defecte trein,0
61735,15,Sunday,8,1,3,1.0,Arnhem Centraal - Utrecht Centraal,external,inzet van de politie,0
61736,17,Sunday,8,1,2,4.0,Alkmaar - Amsterdam Centraal,rolling stock,defecte trein,0
61737,17,Sunday,8,1,7,1.0,Arnhem Centraal - Utrecht Centraal,unknown,technisch onderzoek,0
61738,17,Sunday,8,1,3,1.0,Haarlem - Zandvoort aan Zee,rolling stock,defecte trein,0
61741,22,Sunday,8,1,5,1.0,Amersfoort - Zwolle,external,brandmelding,0
61742,7,Monday,9,0,4,2.0,'s-Hertogenbosch - Utrecht Centraal,rolling stock,defecte trein,0
61743,8,Monday,9,0,5,3.0,Almere Oostvaarders - Utrecht Centraal,rolling stock,defecte trein,0
61745,9,Monday,9,0,4,1.0,Leiden Centraal - Schiphol Airport,infrastructure,defecte spoorbrug,1
61746,10,Monday,9,0,6,1.0,Den Haag Centraal - Leiden Centraal,infrastructure,defecte spoorbrug,0
61747,10,Monday,9,0,5,3.0,Almere Oostvaarders - Utrecht Centraal,rolling stock,defecte trein,0
61748,10,Monday,9,0,9,1.0,Amersfoort - Schiphol Airport,infrastructure,defect spoor,0
61749,10,Monday,9,0,4,1.0,'s-Hertogenbosch - Nijmegen,rolling stock,defecte trein,0
61750,11,Monday,9,0,8,2.0,Amsterdam Centraal - Utrecht Centraal,rolling stock,defecte trein,0
61751,12,Monday,9,0,5,1.0,Amsterdam Centraal - Hoorn,external,inzet van hulpdiensten,0
61753,12,Monday,9,0,3,1.0,Almere Oostvaarders - Utrecht Centraal,infrastructure,sein- en wisselstoring,1
61754,12,Monday,9,0,5,2.0,Amersfoort - Amsterdam Centraal,infrastructure,sein- en wisselstoring,1
61755,12,Monday,9,0,4,3.0,Berlin Ostbahnhof - Hengelo,logistical,problemen op het spoor in het buitenland,1
61756,12,Monday,9,0,9,1.0,'s-Hertogenbosch - Utrecht Centraal,unknown,technisch onderzoek,0
61757,13,Monday,9,0,2,1.0,Breda - Rotterdam Centraal (HSL),rolling stock,defecte trein,0
61758,13,Monday,9,0,3,2.0,'s-Hertogenbosch - Utrecht Centraal,rolling stock,defecte trein,1
61759,13,Monday,9,0,4,1.0,Eindhoven - Venlo,rolling stock,defecte trein,0
61760,13,Monday,9,0,11,1.0,Amsterdam Centraal - Utrecht Centraal,rolling stock,defecte trein,1
61761,14,Monday,9,0,2,7.0,Amersfoort - Schiphol Airport,accidents,aanrijding,1
61762,15,Monday,9,0,13,1.0,Lelystad Centrum - Schiphol Airport,accidents,aanrijding,1
61763,15,Monday,9,0,2,1.0,Breda - Rotterdam Centraal (HSL),accidents,aanrijding,1
61764,15,Monday,9,0,6,1.0,Den Haag Centraal - Leiden Centraal,accidents,aanrijding,1
61766,17,Monday,9,0,4,1.0,Apeldoorn - Deventer,rolling stock,defecte trein,0
61767,17,Monday,9,0,3,1.0,Enschede - Hengelo,rolling stock,defecte trein,0
61768,18,Monday,9,0,6,1.0,Haarlem - Uitgeest,infrastructure,seinstoring,0
61769,19,Monday,9,0,3,3.0,Arnhem Centraal - Basel SBB,rolling stock,defecte trein,0
61770,21,Monday,9,0,4,1.0,Haarlem - Leiden Centraal,external,inzet van hulpdiensten,0
61771,21,Monday,9,0,6,1.0,Den Haag Centraal - Leiden Centraal,external,inzet van hulpdiensten,0
61773,22,Monday,9,0,2,1.0,Rotterdam Centraal - Schiphol Airport (HSL),rolling stock,defecte trein,0
61775,4,Tuesday,9,0,3,1.0,Enschede - Hengelo,infrastructure,seinstoring,0
61776,5,Tuesday,9,0,2,1.0,Hamm (Westf.) - Venlo,logistical,problemen op het spoor in het buitenland,1
61777,9,Tuesday,9,0,24,3.0,'s-Hertogenbosch - Eindhoven,rolling stock,defecte trein,0
61778,10,Tuesday,9,0,3,5.0,Almere Oostvaarders - Utrecht Centraal,infrastructure,seinstoring,1
61780,11,Tuesday,9,0,3,4.0,Amersfoort - Schiphol Airport,rolling stock,defecte trein,1
61781,11,Tuesday,9,0,8,2.0,Breda - Dordrecht,rolling stock,defecte trein,0
61782,11,Tuesday,9,0,3,2.0,Breda - Dordrecht,rolling stock,defecte trein,0
61783,11,Tuesday,9,0,15,3.0,Den Haag Centraal - Den Haag HS,rolling stock,defecte trein,0
61785,12,Tuesday,9,0,4,1.0,Aachen Hbf - Heerlen,rolling stock,defecte trein,0
61787,13,Tuesday,9,0,5,2.0,Amersfoort - Apeldoorn,infrastructure,wisselstoring,0
61788,15,Tuesday,9,0,5,3.0,Den Haag Centraal - Utrecht Centraal,rolling stock,defecte trein,0
61789,17,Tuesday,9,0,5,2.0,Den Haag Centraal - Leiden Centraal,external,persoon op het spoor,0
61790,17,Tuesday,9,0,3,1.0,'s-Hertogenbosch - Nijmegen,rolling stock,defecte trein,0
61791,18,Tuesday,9,0,2,1.0,'s-Hertogenbosch - Tilburg,infrastructure,defecte bovenleiding,1
61792,18,Tuesday,9,0,4,1.0,Apeldoorn - Deventer,rolling stock,defecte trein,0
61794,18,Tuesday,9,0,5,1.0,Amsterdam Centraal - Haarlem,rolling stock,defecte trein,0
61795,19,Tuesday,9,0,5,1.0,Arnhem Centraal - Nijmegen,rolling stock,gestrande trein,1
61796,19,Tuesday,9,0,3,1.0,Leeuwarden - Zwolle,accidents,aanrijding,1
61797,19,Tuesday,9,0,3,1.0,Eindhoven - Venlo,rolling stock,defecte trein,0
61799,19,Tuesday,9,0,5,1.0,Schiphol Airport - Utrecht Centraal,external,persoon op het spoor,1
61800,19,Tuesday,9,0,4,1.0,Leiden Centraal - Schiphol Airport,rolling stock,defecte trein,0
61801,20,Tuesday,9,0,5,1.0,Leiden Centraal - Schiphol Airport,external,persoon op het spoor,0
61802,20,Tuesday,9,0,2,1.0,Rotterdam Centraal - Schiphol Airport (HSL),external,persoon op het spoor,0
61803,22,Tuesday,9,0,5,1.0,Maastricht - Sittard,rolling stock,gestrande trein,1
61804,0,Wednesday,9,0,3,1.0,Amsterdam Centraal - Hoorn,rolling stock,gestrande trein,1
61806,7,Wednesday,9,0,2,1.0,Breda - Rotterdam Centraal (HSL),rolling stock,defecte trein,1
61807,8,Wednesday,9,0,3,2.0,Breda - Dordrecht,rolling stock,defecte trein,1
61808,8,Wednesday,9,0,15,3.0,Den Haag Centraal - Den Haag HS,rolling stock,defecte trein,1
61809,12,Wednesday,9,0,3,4.0,Amersfoort - Schiphol Airport,rolling stock,gestrande trein,1
61810,12,Wednesday,9,0,3,2.0,Amersfoort - Schiphol Airport,rolling stock,defecte trein,0
61811,14,Wednesday,9,0,10,1.0,'s-Hertogenbosch - Nijmegen,infrastructure,wisselstoring,1
61812,14,Wednesday,9,0,5,1.0,Arnhem Centraal - Nijmegen,infrastructure,wisselstoring,1
61813,15,Wednesday,9,0,5,1.0,Leiden Centraal - Utrecht Centraal,infrastructure,defect spoor,1
61814,16,Wednesday,9,0,4,2.0,Amersfoort - Schiphol Airport,rolling stock,gestrande trein,0
61815,17,Wednesday,9,0,5,1.0,Leiden Centraal - Schiphol Airport,rolling stock,defecte trein,0
61816,20,Wednesday,9,0,3,1.0,Eindhoven - Roermond,rolling stock,defecte trein,0
61819,23,Wednesday,9,0,4,1.0,Eindhoven - Roermond,rolling stock,gestrande trein,0
61820,7,Thursday,9,0,2,1.0,Roermond - Venlo,rolling stock,gestrande trein,0
61821,7,Thursday,9,0,10,1.0,Heerlen - Maastricht,rolling stock,beperkingen in de materieelinzet,1
61822,7,Thursday,9,0,3,1.0,Deventer - Zwolle,infrastructure,sein- en wisselstoring,1
61823,7,Thursday,9,0,2,1.0,Emmen - Zwolle,infrastructure,defect spoor,0
61824,13,Thursday,9,0,7,3.0,Arnhem Centraal - Basel SBB,logistical,problemen op het spoor in het buitenland,1
61825,14,Thursday,9,0,4,1.0,'s-Hertogenbosch - Nijmegen,infrastructure,seinstoring,0
61827,15,Thursday,9,0,8,1.0,Leeuwarden - Zwolle,external,persoon op het spoor,0
61828,15,Thursday,9,0,6,1.0,'s-Hertogenbosch - Nijmegen,unknown,technisch onderzoek,0
61829,16,Thursday,9,0,3,1.0,Leiden Centraal - Utrecht Centraal,rolling stock,defecte trein,1
61830,18,Thursday,9,0,2,1.0,Breda - Rotterdam Centraal (HSL),rolling stock,defecte trein,0
61831,19,Thursday,9,0,5,1.0,Amsterdam Centraal - Haarlem,infrastructure,seinstoring,0
61832,21,Thursday,9,0,3,1.0,Winterswijk - Zutphen,infrastructure,seinstoring,1
61833,22,Thursday,9,0,2,1.0,Breda - Rotterdam Centraal (HSL),accidents,aanrijding,1
61834,22,Thursday,9,0,15,3.0,Den Haag Centraal - Den Haag HS,accidents,aanrijding,1
61835,22,Thursday,9,0,3,2.0,Breda - Dordrecht,accidents,aanrijding,1
61836,23,Thursday,9,0,4,1.0,Roermond - Sittard,rolling stock,gestrande trein,0
61838,7,Friday,9,0,5,1.0,'s-Hertogenbosch - Nijmegen,rolling stock,defecte trein,0
61839,8,Friday,9,0,2,1.0,Breda - Rotterdam Centraal (HSL),rolling stock,defecte trein,0
61840,8,Friday,9,0,2,2.0,Berlin Ostbahnhof - Hengelo,logistical,problemen op het spoor in het buitenland,1
61841,9,Friday,9,0,5,3.0,Almere Oostvaarders - Utrecht Centraal,accidents,aanrijding,0
61842,9,Friday,9,0,4,1.0,Leeuwarden - Stavoren,infrastructure,seinstoring,1
61843,9,Friday,9,0,6,1.0,Arnhem Centraal - Zutphen,infrastructure,seinstoring,1
61844,10,Friday,9,0,5,4.0,Arnhem Centraal - Basel SBB,infrastructure,seinstoring,0
61845,12,Friday,9,0,5,1.0,Eindhoven - Roermond,rolling stock,defecte trein,1
61846,12,Friday,9,0,4,2.0,'s-Hertogenbosch - Eindhoven,rolling stock,defecte trein,0
61848,18,Friday,9,0,9,1.0,'s-Hertogenbosch - Utrecht Centraal,unknown,technisch onderzoek,1
61849,20,Friday,9,0,9,1.0,'s-Hertogenbosch - Utrecht Centraal,infrastructure,defect wissel,0
61850,20,Friday,9,0,3,2.0,Antwerpen-Centraal - Breda (HSL),infrastructure,defecte bovenleiding,0
61851,6,Saturday,9,1,8,1.0,Haarlem - Uitgeest,rolling stock,defecte trein,0
61852,7,Saturday,9,1,3,1.0,Hengelo - Zutphen,infrastructure,seinstoring,0
61853,10,Saturday,9,1,2,1.0,Eindhoven - Roermond,rolling stock,defecte trein,0
61854,12,Saturday,9,1,3,1.0,Hengelo - Zutphen,infrastructure,wisselstoring,1
61855,12,Saturday,9,1,2,2.0,Almelo - Deventer,infrastructure,wisselstoring,1
61856,12,Saturday,9,1,4,1.0,Almelo - Hengelo,infrastructure,wisselstoring,1
61857,13,Saturday,9,1,5,3.0,Almelo - Deventer,infrastructure,wisselstoring,0
61858,13,Saturday,9,1,4,1.0,Almelo - Hengelo,infrastructure,wisselstoring,0
61859,13,Saturday,9,1,3,1.0,Hengelo - Zutphen,infrastructure,wisselstoring,0
61862,18,Saturday,9,1,3,1.0,Arnhem Centraal - Zutphen,infrastructure,sein- en wisselstoring,1
61863,18,Saturday,9,1,10,1.0,Schiphol Airport - Utrecht Centraal,accidents,aanrijding,1
61864,18,Saturday,9,1,7,1.0,Arnhem Centraal - Utrecht Centraal,accidents,aanrijding,0
61865,18,Saturday,9,1,5,1.0,Leiden Centraal - Schiphol Airport,logistical,verstoring elders,1
61866,18,Saturday,9,1,6,1.0,Den Haag Centraal - Leiden Centraal,logistical,verstoring elders,1
61868,21,Saturday,9,1,3,4.0,Amersfoort - Schiphol Airport,rolling stock,defecte trein,0
61869,21,Saturday,9,1,15,3.0,Den Haag Centraal - Den Haag HS,rolling stock,defecte trein,0
61870,7,Sunday,9,1,5,1.0,Roermond - Venlo,infrastructure,overwegstoring,1
61871,9,Sunday,9,1,8,2.0,Bielefeld Hbf - Hengelo,rolling stock,beperkingen in de materieelinzet,1
61872,10,Sunday,9,1,4,1.0,Almelo - Hengelo,infrastructure,seinstoring,1
61873,10,Sunday,9,1,2,2.0,Almelo - Deventer,infrastructure,seinstoring,0
61874,10,Sunday,9,1,3,1.0,Hengelo - Zutphen,infrastructure,seinstoring,1
61875,17,Sunday,9,1,10,2.0,Leiden Centraal - Schiphol Airport,infrastructure,wisselstoring,1
61876,18,Sunday,9,1,2,1.0,Antwerpen-Centraal - Roosendaal,logistical,problemen op het spoor in het buitenland,1
61877,21,Sunday,9,1,2,1.0,Rotterdam Centraal - Schiphol Airport (HSL),rolling stock,defecte trein,0
61878,8,Monday,9,0,8,1.0,Dordrecht - Rotterdam Centraal,accidents,aanrijding,1
61879,8,Monday,9,0,2,1.0,Breda - Rotterdam Centraal (HSL),accidents,aanrijding,1
61882,9,Monday,9,0,6,2.0,'s-Hertogenbosch - Tilburg,accidents,aanrijding,0
61883,9,Monday,9,0,5,1.0,Arnhem Centraal - Nijmegen,infrastructure,seinstoring,0
61884,10,Monday,9,0,3,2.0,Amersfoort - Schiphol Airport,rolling stock,defecte trein,0
61885,10,Monday,9,0,2,1.0,Winterswijk - Zutphen,infrastructure,sein- en wisselstoring,1
61886,11,Monday,9,0,2,2.0,Den Haag Centraal - Utrecht Centraal,unknown,technisch onderzoek,1
61887,12,Monday,9,0,5,3.0,Almere Oostvaarders - Utrecht Centraal,rolling stock,defecte trein,0
61888,13,Monday,9,0,5,2.0,Amersfoort - Amsterdam Centraal,rolling stock,defecte trein,0
61889,14,Monday,9,0,8,2.0,Bielefeld Hbf - Hengelo,rolling stock,beperkingen in de materieelinzet,1
61890,14,Monday,9,0,2,1.0,Rotterdam Centraal - Schiphol Airport (HSL),infrastructure,defecte bovenleiding,0
61892,15,Monday,9,0,2,2.0,Liège-Guillemins - Maastricht,rolling stock,defecte trein,0
61893,15,Monday,9,0,4,3.0,Arnhem Centraal - Basel SBB,logistical,problemen op het spoor in het buitenland,1
61895,16,Monday,9,0,5,1.0,Breda - Tilburg,rolling stock,defecte trein,0
61896,17,Monday,9,0,6,1.0,Amsterdam Centraal - Hoorn,accidents,aanrijding,0
61897,20,Monday,9,0,3,1.0,'s-Hertogenbosch - Utrecht Centraal,infrastructure,defecte bovenleiding,1
61898,21,Monday,9,0,2,1.0,'s-Hertogenbosch - Tilburg,rolling stock,defecte trein,0
61899,21,Monday,9,0,7,2.0,Amsterdam Centraal - Utrecht Centraal,infrastructure,defecte bovenleiding,1
61900,7,Tuesday,9,0,2,1.0,Breda - Rotterdam Centraal (HSL),rolling stock,defecte trein,0
61901,7,Tuesday,9,0,6,1.0,Aachen Hbf - Heerlen,logistical,problemen op het spoor in het buitenland,1
61902,7,Tuesday,9,0,3,1.0,'s-Hertogenbosch - Utrecht Centraal,infrastructure,defecte bovenleiding,1
61903,7,Tuesday,9,0,7,2.0,Amsterdam Centraal - Utrecht Centraal,engineering work,uitloop van werkzaamheden,1
61904,8,Tuesday,9,0,5,2.0,Amersfoort - Amsterdam Centraal,rolling stock,defecte trein,0
61905,9,Tuesday,9,0,7,1.0,Heerlen - Sittard,rolling stock,gestrande trein,1
61906,9,Tuesday,9,0,3,1.0,Bielefeld Hbf - Hengelo,logistical,problemen op het spoor in het buitenland,1
61908,9,Tuesday,9,0,10,1.0,Arnhem Centraal - Utrecht Centraal,infrastructure,wisselstoring,1
61909,9,Tuesday,9,0,11,1.0,Amsterdam Centraal - Utrecht Centraal,unknown,meerdere verstoringen,1
61910,10,Tuesday,9,0,5,3.0,Groningen - Bad Nieuweschans,infrastructure,sein- en wisselstoring,0
61912,11,Tuesday,9,0,2,1.0,'s-Hertogenbosch - Tilburg,rolling stock,defecte trein,0
61913,12,Tuesday,9,0,24,3.0,'s-Hertogenbosch - Eindhoven,logistical,eerdere verstoring,1
61914,13,Tuesday,9,0,4,1.0,Roosendaal - Vlissingen,accidents,aanrijding,1
61916,15,Tuesday,9,0,6,3.0,Heerlen - Maastricht,rolling stock,defecte trein,1
61917,15,Tuesday,9,0,2,1.0,Rotterdam Centraal - Schiphol Airport (HSL),rolling stock,defecte trein,0
61918,16,Tuesday,9,0,3,1.0,Arnhem Centraal - Zutphen,rolling stock,defecte trein,0
61919,16,Tuesday,9,0,3,1.0,Baarn - Utrecht Centraal,rolling stock,defecte trein,0
61920,16,Tuesday,9,0,8,1.0,Arnhem Centraal - Zutphen,rolling stock,defecte trein,0
61921,16,Tuesday,9,0,2,1.0,Amersfoort - Zwolle,rolling stock,defecte trein,0
61922,17,Tuesday,9,0,4,1.0,Eindhoven - Venlo,accidents,aanrijding,1
61923,5,Wednesday,9,0,3,1.0,Alkmaar - Hoorn,infrastructure,seinstoring,1
61924,5,Wednesday,9,0,2,1.0,Arnhem Centraal - Winterswijk,accidents,aanrijding,1
61926,7,Wednesday,9,0,5,1.0,Eindhoven - Roermond,accidents,aanrijding,1
61927,8,Wednesday,9,0,2,1.0,Antwerpen-Centraal - Roosendaal,rolling stock,beperkingen in de materieelinzet,1
61928,9,Wednesday,9,0,4,3.0,Berlin Ostbahnhof - Hengelo,rolling stock,beperkingen in de materieelinzet,1
61931,11,Wednesday,9,0,2,1.0,Groningen - Zwolle,accidents,aanrijding,1
61932,11,Wednesday,9,0,5,2.0,Amersfoort - Amsterdam Centraal,infrastructure,wisselstoring,0
61933,12,Wednesday,9,0,2,1.0,Enkhuizen - Hoorn,rolling stock,defecte trein,0
61934,13,Wednesday,9,0,3,2.0,Delfzijl - Groningen,external,persoon op het spoor,0
61935,14,Wednesday,9,0,2,2.0,Amsterdam Centraal - Utrecht Centraal,infrastructure,defecte bovenleiding,1
61936,16,Wednesday,9,0,5,1.0,Maastricht - Sittard,accidents,aanrijding,1
61937,16,Wednesday,9,0,2,2.0,Liège-Guillemins - Maastricht,accidents,aanrijding,1
61938,16,Wednesday,9,0,3,1.0,Breda - Dordrecht,infrastructure,defect spoor,1
61939,17,Wednesday,9,0,5,3.0,Almere Oostvaarders - Utrecht Centraal,external,rommel op het spoor,0
61940,17,Wednesday,9,0,3,1.0,Deventer - Zwolle,infrastructure,seinstoring,1
61941,17,Wednesday,9,0,7,1.0,Leiden Centraal - Utrecht Centraal,logistical,verstoring elders,1
61942,17,Wednesday,9,0,3,1.0,Eindhoven - Tilburg,accidents,aanrijding,1
61943,18,Wednesday,9,0,7,1.0,Den Haag HS - Rotterdam Centraal,infrastructure,seinstoring,1
61944,8,Thursday,9,0,2,3.0,Berlin Ostbahnhof - Hengelo,rolling stock,defecte trein,0
61946,12,Thursday,9,0,7,1.0,Den Haag HS - Rotterdam Centraal,infrastructure,defect spoor,1
61947,13,Thursday,9,0,4,2.0,Arnhem Centraal - Utrecht Centraal,infrastructure,wisselstoring,1
61948,15,Thursday,9,0,2,4.0,'s-Hertogenbosch - Utrecht Centraal,infrastructure,seinstoring,0
61949,16,Thursday,9,0,4,1.0,Roermond - Sittard,infrastructure,defecte bovenleiding,0
61950,16,Thursday,9,0,5,1.0,'s-Hertogenbosch - Nijmegen,rolling stock,defecte trein,0
61951,17,Thursday,9,0,2,1.0,Breda - Rotterdam Centraal (HSL),infrastructure,seinstoring,0
61952,17,Thursday,9,0,3,2.0,Breda - Dordrecht,infrastructure,seinstoring,1
61953,17,Thursday,9,0,2,1.0,Rotterdam Centraal - Schiphol Airport (HSL),infrastructure,seinstoring,0
61954,17,Thursday,9,0,15,3.0,Den Haag Centraal - Den Haag HS,infrastructure,seinstoring,1
61955,18,Thursday,9,0,5,1.0,Dordrecht - Rotterdam Centraal,external,brandmelding,1
61956,18,Thursday,9,0,13,1.0,Lelystad Centrum - Schiphol Airport,infrastructure,seinstoring,1
61958,18,Thursday,9,0,6,2.0,'s-Hertogenbosch - Tilburg,external,brandmelding,1
61959,18,Thursday,9,0,2,1.0,Breda - Rotterdam Centraal (HSL),external,brandmelding,1
61960,19,Thursday,9,0,6,1.0,Heerlen - Maastricht,external,boom op het spoor,1
61961,19,Thursday,9,0,2,1.0,Breda - Rotterdam Centraal (HSL),infrastructure,seinstoring,0
61962,19,Thursday,9,0,2,1.0,Rotterdam Centraal - Schiphol Airport (HSL),infrastructure,seinstoring,0
61964,21,Thursday,9,0,5,1.0,Eindhoven - Roermond,accidents,aanrijding,1
61965,21,Thursday,9,0,4,2.0,'s-Hertogenbosch - Eindhoven,accidents,aanrijding,1
61966,5,Friday,9,0,4,2.0,Arnhem Centraal - Utrecht Centraal,infrastructure,seinstoring,1
61967,5,Friday,9,0,10,1.0,Heerlen - Maastricht,rolling stock,beperkingen in de materieelinzet,1
61969,8,Friday,9,0,4,2.0,Arnhem Centraal - Utrecht Centraal,unknown,technisch onderzoek,1
61971,8,Friday,9,0,11,1.0,Amsterdam Centraal - Utrecht Centraal,rolling stock,defecte trein,0
61972,8,Friday,9,0,8,2.0,Den Haag Centraal - Den Haag HS,infrastructure,seinstoring,1
61973,10,Friday,9,0,5,1.0,Almelo - Deventer,rolling stock,gestrande trein,0
61974,11,Friday,9,0,2,1.0,Alkmaar - Den Helder,infrastructure,wisselstoring,0
61975,12,Friday,9,0,4,2.0,'s-Hertogenbosch - Eindhoven,infrastructure,storing in een tunnel,0
61976,15,Friday,9,0,3,4.0,Almere Oostvaarders - Utrecht Centraal,external,persoon op het spoor,0
61977,16,Friday,9,0,8,1.0,Almere Oostvaarders - Utrecht Centraal,rolling stock,defecte trein,0
61979,17,Friday,9,0,4,1.0,Dordrecht - Roosendaal,rolling stock,defecte trein,0
61980,17,Friday,9,0,4,2.0,Amsterdam Centraal - Utrecht Centraal,rolling stock,defecte trein,0
61981,18,Friday,9,0,6,1.0,Arnhem Centraal - Tiel,rolling stock,defecte trein,0
61982,19,Friday,9,0,2,1.0,'s-Hertogenbosch - Tilburg,infrastructure,sein-en overwegstoring,1
61983,19,Friday,9,0,9,1.0,'s-Hertogenbosch - Utrecht Centraal,rolling stock,defecte trein,1
61984,20,Friday,9,0,7,2.0,Amsterdam Centraal - Utrecht Centraal,rolling stock,defecte trein,1
61985,20,Friday,9,0,2,4.0,'s-Hertogenbosch - Eindhoven,external,mensen op het spoor,0
61986,20,Friday,9,0,2,1.0,Leeuwarden - Zwolle,external,persoon op het spoor,0
61987,21,Friday,9,0,3,1.0,Haarlem - Uitgeest,external,rommel op het spoor,0
61988,22,Friday,9,0,2,4.0,Almelo - Deventer,external,inzet van hulpdiensten,0
61989,6,Saturday,9,1,2,1.0,Amersfoort - Apeldoorn,accidents,aanrijding,1
61991,9,Saturday,9,1,4,1.0,Dordrecht - Roosendaal,infrastructure,defecte spoorbrug,1
61992,10,Saturday,9,1,4,1.0,Eindhoven - Roermond,rolling stock,defecte trein,0
61993,11,Saturday,9,1,4,1.0,Apeldoorn - Deventer,rolling stock,defecte trein,0
61994,12,Saturday,9,1,3,4.0,Amersfoort - Schiphol Airport,rolling stock,defecte trein,1
61995,16,Saturday,9,1,5,1.0,Haarlem - Leiden Centraal,external,inzet van de politie,0
61996,17,Saturday,9,1,2,1.0,Leeuwarden - Zwolle,accidents,aanrijding,0
61998,17,Saturday,9,1,2,1.0,Emmen - Zwolle,infrastructure,seinstoring,1
61999,17,Saturday,9,1,4,1.0,Dordrecht - Roosendaal,unknown,technisch onderzoek,0
62001,20,Saturday,9,1,2,1.0,'s-Hertogenbosch - Tilburg,accidents,aanrijding,1
62002,20,Saturday,9,1,5,1.0,Breda - Tilburg,accidents,aanrijding,1
62003,21,Saturday,9,1,12,1.0,Rotterdam Centraal - Utrecht Centraal,external,vandalisme,0
62004,6,Sunday,9,1,1,5.0,Apeldoorn - Zutphen,infrastructure,stroomstoring,1
62005,9,Sunday,9,1,4,1.0,Dordrecht - Roosendaal,engineering work,herstelwerkzaamheden,1
62007,15,Sunday,9,1,7,1.0,Hamm (Westf.) - Venlo,rolling stock,defecte trein,0
62008,18,Sunday,9,1,3,1.0,'s-Hertogenbosch - Eindhoven,rolling stock,gestrande trein,0
62009,19,Sunday,9,1,3,1.0,Almere Oostvaarders - Utrecht Centraal,external,inzet van hulpdiensten,0
62010,19,Sunday,9,1,8,1.0,Amsterdam Centraal - Lelystad Centrum,external,inzet van hulpdiensten,0
62012,19,Sunday,9,1,2,1.0,Breda - Rotterdam Centraal (HSL),infrastructure,seinstoring,1
62013,20,Sunday,9,1,3,1.0,Roosendaal - Vlissingen,infrastructure,defecte spoorbrug,1
62014,22,Sunday,9,1,4,2.0,Almere Oostvaarders - Utrecht Centraal,rolling stock,gestrande trein,0
62015,5,Monday,9,0,8,2.0,Bielefeld Hbf - Hengelo,staff,problemen met de personeelsinzet,1
62016,6,Monday,9,0,2,1.0,Almelo - Zwolle,external,rommel op het spoor,1
62017,6,Monday,9,0,2,2.0,Groningen - Zwolle,rolling stock,defecte trein,0
62018,6,Monday,9,0,3,1.0,Eindhoven - Venlo,rolling stock,defecte trein,0
62019,6,Monday,9,0,2,1.0,Rhenen - Utrecht Centraal,infrastructure,wisselstoring,0
62021,7,Monday,9,0,6,1.0,Almere Oostvaarders - Utrecht Centraal,infrastructure,seinstoring,0
62022,7,Monday,9,0,6,1.0,Aachen Hbf - Heerlen,staff,problemen met de personeelsinzet,1
62023,8,Monday,9,0,2,2.0,Berlin Ostbahnhof - Hengelo,rolling stock,defecte trein,1
62024,10,Monday,9,0,2,1.0,Rotterdam Centraal - Schiphol Airport (HSL),rolling stock,defecte trein,0
62025,10,Monday,9,0,13,1.0,Lelystad Centrum - Schiphol Airport,rolling stock,defecte trein,0
62026,10,Monday,9,0,3,2.0,Breda - Dordrecht,rolling stock,defecte trein,0
62027,10,Monday,9,0,4,3.0,Amsterdam Centraal - Utrecht Centraal,external,rommel op het spoor,0
62028,11,Monday,9,0,6,1.0,Alphen a/d Rijn - Gouda,infrastructure,seinstoring,1
62029,11,Monday,9,0,5,1.0,Leiden Centraal - Schiphol Airport,rolling stock,defecte trein,0
62030,12,Monday,9,0,5,1.0,Nijmegen - Venlo,external,inzet van hulpdiensten,0
62031,12,Monday,9,0,4,3.0,Amsterdam Centraal - Utrecht Centraal,rolling stock,defecte trein,0
62032,12,Monday,9,0,6,1.0,Alphen a/d Rijn - Gouda,infrastructure,seinstoring,1
62033,12,Monday,9,0,6,1.0,Dordrecht - Roosendaal,external,rommel op het spoor,1
62034,13,Monday,9,0,13,1.0,Den Haag Centraal - Utrecht Centraal,external,voorwerp in de bovenleiding,1
62036,14,Monday,9,0,5,1.0,Arnhem Centraal - Nijmegen,rolling stock,defecte trein,0
62037,14,Monday,9,0,4,1.0,'s-Hertogenbosch - Nijmegen,rolling stock,defecte trein,0
62038,14,Monday,9,0,2,1.0,Leiden Centraal - Utrecht Centraal,infrastructure,defecte spoorbrug,1
62040,14,Monday,9,0,7,1.0,Den Haag HS - Rotterdam Centraal,infrastructure,wisselstoring,1
62041,15,Monday,9,0,3,1.0,Leiden Centraal - Utrecht Centraal,external,rommel op het spoor,0
62042,16,Monday,9,0,5,1.0,Amersfoort - Zwolle,rolling stock,defecte trein,0
62043,17,Monday,9,0,3,1.0,Baarn - Utrecht Centraal,external,hinder op het spoor,0
62044,17,Monday,9,0,13,1.0,Den Haag Centraal - Utrecht Centraal,external,voorwerp in de bovenleiding,1
62045,17,Monday,9,0,7,1.0,Alphen a/d Rijn - Gouda,infrastructure,stroomstoring,1
62046,17,Monday,9,0,2,1.0,Leiden Centraal - Utrecht Centraal,infrastructure,defecte spoorbrug,0
62047,20,Monday,9,0,4,1.0,Groningen - Eemshaven,accidents,aanrijding,1
62048,20,Monday,9,0,11,1.0,Amersfoort - Zwolle,rolling stock,defecte trein,0
62049,23,Monday,9,0,2,1.0,Leiden Centraal - Schiphol Airport,rolling stock,defecte trein,0
62050,4,Tuesday,9,0,13,1.0,Den Haag Centraal - Utrecht Centraal,infrastructure,defecte bovenleiding,1
62051,5,Tuesday,9,0,5,1.0,Apeldoorn - Zutphen,infrastructure,defecte spoorbrug,1
62052,5,Tuesday,9,0,3,1.0,Arnhem Centraal - Zutphen,infrastructure,defecte spoorbrug,1
62053,6,Tuesday,9,0,5,4.0,Arnhem Centraal - Basel SBB,external,rommel op het spoor,1
62054,6,Tuesday,9,0,8,2.0,Bielefeld Hbf - Hengelo,staff,problemen met de personeelsinzet,1
62055,6,Tuesday,9,0,3,3.0,Arnhem Centraal - Basel SBB,external,rommel op het spoor,0
62056,8,Tuesday,9,0,8,1.0,Dordrecht - Geldermalsen,weather,gladde sporen,1
62057,8,Tuesday,9,0,10,1.0,Heerlen - Maastricht,rolling stock,beperkingen in de materieelinzet,1
62058,8,Tuesday,9,0,2,1.0,Amersfoort - Apeldoorn,rolling stock,defecte trein,1
62059,9,Tuesday,9,0,4,1.0,Amersfoort - Ede-Wageningen,rolling stock,defecte trein,1
62060,10,Tuesday,9,0,9,1.0,'s-Hertogenbosch - Utrecht Centraal,rolling stock,gestrande trein,0
62061,11,Tuesday,9,0,3,1.0,Groningen - Zwolle,external,persoon op het spoor,1
62063,14,Tuesday,9,0,2,1.0,Amsterdam Centraal - Woerden,infrastructure,wisselstoring,1
62064,14,Tuesday,9,0,2,2.0,Den Haag Centraal - Utrecht Centraal,infrastructure,wisselstoring,0
62065,14,Tuesday,9,0,2,2.0,Den Haag Centraal - Utrecht Centraal,infrastructure,wisselstoring,1
62067,15,Tuesday,9,0,3,4.0,Amersfoort - Schiphol Airport,rolling stock,defecte trein,0
62068,15,Tuesday,9,0,2,1.0,Amersfoort - Apeldoorn,rolling stock,gestrande trein,0
62069,15,Tuesday,9,0,2,1.0,Hengelo - Zutphen,external,rommel op het spoor,1
62070,16,Tuesday,9,0,4,1.0,Amersfoort - Ede-Wageningen,rolling stock,gestrande trein,0
62071,16,Tuesday,9,0,3,4.0,Amersfoort - Schiphol Airport,rolling stock,defecte trein,0
62072,17,Tuesday,9,0,3,5.0,Alkmaar - Amsterdam Centraal,external,persoon op het spoor,0
62073,20,Tuesday,9,0,2,1.0,Breda - Rotterdam Centraal (HSL),rolling stock,gestrande trein,0
62074,20,Tuesday,9,0,4,1.0,Almelo - Deventer,external,vandalisme,0
62076,22,Tuesday,9,0,8,1.0,Leeuwarden - Zwolle,external,persoon op het spoor,0
62077,23,Tuesday,9,0,2,1.0,Leeuwarden - Zwolle,infrastructure,sein- en wisselstoring,0
62078,5,Wednesday,9,0,2,1.0,Deventer - Zwolle,infrastructure,seinstoring,1
62079,6,Wednesday,9,0,5,1.0,'s-Hertogenbosch - Nijmegen,rolling stock,defecte trein,0
62080,7,Wednesday,9,0,2,1.0,Amersfoort - Apeldoorn,rolling stock,gestrande trein,0
62082,7,Wednesday,9,0,2,2.0,Eindhoven - Venlo,rolling stock,defecte trein,0
62083,7,Wednesday,9,0,2,2.0,Eindhoven - Venlo,rolling stock,defecte trein,0
62084,9,Wednesday,9,0,4,1.0,Dordrecht - Roosendaal,rolling stock,defecte trein,0
62085,10,Wednesday,9,0,8,1.0,Dordrecht - Rotterdam Centraal,infrastructure,defect spoor,1
62086,11,Wednesday,9,0,2,1.0,Dordrecht - Geldermalsen,rolling stock,defecte trein,0
62087,12,Wednesday,9,0,5,3.0,Den Haag Centraal - Utrecht Centraal,rolling stock,defecte trein,0
62088,12,Wednesday,9,0,8,1.0,Dordrecht - Rotterdam Centraal,external,dier op het spoor,0
62092,17,Wednesday,9,0,7,2.0,Den Haag Centraal - Utrecht Centraal,rolling stock,defecte trein,0
62093,20,Wednesday,9,0,3,1.0,Roosendaal - Vlissingen,infrastructure,defecte spoorbrug,1
62094,20,Wednesday,9,0,1,5.0,Apeldoorn - Zutphen,infrastructure,stroomstoring,1
62095,6,Thursday,9,0,9,2.0,Eindhoven - Roermond,rolling stock,defecte trein,0
62096,6,Thursday,9,0,5,1.0,Schiphol Airport - Utrecht Centraal,rolling stock,defecte trein,0
62097,6,Thursday,9,0,13,1.0,Lelystad Centrum - Schiphol Airport,rolling stock,defecte trein,0
62098,6,Thursday,9,0,2,1.0,Rotterdam Centraal - Schiphol Airport (HSL),rolling stock,defecte trein,0
62099,6,Thursday,9,0,5,2.0,Amsterdam Centraal - Schiphol Airport,rolling stock,defecte trein,0
62100,8,Thursday,9,0,4,1.0,Leeuwarden - Stavoren,rolling stock,defecte trein,0
62101,8,Thursday,9,0,8,1.0,Dordrecht - Rotterdam Centraal,external,persoon op het spoor,1
62102,8,Thursday,9,0,4,1.0,Eindhoven - Roermond,rolling stock,defecte trein,0
62103,9,Thursday,9,0,8,1.0,Dordrecht - Rotterdam Centraal,infrastructure,stroomstoring,0
62104,9,Thursday,9,0,7,3.0,Arnhem Centraal - Basel SBB,rolling stock,defecte trein,0
62105,10,Thursday,9,0,2,1.0,Amersfoort - Apeldoorn,unknown,technisch onderzoek,0
62106,12,Thursday,9,0,5,1.0,Roosendaal - Vlissingen,unknown,technisch onderzoek,0
62107,12,Thursday,9,0,2,1.0,Groningen - Eemshaven,unknown,technisch onderzoek,1
62109,14,Thursday,9,0,3,2.0,'s-Hertogenbosch - Utrecht Centraal,unknown,technisch onderzoek,0
62110,14,Thursday,9,0,8,1.0,Dordrecht - Rotterdam Centraal,external,rommel op het spoor,0
62112,15,Thursday,9,0,4,3.0,Almere Oostvaarders - Utrecht Centraal,rolling stock,defecte trein,0
62113,16,Thursday,9,0,4,1.0,Eindhoven - Roermond,rolling stock,defecte trein,0
62114,17,Thursday,9,0,7,1.0,Den Haag HS - Rotterdam Centraal,rolling stock,defecte trein,0
62115,18,Thursday,9,0,2,1.0,Breda - Rotterdam Centraal (HSL),external,brandmelding,1
62116,18,Thursday,9,0,2,1.0,Dordrecht - Geldermalsen,rolling stock,defecte trein,0
62117,18,Thursday,9,0,3,2.0,Breda - Dordrecht,external,brandmelding,1
62118,18,Thursday,9,0,15,3.0,Den Haag Centraal - Den Haag HS,external,brandmelding,1
62119,18,Thursday,9,0,8,1.0,Dordrecht - Rotterdam Centraal,external,brandmelding,1
62120,18,Thursday,9,0,2,1.0,Rotterdam Centraal - Schiphol Airport (HSL),external,brandmelding,0
62121,19,Thursday,9,0,2,2.0,Groningen - Bad Nieuweschans,rolling stock,defecte trein,0
62123,23,Thursday,9,0,2,1.0,Leiden Centraal - Utrecht Centraal,rolling stock,defecte trein,1
62127,7,Friday,9,0,2,1.0,Leeuwarden - Zwolle,infrastructure,wisselstoring,0
62128,8,Friday,9,0,4,1.0,Groningen - Zwolle,rolling stock,defecte trein,0
62129,8,Friday,9,0,3,3.0,Arnhem Centraal - Basel SBB,logistical,problemen op het spoor in het buitenland,1
62130,9,Friday,9,0,3,2.0,Breda - Dordrecht,rolling stock,defecte trein,0
62132,9,Friday,9,0,2,1.0,Leiden Centraal - Utrecht Centraal,infrastructure,defecte spoorbrug,1
62133,10,Friday,9,0,5,1.0,Eindhoven - Roermond,unknown,technisch onderzoek,1
62134,11,Friday,9,0,2,1.0,Leeuwarden - Zwolle,accidents,aanrijding,1
62135,14,Friday,9,0,4,2.0,'s-Hertogenbosch - Eindhoven,rolling stock,defecte trein,0
62136,15,Friday,9,0,2,4.0,Groningen - Bad Nieuweschans,infrastructure,seinstoring,1
62138,17,Friday,9,0,6,1.0,Eindhoven - Venlo,rolling stock,defecte trein,0
62139,17,Friday,9,0,3,1.0,Hengelo - Zutphen,infrastructure,wisselstoring,1
62140,18,Friday,9,0,3,1.0,Enschede - Hengelo,infrastructure,wisselstoring,1
62141,20,Friday,9,0,9,1.0,Leeuwarden - Stavoren,infrastructure,sein- en wisselstoring,0
62142,21,Friday,9,0,5,1.0,Amersfoort - Ede-Wageningen,external,rommel op het spoor,0
62143,6,Saturday,9,1,2,1.0,Eindhoven - Roermond,rolling stock,gestrande trein,0
62144,8,Saturday,9,1,2,3.0,Amersfoort - Schiphol Airport,rolling stock,defecte trein,0
62145,8,Saturday,9,1,2,1.0,Amsterdam Centraal - Hoorn,infrastructure,systeemstoring,1
62147,20,Saturday,9,1,2,1.0,Breda - Rotterdam Centraal (HSL),rolling stock,defecte trein,0
62148,20,Saturday,9,1,2,1.0,Breda - Rotterdam Centraal (HSL),rolling stock,gestrande trein,0
62149,20,Saturday,9,1,2,1.0,Breda - Rotterdam Centraal (HSL),infrastructure,wisselstoring,1
62150,21,Saturday,9,1,2,2.0,Brussel-Zuid/Midi - Rotterdam Centraal (HSL),infrastructure,wisselstoring,0
62151,11,Sunday,9,1,5,1.0,Haarlem - Leiden Centraal,rolling stock,gestrande trein,1
62152,11,Sunday,9,1,10,2.0,Den Haag Centraal - Leiden Centraal,rolling stock,gestrande trein,1
62153,12,Sunday,9,1,2,1.0,Breda - Rotterdam Centraal (HSL),rolling stock,defecte trein,1
62154,15,Sunday,9,1,2,1.0,Roermond - Venlo,rolling stock,gestrande trein,0
62155,17,Sunday,9,1,5,1.0,Haarlem - Leiden Centraal,unknown,technisch onderzoek,1
62156,20,Sunday,9,1,2,1.0,Amsterdam Centraal - Hoorn,unknown,technisch onderzoek,1
62158,1,Monday,9,0,1,6.0,Almelo - Hengelo,engineering work,uitloop van werkzaamheden,1
62159,4,Monday,9,0,4,1.0,Alkmaar - Amsterdam Centraal,infrastructure,seinstoring,0
62160,5,Monday,9,0,4,1.0,Almelo - Mariënberg,infrastructure,seinstoring,1
62161,8,Monday,9,0,2,1.0,Eindhoven - Roermond,accidents,aanrijding,1
62163,8,Monday,9,0,3,4.0,Amersfoort - Schiphol Airport,rolling stock,defecte trein,0
62165,8,Monday,9,0,3,1.0,Amersfoort - Zwolle,rolling stock,defecte trein,0
62168,10,Monday,9,0,4,1.0,'s-Hertogenbosch - Nijmegen,rolling stock,defecte trein,1
62169,11,Monday,9,0,5,1.0,Arnhem Centraal - Nijmegen,rolling stock,defecte trein,1
62170,12,Monday,9,0,2,1.0,Amsterdam Centraal - Woerden,infrastructure,seinstoring,1
62171,12,Monday,9,0,3,1.0,Enkhuizen - Hoorn,infrastructure,stroomstoring,0
62172,12,Monday,9,0,3,1.0,'s-Hertogenbosch - Eindhoven,external,persoon op het spoor,0
62173,12,Monday,9,0,4,3.0,Den Haag Centraal - Utrecht Centraal,unknown,technisch onderzoek,1
62175,14,Monday,9,0,6,1.0,Eindhoven - Venlo,external,persoon op het spoor,0
62176,14,Monday,9,0,4,1.0,Den Haag HS - Rotterdam Centraal,rolling stock,defecte trein,0
62177,15,Monday,9,0,3,1.0,Almere Oostvaarders - Utrecht Centraal,accidents,aanrijding,1
62179,16,Monday,9,0,3,2.0,Amsterdam Centraal - Schiphol Airport,rolling stock,defecte trein,0
62180,18,Monday,9,0,5,1.0,Eindhoven - Roermond,external,voorwerp in de bovenleiding,1
62181,18,Monday,9,0,3,1.0,Hengelo - Zutphen,infrastructure,seinstoring,1
62182,18,Monday,9,0,4,2.0,'s-Hertogenbosch - Eindhoven,external,voorwerp in de bovenleiding,0
62183,19,Monday,9,0,2,1.0,Breda - Rotterdam Centraal (HSL),infrastructure,seinstoring,1
62184,21,Monday,9,0,2,1.0,Breda - Rotterdam Centraal (HSL),infrastructure,seinstoring,0
62185,21,Monday,9,0,3,1.0,Alkmaar - Den Helder,external,inzet van hulpdiensten,0
62186,22,Monday,9,0,2,1.0,Amersfoort - Zwolle,external,inzet van hulpdiensten,0
62187,5,Tuesday,9,0,6,1.0,Arnhem Centraal - Tiel,engineering work,uitloop van werkzaamheden,0
62188,6,Tuesday,9,0,7,1.0,Alphen a/d Rijn - Gouda,rolling stock,defecte trein,0
62189,7,Tuesday,9,0,2,1.0,Breda - Rotterdam Centraal (HSL),rolling stock,defecte trein,1
62190,8,Tuesday,9,0,13,1.0,Lelystad Centrum - Schiphol Airport,rolling stock,defecte trein,0
62191,8,Tuesday,9,0,3,3.0,Berlin Ostbahnhof - Hengelo,rolling stock,defecte trein,1
62192,9,Tuesday,9,0,2,1.0,Rotterdam Centraal - Schiphol Airport (HSL),rolling stock,defecte trein,0
62194,9,Tuesday,9,0,5,1.0,Leiden Centraal - Schiphol Airport,rolling stock,defecte trein,0
62195,9,Tuesday,9,0,7,1.0,Den Haag HS - Rotterdam Centraal,rolling stock,defecte trein,0
62196,10,Tuesday,9,0,2,1.0,Breda - Rotterdam Centraal (HSL),rolling stock,defecte trein,0
62197,10,Tuesday,9,0,8,1.0,Dordrecht - Rotterdam Centraal,rolling stock,defecte trein,0
62199,12,Tuesday,9,0,3,1.0,Den Haag Centraal - Utrecht Centraal,external,inzet van hulpdiensten,1
62200,13,Tuesday,9,0,3,4.0,Amersfoort - Schiphol Airport,rolling stock,defecte trein,0
62201,13,Tuesday,9,0,15,3.0,Den Haag Centraal - Den Haag HS,rolling stock,defecte trein,0
62202,14,Tuesday,9,0,8,1.0,Dordrecht - Rotterdam Centraal,infrastructure,defect spoor,1
62204,16,Tuesday,9,0,2,1.0,Breda - Rotterdam Centraal (HSL),rolling stock,defecte trein,0
62205,16,Tuesday,9,0,2,1.0,Breda - Rotterdam Centraal (HSL),rolling stock,gestrande trein,0
62206,16,Tuesday,9,0,5,1.0,Dordrecht - Rotterdam Centraal,infrastructure,storing in een tunnel,1
62207,16,Tuesday,9,0,2,1.0,Breda - Rotterdam Centraal (HSL),infrastructure,storing in een tunnel,1
62209,16,Tuesday,9,0,6,2.0,'s-Hertogenbosch - Tilburg,infrastructure,storing in een tunnel,0
62210,17,Tuesday,9,0,4,1.0,Leiden Centraal - Schiphol Airport,infrastructure,seinstoring,1
62211,17,Tuesday,9,0,2,1.0,Leiden Centraal - Utrecht Centraal,rolling stock,defecte trein,0
62212,18,Tuesday,9,0,4,3.0,Almere Oostvaarders - Utrecht Centraal,external,persoon op het spoor,0
62213,18,Tuesday,9,0,5,3.0,Den Haag Centraal - Utrecht Centraal,rolling stock,defecte trein,0
62214,18,Tuesday,9,0,7,2.0,Den Haag Centraal - Utrecht Centraal,rolling stock,defecte trein,0
62215,19,Tuesday,9,0,2,2.0,Amersfoort - Amsterdam Centraal,rolling stock,defecte trein,0
62216,19,Tuesday,9,0,3,1.0,Almere Oostvaarders - Utrecht Centraal,rolling stock,defecte trein,0
62217,23,Tuesday,9,0,2,1.0,Leiden Centraal - Utrecht Centraal,rolling stock,defecte trein,1
62218,7,Wednesday,9,0,4,2.0,'s-Hertogenbosch - Utrecht Centraal,unknown,technisch onderzoek,1
62219,7,Wednesday,9,0,3,1.0,Leiden Centraal - Utrecht Centraal,rolling stock,defecte trein,1
62221,7,Wednesday,9,0,8,1.0,Almere Oostvaarders - Utrecht Centraal,rolling stock,defecte trein,0
62222,9,Wednesday,9,0,2,1.0,Den Haag Centraal - Den Haag HS,accidents,beschadigde spoorbrug,0
62223,10,Wednesday,9,0,3,1.0,Leiden Centraal - Utrecht Centraal,rolling stock,defecte trein,0
62224,11,Wednesday,9,0,2,1.0,Emmen - Zwolle,external,inzet van hulpdiensten,1
62225,13,Wednesday,9,0,4,2.0,'s-Hertogenbosch - Eindhoven,infrastructure,storing in een tunnel,0
62226,14,Wednesday,9,0,8,1.0,Dordrecht - Geldermalsen,rolling stock,defecte trein,0
62227,15,Wednesday,9,0,1,4.0,Aachen Hbf - Heerlen,external,inzet van de politie,1
62228,15,Wednesday,9,0,3,1.0,Roosendaal - Vlissingen,external,inzet van de brandweer,1
62229,19,Wednesday,9,0,3,3.0,Berlin Ostbahnhof - Hengelo,accidents,beschadigde spoorbrug,1
62230,20,Wednesday,9,0,2,4.0,Groningen - Bad Nieuweschans,external,mensen op het spoor,0
62232,21,Wednesday,9,0,2,1.0,Alkmaar - Den Helder,rolling stock,gestrande trein,0
62233,4,Thursday,9,0,4,2.0,Amsterdam Centraal - Lelystad Centrum,engineering work,uitloop van werkzaamheden,0
62234,7,Thursday,9,0,6,1.0,Alphen a/d Rijn - Gouda,infrastructure,seinstoring,1
62235,8,Thursday,9,0,5,1.0,Breda - Tilburg,unknown,technisch onderzoek,0
62236,10,Thursday,9,0,2,1.0,Amersfoort - Zwolle,rolling stock,defecte trein,0
62237,10,Thursday,9,0,8,1.0,Dordrecht - Rotterdam Centraal,infrastructure,defect spoor,1
62238,11,Thursday,9,0,2,1.0,Roermond - Venlo,rolling stock,defecte trein,1
62239,11,Thursday,9,0,2,1.0,Hamm (Westf.) - Venlo,rolling stock,defecte trein,0
62240,12,Thursday,9,0,3,1.0,Eindhoven - Tilburg,rolling stock,defecte trein,0
62241,12,Thursday,9,0,2,4.0,Groningen - Bad Nieuweschans,infrastructure,seinstoring,1
62242,12,Thursday,9,0,2,1.0,Rotterdam Centraal - Schiphol Airport (HSL),rolling stock,defecte trein,0
62243,12,Thursday,9,0,13,1.0,Lelystad Centrum - Schiphol Airport,rolling stock,defecte trein,0
62244,13,Thursday,9,0,3,2.0,Breda - Dordrecht,rolling stock,defecte trein,0
62245,15,Thursday,9,0,5,1.0,Delfzijl - Groningen,infrastructure,overwegstoring,1
62246,17,Thursday,9,0,4,1.0,Den Haag Centraal - Utrecht Centraal,rolling stock,defecte trein,0
62248,21,Thursday,9,0,3,2.0,Groningen - Bad Nieuweschans,infrastructure,sein-en overwegstoring,0
62249,6,Friday,9,0,7,1.0,Nijmegen - Venlo,rolling stock,beperkingen in de materieelinzet,1
62250,6,Friday,9,0,5,1.0,Arnhem Centraal - Nijmegen,infrastructure,defect spoor,0
62251,15,Friday,9,0,5,2.0,Amsterdam Centraal - Schiphol Airport,rolling stock,defecte trein,0
62252,16,Friday,9,0,8,1.0,Dordrecht - Rotterdam Centraal,rolling stock,defecte trein,0
62253,17,Friday,9,0,3,1.0,Eindhoven - Tilburg,rolling stock,defecte trein,1
62255,0,Saturday,9,1,2,1.0,Breda - Rotterdam Centraal (HSL),rolling stock,defecte trein,0
62257,9,Saturday,9,1,4,1.0,Apeldoorn - Deventer,rolling stock,defecte trein,1
62258,20,Saturday,9,1,4,1.0,Groningen - Zwolle,accidents,aanrijding,0
62260,8,Sunday,9,1,19,2.0,'s-Hertogenbosch - Utrecht Centraal,engineering work,uitloop van werkzaamheden,1
62261,14,Sunday,9,1,2,1.0,Groningen - Leeuwarden,infrastructure,defecte spoorbrug,1
62262,15,Sunday,9,1,4,2.0,Amsterdam Centraal - Lelystad Centrum,external,brandmelding,1
62263,22,Sunday,9,1,7,1.0,Amersfoort - Zwolle,external,rommel op het spoor,0
62265,4,Monday,9,0,4,2.0,Arnhem Centraal - Utrecht Centraal,engineering work,uitloop van werkzaamheden,0
62266,5,Monday,9,0,4,2.0,Arnhem Centraal - Utrecht Centraal,infrastructure,wisselstoring,1
62267,6,Monday,9,0,11,1.0,Amsterdam Centraal - Utrecht Centraal,infrastructure,seinstoring,1
62268,7,Monday,9,0,5,3.0,Almere Oostvaarders - Utrecht Centraal,rolling stock,defecte trein,1
62269,8,Monday,9,0,2,1.0,Roermond - Venlo,rolling stock,defecte trein,0
62270,9,Monday,9,0,3,2.0,Arnhem Centraal - Nijmegen,infrastructure,seinstoring,1
62271,9,Monday,9,0,4,1.0,Amsterdam Centraal - Haarlem,infrastructure,defecte spoorbrug,1
62272,9,Monday,9,0,5,1.0,Arnhem Centraal - Nijmegen,unknown,technisch onderzoek,0
62273,11,Monday,9,0,4,3.0,Berlin Ostbahnhof - Hengelo,staff,problemen met de personeelsinzet,1
62274,12,Monday,9,0,3,1.0,Kampen - Zwolle,rolling stock,gestrande trein,0
62275,12,Monday,9,0,3,2.0,Breda - Dordrecht,rolling stock,defecte trein,0
62276,12,Monday,9,0,15,3.0,Den Haag Centraal - Den Haag HS,rolling stock,defecte trein,0
62277,12,Monday,9,0,2,1.0,Breda - Rotterdam Centraal (HSL),rolling stock,defecte trein,0
62278,12,Monday,9,0,7,1.0,Den Haag Centraal - Utrecht Centraal,infrastructure,seinstoring,1
62280,17,Monday,9,0,8,1.0,Amsterdam Centraal - Lelystad Centrum,rolling stock,defecte trein,0
62283,19,Monday,9,0,2,1.0,Hamm (Westf.) - Venlo,rolling stock,defecte trein,0
62284,19,Monday,9,0,4,1.0,Leiden Centraal - Schiphol Airport,rolling stock,defecte trein,0
62285,19,Monday,9,0,6,1.0,Den Haag Centraal - Leiden Centraal,external,inzet van hulpdiensten,0
62286,19,Monday,9,0,4,1.0,Haarlem - Leiden Centraal,external,inzet van hulpdiensten,0
62287,20,Monday,9,0,2,1.0,Breda - Rotterdam Centraal (HSL),external,inzet van hulpdiensten,1
62289,7,Tuesday,9,0,5,1.0,Almelo - Zwolle,rolling stock,defecte trein,0
62290,8,Tuesday,9,0,5,2.0,Den Haag Centraal - Leiden Centraal,rolling stock,defecte trein,0
62291,8,Tuesday,9,0,5,3.0,Almere Oostvaarders - Utrecht Centraal,rolling stock,defecte trein,0
62292,9,Tuesday,9,0,3,2.0,Arnhem Centraal - Nijmegen,infrastructure,seinstoring,0
62293,9,Tuesday,9,0,2,1.0,Rotterdam Centraal - Schiphol Airport (HSL),rolling stock,defecte trein,0
62294,9,Tuesday,9,0,5,1.0,Arnhem Centraal - Nijmegen,unknown,technisch onderzoek,0
62295,9,Tuesday,9,0,15,3.0,Den Haag Centraal - Den Haag HS,rolling stock,defecte trein,0
62296,10,Tuesday,9,0,3,4.0,Amersfoort - Schiphol Airport,rolling stock,defecte trein,0
62297,12,Tuesday,9,0,3,1.0,Eindhoven - Tilburg,rolling stock,defecte trein,0
62299,13,Tuesday,9,0,3,1.0,Breda - Tilburg,accidents,aanrijding,1
62300,14,Tuesday,9,0,7,1.0,Leiden Centraal - Utrecht Centraal,logistical,verstoring elders,1
62301,16,Tuesday,9,0,2,1.0,Amersfoort - Zwolle,rolling stock,defecte trein,0
62302,16,Tuesday,9,0,5,1.0,Roermond - Venlo,rolling stock,defecte trein,0
62303,17,Tuesday,9,0,2,1.0,Harlingen Haven - Leeuwarden,infrastructure,defecte spoorbrug,1
62304,20,Tuesday,9,0,2,1.0,Roermond - Venlo,infrastructure,wisselstoring,1
62307,5,Wednesday,10,0,5,2.0,Amersfoort - Apeldoorn,infrastructure,sein- en wisselstoring,1
62310,7,Wednesday,10,0,9,2.0,Eindhoven - Roermond,rolling stock,defecte trein,0
62311,7,Wednesday,10,0,2,3.0,Amersfoort - Schiphol Airport,rolling stock,defecte trein,0
62312,8,Wednesday,10,0,4,1.0,Eindhoven - Venlo,rolling stock,defecte trein,0
62315,9,Wednesday,10,0,2,1.0,Almelo - Zwolle,external,inzet van hulpdiensten,0
62316,14,Wednesday,10,0,7,1.0,Den Haag HS - Rotterdam Centraal,infrastructure,seinstoring,1
62317,15,Wednesday,10,0,3,4.0,Amersfoort - Schiphol Airport,rolling stock,defecte trein,1
62318,15,Wednesday,10,0,4,1.0,Haarlem - Leiden Centraal,accidents,aanrijding,1
62319,15,Wednesday,10,0,6,1.0,Den Haag Centraal - Leiden Centraal,accidents,aanrijding,1
62320,16,Wednesday,10,0,3,1.0,Arnhem Centraal - Nijmegen,rolling stock,defecte trein,0
62321,16,Wednesday,10,0,12,1.0,Antwerpen-Centraal - Roosendaal,rolling stock,defecte trein,0
62322,16,Wednesday,10,0,6,1.0,Almelo - Zwolle,infrastructure,seinstoring,0
62323,18,Wednesday,10,0,5,1.0,Almelo - Zwolle,infrastructure,seinstoring,0
62325,20,Wednesday,10,0,3,2.0,Breda - Dordrecht,rolling stock,defecte trein,0
62326,22,Wednesday,10,0,3,4.0,Amersfoort - Schiphol Airport,rolling stock,defecte trein,0
62327,22,Wednesday,10,0,15,3.0,Den Haag Centraal - Den Haag HS,rolling stock,defecte trein,0
62328,1,Thursday,10,0,3,1.0,Groningen - Zwolle,accidents,aanrijding,1
62329,6,Thursday,10,0,2,1.0,Hengelo - Zutphen,infrastructure,stroomstoring,1
62330,7,Thursday,10,0,2,1.0,Breda - Rotterdam Centraal (HSL),external,inzet van de brandweer,1
62331,8,Thursday,10,0,3,1.0,Breda - Dordrecht,external,inzet van de brandweer,1
62333,8,Thursday,10,0,6,1.0,Alphen a/d Rijn - Gouda,accidents,aanrijding,1
62334,8,Thursday,10,0,3,2.0,Groningen - Bad Nieuweschans,accidents,aanrijding,1
62337,13,Thursday,10,0,3,1.0,Dordrecht - Geldermalsen,infrastructure,defecte spoorbrug,1
62338,13,Thursday,10,0,3,2.0,Den Haag Centraal - Utrecht Centraal,rolling stock,defecte trein,0
62339,13,Thursday,10,0,4,1.0,Groningen - Zwolle,external,persoon op het spoor,0
62340,13,Thursday,10,0,4,2.0,Amsterdam Centraal - Lelystad Centrum,rolling stock,defecte trein,0
62341,17,Thursday,10,0,3,1.0,Arnhem Centraal - Zutphen,unknown,technisch onderzoek,0
62342,18,Thursday,10,0,3,1.0,Alkmaar - Amsterdam Centraal,external,inzet van de politie,0
62344,19,Thursday,10,0,3,1.0,Den Haag Centraal - Utrecht Centraal,external,mensen op het spoor,1
62345,19,Thursday,10,0,3,1.0,Eindhoven - Tilburg,infrastructure,seinstoring,0
62346,20,Thursday,10,0,5,1.0,Aachen Hbf - Heerlen,accidents,aanrijding,1
62347,20,Thursday,10,0,2,7.0,Amersfoort - Schiphol Airport,external,persoon op het spoor,1
62348,21,Thursday,10,0,4,1.0,Almelo - Hengelo,external,rommel op het spoor,0
62349,23,Thursday,10,0,6,1.0,Dordrecht - Roosendaal,accidents,aanrijding,1
62350,3,Friday,10,0,6,1.0,Aachen Hbf - Heerlen,rolling stock,beperkingen in de materieelinzet,1
62351,5,Friday,10,0,4,3.0,Almere Oostvaarders - Utrecht Centraal,infrastructure,stroomstoring,0
62352,7,Friday,10,0,5,3.0,Almere Oostvaarders - Utrecht Centraal,rolling stock,defecte trein,1
62353,7,Friday,10,0,5,2.0,Amersfoort - Amsterdam Centraal,rolling stock,defecte trein,0
62354,7,Friday,10,0,10,1.0,Amersfoort - Zwolle,rolling stock,defecte trein,0
62355,8,Friday,10,0,4,1.0,Roermond - Sittard,rolling stock,defecte trein,1
62356,9,Friday,10,0,3,1.0,Arnhem Centraal - Nijmegen,rolling stock,defecte trein,0
62357,9,Friday,10,0,3,4.0,Arnhem Centraal - Basel SBB,external,inzet van de politie,0
62359,10,Friday,10,0,4,1.0,Haarlem - Leiden Centraal,accidents,aanrijding,1
62360,10,Friday,10,0,4,3.0,Almere Oostvaarders - Utrecht Centraal,rolling stock,defecte trein,0
62361,10,Friday,10,0,6,1.0,Den Haag Centraal - Leiden Centraal,accidents,aanrijding,1
62362,14,Friday,10,0,4,1.0,Arnhem Centraal - Utrecht Centraal,unknown,technisch onderzoek,0
62363,18,Friday,10,0,2,1.0,Rotterdam Centraal - Schiphol Airport (HSL),rolling stock,defecte trein,0
62365,21,Friday,10,0,3,1.0,Eindhoven - Tilburg,accidents,aanrijding,1
62366,6,Saturday,10,1,3,1.0,Nijmegen - Venlo,accidents,aanrijding,1
62368,8,Saturday,10,1,2,4.0,Groningen - Bad Nieuweschans,infrastructure,seinstoring,1
62370,10,Saturday,10,1,5,1.0,Eindhoven - Roermond,rolling stock,defecte trein,0
62371,11,Saturday,10,1,4,1.0,Roosendaal - Vlissingen,external,hinder op het spoor,1
62372,13,Saturday,10,1,2,1.0,Groningen - Eemshaven,infrastructure,overwegstoring,0
62373,14,Saturday,10,1,2,1.0,Breda - Rotterdam Centraal (HSL),rolling stock,defecte trein,1
62374,16,Saturday,10,1,6,1.0,Groningen - Leeuwarden,rolling stock,defecte trein,0
62375,17,Saturday,10,1,2,1.0,Den Haag Centraal - Den Haag HS,rolling stock,defecte trein,0
62376,17,Saturday,10,1,2,1.0,Breda - Rotterdam Centraal (HSL),rolling stock,defecte trein,1
62378,19,Saturday,10,1,3,1.0,Eindhoven - Tilburg,rolling stock,defecte trein,0
62379,22,Saturday,10,1,2,11.0,Arnhem Centraal - Basel SBB,infrastructure,stroomstoring,0
62380,7,Sunday,10,1,2,1.0,Breda - Rotterdam Centraal (HSL),rolling stock,defecte trein,0
62381,8,Sunday,10,1,2,2.0,Liège-Guillemins - Maastricht,infrastructure,seinstoring,0
62382,9,Sunday,10,1,5,1.0,Maastricht - Sittard,infrastructure,seinstoring,1
62383,9,Sunday,10,1,4,1.0,Amsterdam Centraal - Haarlem,rolling stock,defecte trein,0
62384,10,Sunday,10,1,6,3.0,Heerlen - Maastricht,infrastructure,seinstoring,1
62385,10,Sunday,10,1,2,2.0,Amersfoort - Amsterdam Centraal,rolling stock,defecte trein,0
62386,11,Sunday,10,1,5,3.0,Almere Oostvaarders - Utrecht Centraal,rolling stock,defecte trein,0
62387,13,Sunday,10,1,4,1.0,Rotterdam Centraal - Utrecht Centraal,external,inzet van de politie,0
62389,18,Sunday,10,1,2,1.0,Breda - Rotterdam Centraal (HSL),rolling stock,defecte trein,1
62390,18,Sunday,10,1,5,3.0,Almere Oostvaarders - Utrecht Centraal,rolling stock,defecte trein,1
62391,20,Sunday,10,1,4,1.0,Amsterdam Centraal - Schiphol Airport,rolling stock,defecte trein,0
62392,20,Sunday,10,1,5,1.0,Breda - Tilburg,rolling stock,defecte trein,0
62393,7,Monday,10,0,5,2.0,Amersfoort - Apeldoorn,infrastructure,wisselstoring,1
62395,7,Monday,10,0,3,1.0,Leiden Centraal - Utrecht Centraal,rolling stock,defecte trein,0
62396,11,Monday,10,0,2,2.0,Amersfoort - Amsterdam Centraal,infrastructure,stroomstoring,0
62397,12,Monday,10,0,10,1.0,Heerlen - Maastricht,rolling stock,beperkingen in de materieelinzet,1
62398,12,Monday,10,0,2,3.0,Amersfoort - Schiphol Airport,rolling stock,defecte trein,0
62399,13,Monday,10,0,8,2.0,Amsterdam Centraal - Utrecht Centraal,external,inzet van hulpdiensten,0
62400,14,Monday,10,0,7,1.0,Heerlen - Sittard,infrastructure,overwegstoring,1
62402,20,Monday,10,0,6,1.0,Rotterdam Centraal - Utrecht Centraal,rolling stock,defecte trein,0
62403,21,Monday,10,0,4,3.0,Almere Oostvaarders - Utrecht Centraal,external,persoon op het spoor,1
62404,7,Tuesday,10,0,3,1.0,Eindhoven - Venlo,rolling stock,defecte trein,0
62405,8,Tuesday,10,0,3,3.0,Arnhem Centraal - Basel SBB,rolling stock,defecte trein,0
62406,9,Tuesday,10,0,3,2.0,Groningen - Bad Nieuweschans,rolling stock,defecte trein,0
62407,12,Tuesday,10,0,4,1.0,Amsterdam Centraal - Schiphol Airport,rolling stock,defecte trein,0
62408,13,Tuesday,10,0,5,1.0,'s-Hertogenbosch - Nijmegen,infrastructure,stroomstoring,1
62409,14,Tuesday,10,0,2,1.0,Winterswijk - Zutphen,infrastructure,overwegstoring,1
62410,15,Tuesday,10,0,4,2.0,Arnhem Centraal - Utrecht Centraal,rolling stock,defecte trein,0
62411,15,Tuesday,10,0,6,1.0,Den Haag HS - Rotterdam Centraal,infrastructure,wisselstoring,1
62412,15,Tuesday,10,0,4,2.0,Amsterdam Centraal - Utrecht Centraal,rolling stock,defecte trein,0
62413,19,Tuesday,10,0,11,1.0,Roosendaal - Vlissingen,external,persoon op het spoor,0
62415,21,Tuesday,10,0,4,1.0,Apeldoorn - Deventer,rolling stock,defecte trein,0
62416,21,Tuesday,10,0,4,1.0,Roermond - Sittard,rolling stock,defecte trein,0
62417,1,Wednesday,10,0,11,1.0,Schiphol Airport - Utrecht Centraal,engineering work,herstelwerkzaamheden,1
62418,4,Wednesday,10,0,6,1.0,Aachen Hbf - Heerlen,staff,problemen met de personeelsinzet,1
62422,5,Wednesday,10,0,13,4.0,Den Haag Centraal - Den Haag HS,infrastructure,seinstoring,0
62423,5,Wednesday,10,0,6,1.0,Den Haag Centraal - Leiden Centraal,infrastructure,seinstoring,0
62424,5,Wednesday,10,0,6,1.0,Den Haag Centraal - Leiden Centraal,infrastructure,seinstoring,1
62425,7,Wednesday,10,0,5,1.0,Dordrecht - Rotterdam Centraal,external,brandmelding,0
62427,7,Wednesday,10,0,5,2.0,Amsterdam Centraal - Schiphol Airport,infrastructure,seinstoring,1
62429,8,Wednesday,10,0,2,1.0,Breda - Rotterdam Centraal (HSL),external,brandmelding,0
62431,8,Wednesday,10,0,2,4.0,'s-Hertogenbosch - Utrecht Centraal,rolling stock,defecte trein,0
62432,9,Wednesday,10,0,2,1.0,Groningen - Veendam,infrastructure,overwegstoring,0
62433,11,Wednesday,10,0,4,1.0,Amersfoort - Ede-Wageningen,infrastructure,seinstoring,1
62434,11,Wednesday,10,0,2,1.0,Amersfoort - Apeldoorn,infrastructure,seinstoring,1
62435,11,Wednesday,10,0,4,1.0,Den Haag HS - Rotterdam Centraal,unknown,technisch onderzoek,0
62436,12,Wednesday,10,0,6,1.0,Hengelo - Zutphen,infrastructure,stroomstoring,0
62438,12,Wednesday,10,0,4,1.0,Apeldoorn - Deventer,infrastructure,stroomstoring,0
62439,13,Wednesday,10,0,4,2.0,Amsterdam Centraal - Utrecht Centraal,external,inzet van hulpdiensten,0
62440,13,Wednesday,10,0,4,3.0,Almere Oostvaarders - Utrecht Centraal,accidents,aanrijding,1
62441,13,Wednesday,10,0,5,2.0,Almere Oostvaarders - Utrecht Centraal,external,persoon op het spoor,0
62442,13,Wednesday,10,0,4,2.0,Amsterdam Centraal - Lelystad Centrum,rolling stock,gestrande trein,0
62444,16,Wednesday,10,0,3,1.0,Breda - Tilburg,accidents,aanrijding,1
62445,16,Wednesday,10,0,7,1.0,Leiden Centraal - Utrecht Centraal,accidents,aanrijding,0
62446,17,Wednesday,10,0,2,1.0,Amersfoort - Utrecht Centraal,external,persoon op het spoor,0
62447,17,Wednesday,10,0,2,1.0,Amersfoort - Zwolle,external,persoon op het spoor,0
62448,19,Wednesday,10,0,3,8.0,Alkmaar - Amsterdam Centraal,external,mensen op het spoor,1
62449,19,Wednesday,10,0,3,8.0,Alkmaar - Amsterdam Centraal,external,mensen op het spoor,1
62450,19,Wednesday,10,0,3,2.0,Den Haag Centraal - Utrecht Centraal,rolling stock,defecte trein,0
62451,21,Wednesday,10,0,9,1.0,Leeuwarden - Zwolle,rolling stock,gestrande trein,0
62453,1,Thursday,10,0,2,7.0,Amersfoort - Schiphol Airport,engineering work,herstelwerkzaamheden,1
62454,6,Thursday,10,0,5,1.0,Enkhuizen - Hoorn,infrastructure,systeemstoring,1
62455,7,Thursday,10,0,2,1.0,Roermond - Venlo,rolling stock,defecte trein,0
62456,7,Thursday,10,0,4,1.0,Groningen - Zwolle,rolling stock,gestrande trein,1
62457,7,Thursday,10,0,7,3.0,Arnhem Centraal - Basel SBB,rolling stock,beperkingen in de materieelinzet,1
62458,8,Thursday,10,0,2,1.0,Hamm (Westf.) - Venlo,staff,problemen met de personeelsinzet,1
62461,10,Thursday,10,0,3,1.0,Emmen - Zwolle,accidents,aanrijding,1
62462,10,Thursday,10,0,5,1.0,Dordrecht - Rotterdam Centraal,infrastructure,storing in een tunnel,1
62463,10,Thursday,10,0,2,1.0,Breda - Rotterdam Centraal (HSL),infrastructure,storing in een tunnel,1
62464,11,Thursday,10,0,2,1.0,Emmen - Zwolle,accidents,aanrijding,0
62466,11,Thursday,10,0,5,1.0,Breda - Tilburg,infrastructure,storing in een tunnel,0
62467,11,Thursday,10,0,3,1.0,Arnhem Centraal - Utrecht Centraal,rolling stock,defecte trein,0
62469,12,Thursday,10,0,3,1.0,Kampen - Zwolle,rolling stock,gestrande trein,0
62470,15,Thursday,10,0,2,1.0,Emmen - Zwolle,infrastructure,overwegstoring,1
62471,16,Thursday,10,0,3,2.0,Delfzijl - Groningen,external,inzet van hulpdiensten,0
62472,17,Thursday,10,0,4,2.0,Amsterdam Centraal - Lelystad Centrum,unknown,technisch onderzoek,1
62473,18,Thursday,10,0,4,3.0,Amsterdam Centraal - Schiphol Airport,rolling stock,defecte trein,0
62474,18,Thursday,10,0,5,1.0,Schiphol Airport - Utrecht Centraal,rolling stock,defecte trein,0
62475,18,Thursday,10,0,10,1.0,Amersfoort - Schiphol Airport,rolling stock,defecte trein,0
62476,18,Thursday,10,0,5,1.0,Leiden Centraal - Schiphol Airport,rolling stock,defecte trein,0
62477,18,Thursday,10,0,6,1.0,Den Haag Centraal - Leiden Centraal,rolling stock,defecte trein,0
62478,18,Thursday,10,0,13,4.0,Den Haag Centraal - Den Haag HS,rolling stock,defecte trein,0
62479,18,Thursday,10,0,3,3.0,Arnhem Centraal - Basel SBB,accidents,aanrijding,1
62480,20,Thursday,10,0,2,1.0,Breda - Rotterdam Centraal (HSL),rolling stock,defecte trein,0
62482,5,Friday,10,0,2,1.0,Dordrecht - Rotterdam Centraal,external,inzet van hulpdiensten,1
62485,9,Friday,10,0,2,1.0,Roermond - Venlo,rolling stock,defecte trein,0
62486,14,Friday,10,0,2,1.0,Dordrecht - Rotterdam Centraal,rolling stock,defecte trein,0
62488,16,Friday,10,0,2,1.0,Leiden Centraal - Schiphol Airport,external,persoon op het spoor,0
62489,17,Friday,10,0,6,1.0,Groningen - Leeuwarden,rolling stock,defecte trein,1
62490,18,Friday,10,0,3,1.0,Breda - Dordrecht,external,inzet van de politie,0
62491,18,Friday,10,0,5,3.0,Almere Oostvaarders - Utrecht Centraal,external,inzet van hulpdiensten,0
62493,19,Friday,10,0,4,1.0,Almelo - Deventer,infrastructure,overwegstoring,0
62497,9,Saturday,10,1,2,1.0,Leeuwarden - Zwolle,accidents,aanrijding,1
62498,10,Saturday,10,1,4,1.0,Den Haag HS - Rotterdam Centraal,rolling stock,defecte trein,0
62499,12,Saturday,10,1,2,7.0,Amersfoort - Schiphol Airport,infrastructure,systeemstoring,1
62500,12,Saturday,10,1,6,1.0,Den Haag Centraal - Leiden Centraal,infrastructure,systeemstoring,0
62501,13,Saturday,10,1,5,1.0,Amsterdam Centraal - Haarlem,rolling stock,defecte trein,0
62502,14,Saturday,10,1,4,1.0,Leiden Centraal - Schiphol Airport,infrastructure,seinstoring,1
62503,14,Saturday,10,1,5,1.0,Haarlem - Leiden Centraal,accidents,aanrijding,1
62505,15,Saturday,10,1,3,1.0,Alkmaar - Den Helder,infrastructure,defecte spoorbrug,1
62506,18,Saturday,10,1,3,2.0,'s-Hertogenbosch - Utrecht Centraal,unknown,technisch onderzoek,0
62507,20,Saturday,10,1,4,3.0,Almere Oostvaarders - Utrecht Centraal,external,inzet van de politie,0
62508,22,Saturday,10,1,7,1.0,Amsterdam Centraal - Woerden,infrastructure,stroomstoring,1
62509,22,Saturday,10,1,2,1.0,Breda - Rotterdam Centraal (HSL),rolling stock,defecte trein,0
62510,22,Saturday,10,1,3,1.0,Den Haag Centraal - Utrecht Centraal,infrastructure,stroomstoring,1
62511,10,Sunday,10,1,2,1.0,Rotterdam Centraal - Schiphol Airport (HSL),external,rommel op het spoor,0
62512,13,Sunday,10,1,5,1.0,Haarlem - Leiden Centraal,infrastructure,seinstoring,0
62513,14,Sunday,10,1,5,1.0,Haarlem - Leiden Centraal,unknown,technisch onderzoek,1
62515,15,Sunday,10,1,5,1.0,Amsterdam Centraal - Haarlem,engineering work,spoedreparatie aan het spoor,1
62516,17,Sunday,10,1,4,1.0,Alkmaar - Amsterdam Centraal,external,persoon op het spoor,0
62519,23,Sunday,10,1,8,1.0,Amsterdam Centraal - Lelystad Centrum,rolling stock,defecte trein,0
62520,23,Sunday,10,1,3,1.0,Almere Oostvaarders - Utrecht Centraal,rolling stock,defecte trein,0
62521,6,Monday,10,0,2,7.0,Amersfoort - Schiphol Airport,rolling stock,defecte trein,1
62522,6,Monday,10,0,6,1.0,Leeuwarden - Stavoren,rolling stock,defecte trein,0
62523,7,Monday,10,0,2,1.0,Groningen - Leeuwarden,infrastructure,wisselstoring,1
62525,7,Monday,10,0,10,1.0,Amersfoort - Schiphol Airport,rolling stock,defecte trein,1
62526,7,Monday,10,0,5,1.0,Schiphol Airport - Utrecht Centraal,rolling stock,defecte trein,1
62527,7,Monday,10,0,5,1.0,Leiden Centraal - Schiphol Airport,rolling stock,defecte trein,1
62528,7,Monday,10,0,13,4.0,Den Haag Centraal - Den Haag HS,rolling stock,defecte trein,1
62529,7,Monday,10,0,6,1.0,Den Haag Centraal - Leiden Centraal,rolling stock,defecte trein,0
62530,7,Monday,10,0,4,1.0,Amsterdam Centraal - Hoorn,rolling stock,defecte trein,0
62531,8,Monday,10,0,4,1.0,Alkmaar - Amsterdam Centraal,rolling stock,defecte trein,0
62532,8,Monday,10,0,6,1.0,Den Haag Centraal - Leiden Centraal,rolling stock,defecte trein,1
62533,9,Monday,10,0,2,1.0,Almelo - Zwolle,infrastructure,stroomstoring,1
62534,9,Monday,10,0,4,1.0,Almelo - Hengelo,infrastructure,stroomstoring,0
62535,9,Monday,10,0,3,1.0,Enschede - Hengelo,infrastructure,stroomstoring,0
62536,10,Monday,10,0,2,1.0,Breda - Rotterdam Centraal (HSL),rolling stock,defecte trein,0
62537,10,Monday,10,0,15,3.0,Den Haag Centraal - Den Haag HS,rolling stock,defecte trein,0
62538,10,Monday,10,0,2,1.0,Rhenen - Utrecht Centraal,infrastructure,sein- en wisselstoring,1
62539,12,Monday,10,0,3,1.0,Harlingen Haven - Leeuwarden,infrastructure,seinstoring,1
62541,14,Monday,10,0,8,1.0,Dordrecht - Rotterdam Centraal,infrastructure,storing in een tunnel,0
62542,14,Monday,10,0,2,1.0,Leeuwarden - Zwolle,accidents,aanrijding,1
62543,16,Monday,10,0,5,2.0,Amsterdam Centraal - Schiphol Airport,external,persoon op het spoor,0
62544,19,Monday,10,0,6,1.0,Leeuwarden - Stavoren,rolling stock,defecte trein,1
62545,19,Monday,10,0,5,1.0,Breda - Tilburg,rolling stock,defecte trein,0
62546,19,Monday,10,0,2,1.0,Groningen - Leeuwarden,infrastructure,wisselstoring,0
62547,20,Monday,10,0,8,1.0,Dordrecht - Rotterdam Centraal,rolling stock,defecte trein,0
62548,22,Monday,10,0,4,1.0,Almelo - Deventer,external,persoon op het spoor,0
62549,22,Monday,10,0,6,1.0,Almelo - Deventer,rolling stock,defecte trein,1
62550,8,Tuesday,10,0,2,1.0,Leiden Centraal - Schiphol Airport,rolling stock,defecte trein,0
62551,9,Tuesday,10,0,4,2.0,'s-Hertogenbosch - Eindhoven,rolling stock,defecte trein,0
62552,9,Tuesday,10,0,4,1.0,Groningen - Leeuwarden,rolling stock,defecte trein,0
62553,9,Tuesday,10,0,7,1.0,Eindhoven - Venlo,rolling stock,defecte trein,0
62554,12,Tuesday,10,0,2,1.0,Breda - Rotterdam Centraal (HSL),external,dier op het spoor,1
62555,12,Tuesday,10,0,15,3.0,Den Haag Centraal - Den Haag HS,external,dier op het spoor,0
62557,14,Tuesday,10,0,2,1.0,Amersfoort - Apeldoorn,rolling stock,defecte trein,1
62558,14,Tuesday,10,0,4,1.0,Amersfoort - Ede-Wageningen,rolling stock,defecte trein,1
62559,15,Tuesday,10,0,3,1.0,Enschede - Hengelo,engineering work,herstelwerkzaamheden,1
62560,17,Tuesday,10,0,2,1.0,Amersfoort - Ede-Wageningen,infrastructure,overwegstoring,0
62561,17,Tuesday,10,0,4,1.0,Dordrecht - Roosendaal,external,rommel op het spoor,1
62562,17,Tuesday,10,0,5,3.0,Almere Oostvaarders - Utrecht Centraal,external,persoon op het spoor,0
62563,17,Tuesday,10,0,2,2.0,Groningen - Bad Nieuweschans,rolling stock,defecte trein,0
62564,18,Tuesday,10,0,3,3.0,Almere Oostvaarders - Utrecht Centraal,logistical,eerdere verstoring,1
62565,18,Tuesday,10,0,2,2.0,Groningen - Bad Nieuweschans,rolling stock,defecte trein,0
62566,19,Tuesday,10,0,6,1.0,Rotterdam Centraal - Utrecht Centraal,rolling stock,defecte trein,0
62567,19,Tuesday,10,0,5,1.0,Breda - Tilburg,rolling stock,defecte trein,0
62568,20,Tuesday,10,0,3,1.0,Breda - Roosendaal,accidents,aanrijding,1
62569,23,Tuesday,10,0,2,1.0,Amersfoort - Apeldoorn,accidents,aanrijding,0
62570,1,Wednesday,10,0,14,4.0,Amsterdam Centraal - Haarlem,engineering work,herstelwerkzaamheden,1
62571,5,Wednesday,10,0,4,1.0,Den Haag Centraal - Utrecht Centraal,engineering work,uitloop van werkzaamheden,0
62572,6,Wednesday,10,0,5,1.0,'s-Hertogenbosch - Nijmegen,rolling stock,defecte trein,1
62573,7,Wednesday,10,0,2,1.0,Roermond - Venlo,rolling stock,defecte trein,0
62574,7,Wednesday,10,0,2,1.0,Roermond - Sittard,accidents,aanrijding,1
62575,7,Wednesday,10,0,6,1.0,'s-Hertogenbosch - Nijmegen,rolling stock,defecte trein,0
62576,8,Wednesday,10,0,4,1.0,Almelo - Hengelo,rolling stock,defecte trein,0
62577,8,Wednesday,10,0,3,1.0,Groningen - Leeuwarden,rolling stock,defecte trein,0
62578,9,Wednesday,10,0,4,1.0,Apeldoorn - Deventer,unknown,technisch onderzoek,1
62579,10,Wednesday,10,0,5,1.0,Arnhem Centraal - Winterswijk,unknown,technisch onderzoek,0
62580,10,Wednesday,10,0,5,1.0,Apeldoorn - Zutphen,infrastructure,stroomstoring,0
62581,10,Wednesday,10,0,3,1.0,Arnhem Centraal - Zutphen,infrastructure,stroomstoring,0
62582,11,Wednesday,10,0,11,1.0,Roosendaal - Vlissingen,rolling stock,defecte trein,0
62583,11,Wednesday,10,0,5,1.0,Arnhem Centraal - Nijmegen,unknown,technisch onderzoek,0
62584,12,Wednesday,10,0,4,1.0,Harlingen Haven - Leeuwarden,rolling stock,defecte trein,0
62585,12,Wednesday,10,0,4,2.0,'s-Hertogenbosch - Utrecht Centraal,rolling stock,defecte trein,0
62586,12,Wednesday,10,0,4,2.0,'s-Hertogenbosch - Utrecht Centraal,rolling stock,defecte trein,1
62587,13,Wednesday,10,0,5,2.0,Amsterdam Centraal - Schiphol Airport,infrastructure,defect spoor,1
62588,16,Wednesday,10,0,2,1.0,Breda - Rotterdam Centraal (HSL),rolling stock,defecte trein,0
62591,17,Wednesday,10,0,12,1.0,Antwerpen-Centraal - Roosendaal,rolling stock,defecte trein,0
62592,18,Wednesday,10,0,5,1.0,Arnhem Centraal - Nijmegen,external,persoon op het spoor,0
62593,20,Wednesday,10,0,2,1.0,Breda - Rotterdam Centraal (HSL),infrastructure,seinstoring,1
62595,20,Wednesday,10,0,2,1.0,Den Haag Centraal - Den Haag HS,logistical,verstoring elders,1
62596,22,Wednesday,10,0,4,1.0,Groningen - Leeuwarden,external,persoon op het spoor,0
62597,5,Thursday,10,0,3,1.0,Den Haag HS - Rotterdam Centraal,unknown,technisch onderzoek,0
62598,6,Thursday,10,0,5,1.0,Dordrecht - Rotterdam Centraal,infrastructure,storing in een tunnel,0
62599,6,Thursday,10,0,2,1.0,Breda - Rotterdam Centraal (HSL),infrastructure,storing in een tunnel,0
62601,6,Thursday,10,0,6,2.0,'s-Hertogenbosch - Tilburg,infrastructure,storing in een tunnel,0
62603,6,Thursday,10,0,6,2.0,Almelo - Hengelo,infrastructure,seinstoring,1
62604,7,Thursday,10,0,3,1.0,Hengelo - Zutphen,infrastructure,seinstoring,1
62605,7,Thursday,10,0,4,1.0,Eindhoven - Venlo,external,persoon op het spoor,0
62606,7,Thursday,10,0,4,1.0,Eindhoven - Venlo,external,persoon op het spoor,0
62607,7,Thursday,10,0,3,1.0,Liège-Guillemins - Maastricht,rolling stock,defecte trein,0
62608,8,Thursday,10,0,6,1.0,Arnhem Centraal - Winterswijk,rolling stock,gestrande trein,0
62609,9,Thursday,10,0,2,1.0,Roermond - Venlo,rolling stock,gestrande trein,0
62610,9,Thursday,10,0,2,1.0,Rotterdam Centraal - Schiphol Airport (HSL),infrastructure,stroomstoring,1
62611,10,Thursday,10,0,8,1.0,Dordrecht - Rotterdam Centraal,infrastructure,stroomstoring,0
62613,13,Thursday,10,0,3,1.0,Arnhem Centraal - Winterswijk,rolling stock,gestrande trein,0
62614,14,Thursday,10,0,4,1.0,Amsterdam Centraal - Haarlem,infrastructure,defect spoor,1
62615,14,Thursday,10,0,4,2.0,Almere Oostvaarders - Utrecht Centraal,rolling stock,defecte trein,0
62616,15,Thursday,10,0,7,3.0,Arnhem Centraal - Basel SBB,rolling stock,gestrande trein,0
62617,17,Thursday,10,0,2,1.0,Leiden Centraal - Schiphol Airport,rolling stock,defecte trein,0
62618,17,Thursday,10,0,2,1.0,Leiden Centraal - Schiphol Airport,rolling stock,defecte trein,0
62619,18,Thursday,10,0,5,3.0,Groningen - Bad Nieuweschans,external,inzet van de politie,0
62620,18,Thursday,10,0,6,1.0,Arnhem Centraal - Winterswijk,rolling stock,defecte trein,0
62621,19,Thursday,10,0,2,1.0,Breda - Rotterdam Centraal (HSL),rolling stock,defecte trein,0
62622,19,Thursday,10,0,3,1.0,Baarn - Utrecht Centraal,rolling stock,defecte trein,0
62623,20,Thursday,10,0,4,3.0,Almere Oostvaarders - Utrecht Centraal,rolling stock,defecte trein,0
62624,5,Friday,10,0,5,1.0,Dordrecht - Geldermalsen,infrastructure,defecte bovenleiding,0
62625,7,Friday,10,0,8,2.0,Bielefeld Hbf - Hengelo,rolling stock,beperkingen in de materieelinzet,1
62626,8,Friday,10,0,5,1.0,Breda - Tilburg,external,persoon op het spoor,0
62627,9,Friday,10,0,3,1.0,Alkmaar - Amsterdam Centraal,rolling stock,defecte trein,0
62628,14,Friday,10,0,2,1.0,Amersfoort - Apeldoorn,rolling stock,gestrande trein,0
62629,15,Friday,10,0,3,1.0,Eindhoven - Tilburg,rolling stock,gestrande trein,0
62630,16,Friday,10,0,2,1.0,Rotterdam Centraal - Schiphol Airport (HSL),rolling stock,defecte trein,0
62632,21,Friday,10,0,10,1.0,Amersfoort - Schiphol Airport,rolling stock,defecte trein,0
62633,21,Friday,10,0,4,1.0,Leiden Centraal - Schiphol Airport,rolling stock,defecte trein,1
62634,22,Friday,10,0,2,1.0,Amersfoort - Zwolle,rolling stock,defecte trein,0
62635,0,Saturday,10,1,3,2.0,Groningen - Zwolle,infrastructure,stroomstoring,1
62636,5,Saturday,10,1,8,2.0,Bielefeld Hbf - Hengelo,rolling stock,beperkingen in de materieelinzet,1
62637,12,Saturday,10,1,5,1.0,Roosendaal - Vlissingen,engineering work,herstelwerkzaamheden,1
62639,15,Saturday,10,1,6,3.0,Groningen - Bad Nieuweschans,rolling stock,defecte trein,0
62640,16,Saturday,10,1,5,1.0,Arnhem Centraal - Nijmegen,rolling stock,defecte trein,0
62641,17,Saturday,10,1,8,1.0,Haarlem - Uitgeest,external,rommel op het spoor,0
62643,20,Saturday,10,1,3,1.0,Haarlem - Zandvoort aan Zee,external,rommel op het spoor,0
62644,23,Saturday,10,1,5,2.0,Amersfoort - Amsterdam Centraal,infrastructure,seinstoring,0
62645,9,Sunday,10,1,7,1.0,Alphen a/d Rijn - Gouda,rolling stock,defecte trein,1
62646,11,Sunday,10,1,8,1.0,Amersfoort - Schiphol Airport,infrastructure,wisselstoring,1
62648,13,Sunday,10,1,4,1.0,Apeldoorn - Deventer,unknown,technisch onderzoek,0
62649,13,Sunday,10,1,6,1.0,Arnhem Centraal - Winterswijk,accidents,aanrijding,0
62650,16,Sunday,10,1,5,2.0,Amsterdam Centraal - Schiphol Airport,infrastructure,defect spoor,1
62651,16,Sunday,10,1,5,2.0,Eindhoven - Roermond,external,persoon op het spoor,0
62652,17,Sunday,10,1,6,1.0,Aachen Hbf - Heerlen,staff,problemen met de personeelsinzet,1
62653,18,Sunday,10,1,2,1.0,Amersfoort - Utrecht Centraal,unknown,technisch onderzoek,0
62654,18,Sunday,10,1,3,1.0,Eindhoven - Tilburg,rolling stock,defecte trein,0
62655,19,Sunday,10,1,2,1.0,Hengelo - Zutphen,accidents,aanrijding,1
62656,19,Sunday,10,1,4,2.0,Amsterdam Centraal - Utrecht Centraal,external,persoon op het spoor,0
62657,19,Sunday,10,1,10,1.0,Schiphol Airport - Utrecht Centraal,external,persoon op het spoor,0
62658,19,Sunday,10,1,4,2.0,Arnhem Centraal - Utrecht Centraal,external,persoon op het spoor,0
62659,19,Sunday,10,1,5,1.0,Leiden Centraal - Schiphol Airport,external,persoon op het spoor,0
62660,19,Sunday,10,1,6,1.0,Den Haag Centraal - Leiden Centraal,external,persoon op het spoor,0
62661,19,Sunday,10,1,4,1.0,Roermond - Sittard,unknown,technisch onderzoek,0
62662,21,Sunday,10,1,3,2.0,Amersfoort - Utrecht Centraal,rolling stock,defecte trein,0
62663,1,Monday,10,0,4,1.0,Amsterdam Centraal - Schiphol Airport,engineering work,herstelwerkzaamheden,1
62664,3,Monday,10,0,2,1.0,'s-Hertogenbosch - Tilburg,engineering work,uitloop van werkzaamheden,1
62665,4,Monday,10,0,9,1.0,'s-Hertogenbosch - Utrecht Centraal,engineering work,uitloop van werkzaamheden,1
62666,5,Monday,10,0,4,2.0,'s-Hertogenbosch - Eindhoven,rolling stock,defecte trein,0
62667,6,Monday,10,0,6,1.0,Aachen Hbf - Heerlen,staff,problemen met de personeelsinzet,1
62668,6,Monday,10,0,3,1.0,Alkmaar - Hoorn,rolling stock,defecte trein,0
62669,7,Monday,10,0,5,1.0,'s-Hertogenbosch - Nijmegen,engineering work,uitloop van werkzaamheden,1
62670,7,Monday,10,0,7,2.0,Amsterdam Centraal - Utrecht Centraal,engineering work,uitloop van werkzaamheden,1
62671,14,Monday,10,0,3,1.0,Dordrecht - Geldermalsen,infrastructure,defecte spoorbrug,1
62672,14,Monday,10,0,5,1.0,Breda - Tilburg,rolling stock,defecte trein,0
62673,15,Monday,10,0,2,1.0,'s-Hertogenbosch - Tilburg,infrastructure,seinstoring,0
62674,15,Monday,10,0,12,1.0,Rotterdam Centraal - Utrecht Centraal,external,inzet van hulpdiensten,0
62675,16,Monday,10,0,3,1.0,Haarlem - Uitgeest,rolling stock,defecte trein,1
62676,16,Monday,10,0,6,1.0,Rotterdam Centraal - Utrecht Centraal,rolling stock,defecte trein,1
62677,17,Monday,10,0,2,1.0,Breda - Rotterdam Centraal (HSL),rolling stock,defecte trein,1
62678,19,Monday,10,0,2,1.0,Rotterdam Centraal - Schiphol Airport (HSL),rolling stock,defecte trein,1
62679,19,Monday,10,0,2,2.0,Amersfoort - Amsterdam Centraal,rolling stock,defecte trein,0
62680,19,Monday,10,0,4,1.0,Aachen Hbf - Heerlen,rolling stock,defecte trein,1
62681,20,Monday,10,0,2,1.0,'s-Hertogenbosch - Tilburg,rolling stock,defecte trein,0
62682,22,Monday,10,0,5,1.0,Breda - Tilburg,rolling stock,defecte trein,0
62683,22,Monday,10,0,3,1.0,'s-Hertogenbosch - Eindhoven,accidents,aanrijding,1
62685,6,Tuesday,10,0,5,1.0,Amersfoort - Ede-Wageningen,rolling stock,defecte trein,0
62686,7,Tuesday,10,0,3,1.0,Roosendaal - Vlissingen,rolling stock,gestrande trein,0
62687,7,Tuesday,10,0,3,1.0,Nijmegen - Venlo,rolling stock,gestrande trein,0
62688,8,Tuesday,10,0,7,1.0,Leiden Centraal - Utrecht Centraal,staff,tekort aan verkeersleiders,1
62689,8,Tuesday,10,0,12,1.0,Rotterdam Centraal - Utrecht Centraal,staff,tekort aan verkeersleiders,1
62690,8,Tuesday,10,0,13,1.0,Den Haag Centraal - Utrecht Centraal,staff,tekort aan verkeersleiders,1
62691,8,Tuesday,10,0,3,5.0,Almere Oostvaarders - Utrecht Centraal,staff,tekort aan verkeersleiders,1
62692,8,Tuesday,10,0,24,3.0,'s-Hertogenbosch - Eindhoven,staff,tekort aan verkeersleiders,1
62693,9,Tuesday,10,0,4,1.0,'s-Hertogenbosch - Nijmegen,rolling stock,defecte trein,0
62694,10,Tuesday,10,0,2,1.0,Antwerpen-Centraal - Roosendaal,logistical,problemen op het spoor in het buitenland,0
62695,11,Tuesday,10,0,5,1.0,Maastricht - Sittard,infrastructure,seinstoring,1
62697,14,Tuesday,10,0,5,1.0,'s-Hertogenbosch - Nijmegen,external,dier op het spoor,0
62699,15,Tuesday,10,0,3,1.0,Eindhoven - Tilburg,external,dier op het spoor,1
62700,15,Tuesday,10,0,11,1.0,Roosendaal - Vlissingen,rolling stock,defecte trein,0
62701,17,Tuesday,10,0,6,1.0,Enkhuizen - Hoorn,rolling stock,defecte trein,0
62703,9,Wednesday,10,0,6,1.0,'s-Hertogenbosch - Nijmegen,unknown,technisch onderzoek,0
62704,9,Wednesday,10,0,2,1.0,Amersfoort - Zwolle,rolling stock,defecte trein,1
62705,11,Wednesday,10,0,2,2.0,Liège-Guillemins - Maastricht,rolling stock,defecte trein,1
62706,12,Wednesday,10,0,5,1.0,Schiphol Airport - Utrecht Centraal,unknown,technisch onderzoek,0
62707,12,Wednesday,10,0,2,1.0,Deventer - Zutphen,external,dier op het spoor,0
62709,15,Wednesday,10,0,8,1.0,Leeuwarden - Zwolle,rolling stock,defecte trein,0
62710,17,Wednesday,10,0,3,1.0,'s-Hertogenbosch - Eindhoven,rolling stock,defecte trein,1
62711,17,Wednesday,10,0,2,1.0,'s-Hertogenbosch - Tilburg,rolling stock,defecte trein,1
62712,17,Wednesday,10,0,11,1.0,Amsterdam Centraal - Utrecht Centraal,rolling stock,defecte trein,0
62713,18,Wednesday,10,0,9,1.0,'s-Hertogenbosch - Utrecht Centraal,rolling stock,defecte trein,1
62714,18,Wednesday,10,0,5,1.0,'s-Hertogenbosch - Nijmegen,rolling stock,gestrande trein,0
62715,22,Wednesday,10,0,4,1.0,Den Haag HS - Rotterdam Centraal,external,brandmelding,0
62716,23,Wednesday,10,0,4,1.0,Den Haag HS - Rotterdam Centraal,external,inzet van hulpdiensten,1
62717,5,Thursday,10,0,4,1.0,Groningen - Zwolle,accidents,aanrijding,1
62718,5,Thursday,10,0,10,1.0,Heerlen - Maastricht,rolling stock,beperkingen in de materieelinzet,1
62720,6,Thursday,10,0,7,1.0,Groningen - Veendam,accidents,aanrijding,0
62721,6,Thursday,10,0,10,1.0,Amersfoort - Zwolle,rolling stock,defecte trein,1
62722,7,Thursday,10,0,5,1.0,'s-Hertogenbosch - Nijmegen,rolling stock,defecte trein,0
62723,7,Thursday,10,0,2,1.0,Rotterdam Centraal - Schiphol Airport (HSL),rolling stock,defecte trein,0
62724,7,Thursday,10,0,10,1.0,Heerlen - Maastricht,rolling stock,beperkingen in de materieelinzet,1
62725,8,Thursday,10,0,3,1.0,'s-Hertogenbosch - Eindhoven,infrastructure,seinstoring,0
62726,9,Thursday,10,0,5,3.0,Almere Oostvaarders - Utrecht Centraal,rolling stock,defecte trein,0
62728,13,Thursday,10,0,3,6.0,Amersfoort - Amsterdam Centraal,external,inzet van de politie,0
62729,13,Thursday,10,0,5,3.0,Almere Oostvaarders - Utrecht Centraal,rolling stock,defecte trein,0
62731,14,Thursday,10,0,11,1.0,Roosendaal - Vlissingen,weather,de weersomstandigheden,1
62732,15,Thursday,10,0,5,1.0,Eindhoven - Roermond,rolling stock,defecte trein,0
62733,15,Thursday,10,0,4,3.0,Berlin Ostbahnhof - Hengelo,logistical,problemen op het spoor in het buitenland,1
62734,16,Thursday,10,0,5,1.0,Eindhoven - Roermond,rolling stock,defecte trein,0
62735,16,Thursday,10,0,5,3.0,Almere Oostvaarders - Utrecht Centraal,rolling stock,defecte trein,0
62736,16,Thursday,10,0,2,1.0,Breda - Rotterdam Centraal (HSL),weather,harde wind op de hogesnelheidslijn,1
62737,16,Thursday,10,0,3,4.0,Amersfoort - Schiphol Airport,weather,harde wind op de hogesnelheidslijn,1
62738,17,Thursday,10,0,2,1.0,Arnhem Centraal - Tiel,external,rommel op het spoor,1
62740,17,Thursday,10,0,13,1.0,Lelystad Centrum - Schiphol Airport,weather,de weersomstandigheden,1
62741,19,Thursday,10,0,5,1.0,Eindhoven - Roermond,unknown,technisch onderzoek,0
62742,21,Thursday,10,0,3,1.0,Emmen - Zwolle,infrastructure,overwegstoring,0
62743,21,Thursday,10,0,6,1.0,'s-Hertogenbosch - Nijmegen,rolling stock,defecte trein,0
62744,21,Thursday,10,0,3,1.0,Breda - Roosendaal,infrastructure,overwegstoring,1
62745,21,Thursday,10,0,3,1.0,Nijmegen - Venlo,rolling stock,defecte trein,0
62746,5,Friday,10,0,3,1.0,Haarlem - Uitgeest,infrastructure,storing in een tunnel,1
62747,8,Friday,10,0,2,1.0,Eindhoven - Roermond,rolling stock,defecte trein,0
62748,9,Friday,10,0,5,1.0,Amersfoort - Utrecht Centraal,rolling stock,defecte trein,0
62749,9,Friday,10,0,5,1.0,Amsterdam Centraal - Haarlem,external,inzet van hulpdiensten,0
62751,10,Friday,10,0,5,1.0,Amersfoort - Utrecht Centraal,rolling stock,defecte trein,1
62752,10,Friday,10,0,2,1.0,Amersfoort - Zwolle,rolling stock,defecte trein,0
62753,10,Friday,10,0,5,1.0,Apeldoorn - Zutphen,infrastructure,stroomstoring,0
62754,10,Friday,10,0,3,1.0,Arnhem Centraal - Nijmegen,rolling stock,defecte trein,0
62755,10,Friday,10,0,3,1.0,Arnhem Centraal - Zutphen,infrastructure,stroomstoring,0
62756,11,Friday,10,0,3,1.0,Arnhem Centraal - Zutphen,infrastructure,stroomstoring,1
62757,11,Friday,10,0,2,1.0,Amersfoort - Zwolle,rolling stock,defecte trein,0
62758,12,Friday,10,0,3,1.0,Apeldoorn - Zutphen,infrastructure,stroomstoring,1
62759,13,Friday,10,0,3,1.0,Apeldoorn - Zutphen,infrastructure,stroomstoring,1
62760,13,Friday,10,0,3,1.0,Arnhem Centraal - Zutphen,infrastructure,stroomstoring,1
62762,15,Friday,10,0,3,1.0,Kampen - Zwolle,external,voorwerp in de bovenleiding,0
62763,18,Friday,10,0,5,3.0,Almere Oostvaarders - Utrecht Centraal,rolling stock,defecte trein,0
62765,20,Friday,10,0,4,1.0,Harlingen Haven - Leeuwarden,accidents,aanrijding,1
62768,2,Saturday,10,1,2,1.0,Breda - Rotterdam Centraal (HSL),external,brandmelding,0
62769,6,Saturday,10,1,4,2.0,'s-Hertogenbosch - Eindhoven,rolling stock,defecte trein,1
62771,10,Saturday,10,1,2,4.0,Alkmaar - Amsterdam Centraal,rolling stock,defecte trein,0
62772,12,Saturday,10,1,3,1.0,'s-Hertogenbosch - Nijmegen,rolling stock,defecte trein,1
62774,13,Saturday,10,1,8,1.0,Almere Oostvaarders - Utrecht Centraal,rolling stock,defecte trein,1
62775,15,Saturday,10,1,4,2.0,Amersfoort - Schiphol Airport,infrastructure,defect spoor,1
62776,15,Saturday,10,1,5,1.0,Schiphol Airport - Utrecht Centraal,infrastructure,defect spoor,1
62777,15,Saturday,10,1,5,2.0,Amsterdam Centraal - Schiphol Airport,infrastructure,defect spoor,1
62778,15,Saturday,10,1,4,1.0,Leiden Centraal - Schiphol Airport,infrastructure,defect spoor,0
62779,15,Saturday,10,1,2,1.0,Rotterdam Centraal - Schiphol Airport (HSL),infrastructure,defect spoor,0
62780,17,Saturday,10,1,3,3.0,Almere Oostvaarders - Utrecht Centraal,external,inzet van de politie,0
62781,19,Saturday,10,1,7,1.0,Heerlen - Sittard,infrastructure,stroomstoring,1
62782,6,Sunday,10,1,7,1.0,Heerlen - Sittard,infrastructure,stroomstoring,1
62783,8,Sunday,10,1,7,1.0,Amersfoort - Zwolle,rolling stock,gestrande trein,0
62784,9,Sunday,10,1,3,1.0,Breda - Dordrecht,rolling stock,defecte trein,0
62785,9,Sunday,10,1,2,1.0,Breda - Rotterdam Centraal (HSL),infrastructure,seinstoring,1
62786,10,Sunday,10,1,8,2.0,Amsterdam Centraal - Utrecht Centraal,external,inzet van hulpdiensten,0
62787,11,Sunday,10,1,5,1.0,Maastricht - Sittard,rolling stock,defecte trein,0
62788,13,Sunday,10,1,12,1.0,Rotterdam Centraal - Utrecht Centraal,external,inzet van de politie,0
62790,16,Sunday,10,1,8,1.0,Dordrecht - Rotterdam Centraal,rolling stock,defecte trein,0
62791,17,Sunday,10,1,2,1.0,Roermond - Venlo,rolling stock,gestrande trein,0
62792,17,Sunday,10,1,2,1.0,Dordrecht - Geldermalsen,external,dier op het spoor,0
62793,18,Sunday,10,1,5,1.0,Dordrecht - Rotterdam Centraal,external,brandmelding,1
62794,18,Sunday,10,1,2,1.0,Breda - Rotterdam Centraal (HSL),external,brandmelding,1
62795,18,Sunday,10,1,6,2.0,'s-Hertogenbosch - Tilburg,logistical,verstoring elders,0
62796,18,Sunday,10,1,7,1.0,Den Haag HS - Rotterdam Centraal,external,brandmelding,1
62797,19,Sunday,10,1,4,1.0,Breda - Tilburg,rolling stock,gestrande trein,0
62798,21,Sunday,10,1,4,2.0,Amsterdam Centraal - Utrecht Centraal,external,rommel op het spoor,1
62799,21,Sunday,10,1,4,2.0,Amsterdam Centraal - Utrecht Centraal,external,rommel op het spoor,0
62800,2,Monday,10,0,6,1.0,Aachen Hbf - Heerlen,rolling stock,beperkingen in de materieelinzet,1
62801,6,Monday,10,0,9,1.0,Groningen - Leeuwarden,external,rommel op het spoor,0
62802,7,Monday,10,0,4,1.0,Amsterdam Centraal - Haarlem,engineering work,herstelwerkzaamheden,1
62803,9,Monday,10,0,4,1.0,Den Haag HS - Rotterdam Centraal,rolling stock,defecte trein,0
62804,10,Monday,10,0,4,1.0,Den Haag HS - Rotterdam Centraal,rolling stock,defecte trein,0
62805,10,Monday,10,0,4,3.0,Amsterdam Centraal - Schiphol Airport,rolling stock,defecte trein,0
62807,10,Monday,10,0,13,4.0,Den Haag Centraal - Den Haag HS,rolling stock,defecte trein,0
62808,10,Monday,10,0,8,2.0,Bielefeld Hbf - Hengelo,staff,problemen met de personeelsinzet,1
62810,12,Monday,10,0,3,1.0,Almere Oostvaarders - Utrecht Centraal,infrastructure,wisselstoring,1
62812,13,Monday,10,0,4,2.0,'s-Hertogenbosch - Eindhoven,infrastructure,wisselstoring,0
62813,16,Monday,10,0,2,1.0,Breda - Rotterdam Centraal (HSL),rolling stock,defecte trein,0
62815,17,Monday,10,0,6,1.0,Rotterdam Centraal - Utrecht Centraal,engineering work,herstelwerkzaamheden,1
62816,17,Monday,10,0,7,1.0,Nijmegen - Venlo,rolling stock,beperkingen in de materieelinzet,1
62817,20,Monday,10,0,2,1.0,'s-Hertogenbosch - Tilburg,external,inzet van hulpdiensten,0
62818,21,Monday,10,0,10,1.0,Schiphol Airport - Utrecht Centraal,rolling stock,defecte trein,1
62819,5,Tuesday,10,0,6,1.0,Almelo - Deventer,infrastructure,wisselstoring,1
62820,7,Tuesday,10,0,2,1.0,Breda - Rotterdam Centraal (HSL),rolling stock,defecte trein,0
62821,10,Tuesday,10,0,8,2.0,Den Haag Centraal - Den Haag HS,infrastructure,defecte bovenleiding,1
62822,11,Tuesday,10,0,6,1.0,Eindhoven - Venlo,infrastructure,defect spoor,0
62823,11,Tuesday,10,0,4,3.0,Berlin Ostbahnhof - Hengelo,rolling stock,beperkingen in de materieelinzet,1
62824,11,Tuesday,10,0,7,1.0,Nijmegen - Venlo,rolling stock,beperkingen in de materieelinzet,1
62825,12,Tuesday,10,0,4,1.0,Roermond - Sittard,rolling stock,defecte trein,0
62826,12,Tuesday,10,0,7,1.0,Heerlen - Sittard,infrastructure,wisselstoring,1
62827,14,Tuesday,10,0,7,1.0,Heerlen - Sittard,infrastructure,wisselstoring,1
62828,14,Tuesday,10,0,3,2.0,Antwerpen-Centraal - Breda (HSL),rolling stock,defecte trein,0
62829,15,Tuesday,10,0,6,1.0,Arnhem Centraal - Zutphen,rolling stock,gestrande trein,1
62830,15,Tuesday,10,0,2,1.0,Breda - Rotterdam Centraal (HSL),external,dier op het spoor,1
62831,15,Tuesday,10,0,2,1.0,Amersfoort - Apeldoorn,rolling stock,defecte trein,0
62832,16,Tuesday,10,0,2,1.0,'s-Hertogenbosch - Tilburg,infrastructure,sein-en overwegstoring,1
62833,17,Tuesday,10,0,4,3.0,Berlin Ostbahnhof - Hengelo,rolling stock,beperkingen in de materieelinzet,1
62834,19,Tuesday,10,0,8,1.0,Dordrecht - Rotterdam Centraal,external,mensen op het spoor,1
62835,20,Tuesday,10,0,2,7.0,Breda - Rotterdam Centraal (HSL),logistical,eerdere verstoring,0
62836,20,Tuesday,10,0,5,3.0,Almere Oostvaarders - Utrecht Centraal,rolling stock,defecte trein,1
62837,20,Tuesday,10,0,3,1.0,Liège-Guillemins - Maastricht,rolling stock,defecte trein,1
62838,20,Tuesday,10,0,2,1.0,Alkmaar - Den Helder,external,persoon op het spoor,0
62840,5,Wednesday,10,0,14,2.0,Den Haag HS - Rotterdam Centraal,engineering work,uitloop van werkzaamheden,0
62841,5,Wednesday,10,0,14,2.0,Den Haag HS - Rotterdam Centraal,engineering work,uitloop van werkzaamheden,1
62843,5,Wednesday,10,0,3,1.0,Haarlem - Zandvoort aan Zee,rolling stock,gestrande trein,0
62844,8,Wednesday,10,0,4,3.0,Berlin Ostbahnhof - Hengelo,rolling stock,beperkingen in de materieelinzet,1
62845,8,Wednesday,10,0,4,3.0,Almere Oostvaarders - Utrecht Centraal,rolling stock,defecte trein,0
62846,9,Wednesday,10,0,4,1.0,Groningen - Leeuwarden,infrastructure,wisselstoring,0
62847,9,Wednesday,10,0,2,4.0,Groningen - Bad Nieuweschans,logistical,eerdere verstoring,0
62848,9,Wednesday,10,0,3,1.0,Groningen - Leeuwarden,logistical,eerdere verstoring,0
62849,10,Wednesday,10,0,3,2.0,Antwerpen-Centraal - Breda (HSL),rolling stock,defecte trein,0
62850,14,Wednesday,10,0,2,1.0,Breda - Rotterdam Centraal (HSL),infrastructure,seinstoring,1
62851,15,Wednesday,10,0,2,1.0,Rhenen - Utrecht Centraal,rolling stock,defecte trein,1
62853,17,Wednesday,10,0,4,1.0,Arnhem Centraal - Utrecht Centraal,rolling stock,defecte trein,0
62854,17,Wednesday,10,0,5,1.0,Arnhem Centraal - Nijmegen,rolling stock,defecte trein,0
62855,18,Wednesday,10,0,2,1.0,Breda - Rotterdam Centraal (HSL),rolling stock,gestrande trein,1
62856,18,Wednesday,10,0,7,1.0,Heerlen - Sittard,rolling stock,defecte trein,1
62857,18,Wednesday,10,0,15,3.0,Den Haag Centraal - Den Haag HS,rolling stock,gestrande trein,0
62858,19,Wednesday,10,0,2,1.0,Rotterdam Centraal - Schiphol Airport (HSL),rolling stock,defecte trein,0
62859,20,Wednesday,10,0,5,1.0,'s-Hertogenbosch - Nijmegen,rolling stock,defecte trein,0
62861,4,Thursday,10,0,6,1.0,Aachen Hbf - Heerlen,staff,problemen met de personeelsinzet,1
62862,5,Thursday,10,0,5,3.0,Den Haag Centraal - Utrecht Centraal,rolling stock,defecte trein,0
62863,6,Thursday,10,0,2,1.0,Eindhoven - Roermond,rolling stock,defecte trein,0
62864,7,Thursday,10,0,3,2.0,Amersfoort - Amsterdam Centraal,rolling stock,defecte trein,1
62865,7,Thursday,10,0,8,1.0,Arnhem Centraal - Zutphen,rolling stock,defecte trein,0
62867,8,Thursday,10,0,3,2.0,Den Haag Centraal - Utrecht Centraal,infrastructure,stroomstoring,1
62868,9,Thursday,10,0,3,1.0,Nijmegen - Venlo,rolling stock,defecte trein,0
62869,9,Thursday,10,0,2,1.0,Antwerpen-Centraal - Roosendaal,rolling stock,gestrande trein,0
62870,11,Thursday,10,0,3,1.0,'s-Hertogenbosch - Utrecht Centraal,engineering work,herstelwerkzaamheden,1
62871,11,Thursday,10,0,11,1.0,Amsterdam Centraal - Utrecht Centraal,logistical,verstoring elders,1
62872,14,Thursday,10,0,5,1.0,'s-Hertogenbosch - Nijmegen,rolling stock,defecte trein,0
62873,15,Thursday,10,0,15,3.0,Den Haag Centraal - Den Haag HS,logistical,verstoring elders,1
62874,15,Thursday,10,0,3,2.0,Breda - Dordrecht,logistical,verstoring elders,1
62875,15,Thursday,10,0,2,1.0,Rotterdam Centraal - Schiphol Airport (HSL),logistical,verstoring elders,1
62876,15,Thursday,10,0,13,1.0,Lelystad Centrum - Schiphol Airport,logistical,verstoring elders,1
62877,15,Thursday,10,0,5,1.0,Alkmaar - Den Helder,rolling stock,defecte trein,0
62878,16,Thursday,10,0,4,1.0,Den Haag HS - Rotterdam Centraal,infrastructure,stroomstoring,0
62879,17,Thursday,10,0,4,1.0,Eindhoven - Venlo,rolling stock,defecte trein,0
62880,18,Thursday,10,0,4,1.0,Dordrecht - Roosendaal,rolling stock,gestrande trein,0
62882,18,Thursday,10,0,7,1.0,Amersfoort - Zwolle,external,inzet van de politie,0
62883,18,Thursday,10,0,4,2.0,Groningen - Bad Nieuweschans,accidents,aanrijding,0
62884,19,Thursday,10,0,2,1.0,Breda - Rotterdam Centraal (HSL),rolling stock,defecte trein,0
62885,21,Thursday,10,0,3,4.0,Amersfoort - Schiphol Airport,rolling stock,defecte trein,0
62886,22,Thursday,10,0,5,1.0,Nijmegen - Venlo,rolling stock,gestrande trein,1
62887,23,Thursday,10,0,4,3.0,Almere Oostvaarders - Utrecht Centraal,accidents,aanrijding,1
62889,7,Friday,10,0,8,1.0,Arnhem Centraal - Zutphen,rolling stock,defecte trein,0
62890,8,Friday,10,0,4,3.0,Berlin Ostbahnhof - Hengelo,rolling stock,beperkingen in de materieelinzet,1
62892,10,Friday,10,0,3,1.0,Haarlem - Zandvoort aan Zee,rolling stock,gestrande trein,0
62893,13,Friday,10,0,3,4.0,Amersfoort - Schiphol Airport,rolling stock,gestrande trein,1
62894,15,Friday,10,0,2,1.0,Leiden Centraal - Schiphol Airport,rolling stock,gestrande trein,0
62895,15,Friday,10,0,2,7.0,Amersfoort - Schiphol Airport,infrastructure,systeemstoring,0
62896,16,Friday,10,0,5,1.0,Arnhem Centraal - Zutphen,infrastructure,seinstoring,1
62897,17,Friday,10,0,2,7.0,Amersfoort - Schiphol Airport,engineering work,herstelwerkzaamheden,1
62898,18,Friday,10,0,6,1.0,Alphen a/d Rijn - Gouda,unknown,technisch onderzoek,0
62899,22,Friday,10,0,2,1.0,Breda - Rotterdam Centraal (HSL),rolling stock,defecte trein,0
62900,5,Saturday,11,1,6,4.0,Amersfoort - Schiphol Airport,infrastructure,sein- en wisselstoring,1
62901,6,Saturday,11,1,2,1.0,Amersfoort - Apeldoorn,infrastructure,sein-en overwegstoring,1
62902,6,Saturday,11,1,5,1.0,Amersfoort - Ede-Wageningen,infrastructure,sein-en overwegstoring,1
62903,6,Saturday,11,1,2,3.0,Amersfoort - Schiphol Airport,infrastructure,sein- en wisselstoring,0
62904,6,Saturday,11,1,3,1.0,Breda - Roosendaal,rolling stock,gestrande trein,0
62905,8,Saturday,11,1,3,1.0,Nijmegen - Venlo,rolling stock,defecte trein,0
62907,11,Saturday,11,1,10,1.0,Heerlen - Maastricht,rolling stock,beperkingen in de materieelinzet,1
62909,13,Saturday,11,1,5,1.0,Breda - Tilburg,rolling stock,defecte trein,0
62910,16,Saturday,11,1,5,1.0,Emmen - Zwolle,infrastructure,defecte bovenleiding,0
62912,18,Saturday,11,1,4,1.0,Amsterdam Centraal - Haarlem,external,inzet van de politie,0
62913,18,Saturday,11,1,2,1.0,Amersfoort - Zwolle,rolling stock,defecte trein,0
62915,20,Saturday,11,1,3,1.0,Almere Oostvaarders - Utrecht Centraal,external,inzet van de politie,0
62916,21,Saturday,11,1,3,1.0,Arnhem Centraal - Nijmegen,rolling stock,gestrande trein,0
62917,11,Sunday,11,1,5,1.0,Amsterdam Centraal - Haarlem,rolling stock,defecte trein,1
62918,13,Sunday,11,1,2,1.0,Breda - Rotterdam Centraal (HSL),infrastructure,seinstoring,1
62920,15,Sunday,11,1,7,1.0,'s-Hertogenbosch - Nijmegen,rolling stock,defecte trein,0
62921,17,Sunday,11,1,3,1.0,Breda - Roosendaal,rolling stock,defecte trein,0
62922,17,Sunday,11,1,7,1.0,Den Haag Centraal - Utrecht Centraal,rolling stock,defecte trein,1
62923,17,Sunday,11,1,5,1.0,'s-Hertogenbosch - Nijmegen,rolling stock,defecte trein,0
62924,19,Sunday,11,1,2,1.0,Nijmegen - Venlo,rolling stock,defecte trein,0
62925,19,Sunday,11,1,3,1.0,Dordrecht - Rotterdam Centraal,external,persoon op het spoor,0
62927,20,Sunday,11,1,4,1.0,Emmen - Zwolle,external,persoon op het spoor,0
62928,3,Monday,11,0,7,2.0,Amsterdam Centraal - Utrecht Centraal,engineering work,herstelwerkzaamheden,1
62929,5,Monday,11,0,5,1.0,Heerlen - Maastricht,infrastructure,seinstoring,1
62930,7,Monday,11,0,5,1.0,Amersfoort - Utrecht Centraal,rolling stock,defecte trein,0
62931,7,Monday,11,0,2,1.0,Amersfoort - Zwolle,rolling stock,defecte trein,0
62932,7,Monday,11,0,5,1.0,'s-Hertogenbosch - Nijmegen,rolling stock,defecte trein,0
62933,8,Monday,11,0,4,1.0,Den Haag HS - Rotterdam Centraal,infrastructure,stroomstoring,0
62934,9,Monday,11,0,4,1.0,Eindhoven - Venlo,rolling stock,defecte trein,1
62935,10,Monday,11,0,6,1.0,Eindhoven - Tilburg,rolling stock,defecte trein,0
62936,11,Monday,11,0,3,2.0,Antwerpen-Centraal - Breda (HSL),infrastructure,wisselstoring,1
62937,11,Monday,11,0,3,2.0,Breda - Dordrecht,infrastructure,wisselstoring,1
62938,11,Monday,11,0,13,1.0,Lelystad Centrum - Schiphol Airport,infrastructure,wisselstoring,1
62939,11,Monday,11,0,7,1.0,Rotterdam Centraal - Utrecht Centraal,infrastructure,defect wissel,1
62940,16,Monday,11,0,2,1.0,Eindhoven - Roermond,rolling stock,defecte trein,0
62941,18,Monday,11,0,2,1.0,Hamm (Westf.) - Venlo,rolling stock,defecte trein,0
62942,18,Monday,11,0,4,1.0,Leiden Centraal - Schiphol Airport,rolling stock,defecte trein,0
62943,18,Monday,11,0,4,1.0,Leiden Centraal - Schiphol Airport,rolling stock,defecte trein,1
62944,18,Monday,11,0,10,2.0,Den Haag Centraal - Leiden Centraal,rolling stock,defecte trein,1
62945,20,Monday,11,0,3,1.0,Winterswijk - Zutphen,rolling stock,defecte trein,1
62947,22,Monday,11,0,5,1.0,Breda - Tilburg,accidents,aanrijding,1
62948,23,Monday,11,0,5,2.0,Amersfoort - Amsterdam Centraal,rolling stock,defecte trein,0
62949,5,Tuesday,11,0,6,1.0,Aachen Hbf - Heerlen,staff,problemen met de personeelsinzet,1
62950,7,Tuesday,11,0,12,1.0,Rotterdam Centraal - Utrecht Centraal,infrastructure,wisselstoring,1
62951,8,Tuesday,11,0,3,2.0,Alkmaar - Amsterdam Centraal,rolling stock,defecte trein,1
62952,9,Tuesday,11,0,3,1.0,Breda - Dordrecht,external,hinder op het spoor,0
62953,10,Tuesday,11,0,3,1.0,Leiden Centraal - Utrecht Centraal,infrastructure,stroomstoring,1
62954,10,Tuesday,11,0,3,1.0,Breda - Tilburg,external,inzet van hulpdiensten,0
62956,13,Tuesday,11,0,6,1.0,Almelo - Mariënberg,rolling stock,beperkingen in de materieelinzet,1
62957,14,Tuesday,11,0,5,2.0,Amsterdam Centraal - Schiphol Airport,rolling stock,defecte trein,1
62958,15,Tuesday,11,0,4,1.0,Dordrecht - Geldermalsen,infrastructure,defecte spoorbrug,0
62959,15,Tuesday,11,0,13,1.0,Den Haag Centraal - Utrecht Centraal,rolling stock,defecte trein,0
62960,17,Tuesday,11,0,3,1.0,Den Haag Centraal - Utrecht Centraal,rolling stock,defecte trein,0
62961,17,Tuesday,11,0,2,1.0,Eindhoven - Roermond,rolling stock,gestrande trein,0
62964,18,Tuesday,11,0,4,1.0,Dordrecht - Roosendaal,external,dier op het spoor,0
62965,19,Tuesday,11,0,6,1.0,Groningen - Leeuwarden,infrastructure,stroomstoring,1
62966,19,Tuesday,11,0,3,2.0,Breda - Dordrecht,rolling stock,defecte trein,0
62967,20,Tuesday,11,0,5,2.0,Amsterdam Centraal - Schiphol Airport,external,persoon op het spoor,0
62968,5,Wednesday,11,0,6,1.0,Aachen Hbf - Heerlen,staff,problemen met de personeelsinzet,1
62969,8,Wednesday,11,0,2,1.0,Hamm (Westf.) - Venlo,logistical,problemen op het spoor in het buitenland,0
62970,11,Wednesday,11,0,3,1.0,Eindhoven - Tilburg,rolling stock,defecte trein,0
62971,11,Wednesday,11,0,4,1.0,Breda - Tilburg,infrastructure,seinstoring,0
62972,12,Wednesday,11,0,6,1.0,Den Haag HS - Rotterdam Centraal,rolling stock,defecte trein,0
62973,13,Wednesday,11,0,3,3.0,Arnhem Centraal - Basel SBB,rolling stock,defecte trein,0
62975,17,Wednesday,11,0,11,1.0,Roosendaal - Vlissingen,external,inzet van de politie,0
62976,18,Wednesday,11,0,4,2.0,Arnhem Centraal - Utrecht Centraal,external,inzet van hulpdiensten,0
62977,20,Wednesday,11,0,2,1.0,Amersfoort - Apeldoorn,external,dier op het spoor,1
62978,21,Wednesday,11,0,4,1.0,Apeldoorn - Deventer,external,persoon op het spoor,0
62979,5,Thursday,11,0,3,1.0,Enkhuizen - Hoorn,engineering work,uitloop van werkzaamheden,0
62980,8,Thursday,11,0,5,1.0,Apeldoorn - Zutphen,infrastructure,seinstoring,1
62981,8,Thursday,11,0,6,1.0,Aachen Hbf - Heerlen,staff,problemen met de personeelsinzet,1
62983,10,Thursday,11,0,2,1.0,Leiden Centraal - Utrecht Centraal,infrastructure,defecte spoorbrug,1
62985,12,Thursday,11,0,4,1.0,Apeldoorn - Deventer,unknown,technisch onderzoek,0
62986,13,Thursday,11,0,2,1.0,Emmen - Zwolle,rolling stock,defecte trein,1
62987,13,Thursday,11,0,3,2.0,Arnhem Centraal - Utrecht Centraal,rolling stock,defecte trein,0
62988,14,Thursday,11,0,2,1.0,Amsterdam Centraal - Woerden,rolling stock,defecte trein,0
62989,15,Thursday,11,0,8,2.0,Den Haag Centraal - Den Haag HS,rolling stock,defecte trein,0
62990,18,Thursday,11,0,4,1.0,Roermond - Sittard,rolling stock,defecte trein,0
62991,21,Thursday,11,0,3,1.0,Leiden Centraal - Utrecht Centraal,infrastructure,defecte spoorbrug,0
62992,7,Friday,11,0,7,1.0,Heerlen - Sittard,infrastructure,wisselstoring,1
62993,7,Friday,11,0,10,1.0,Heerlen - Maastricht,infrastructure,wisselstoring,1
62994,8,Friday,11,0,6,1.0,Amersfoort - Zwolle,infrastructure,sein-en overwegstoring,1
62995,8,Friday,11,0,3,1.0,Alkmaar - Den Helder,infrastructure,seinstoring,1
62996,9,Friday,11,0,10,1.0,Heerlen - Maastricht,staff,problemen met de personeelsinzet,1
62997,9,Friday,11,0,5,1.0,Almelo - Deventer,rolling stock,defecte trein,0
62998,11,Friday,11,0,3,1.0,'s-Hertogenbosch - Utrecht Centraal,rolling stock,gestrande trein,0
62999,12,Friday,11,0,2,1.0,Amersfoort - Zwolle,rolling stock,defecte trein,0
63000,12,Friday,11,0,3,1.0,Leeuwarden - Zwolle,unknown,technisch onderzoek,0
63001,12,Friday,11,0,6,1.0,Almelo - Deventer,rolling stock,defecte trein,0
63002,12,Friday,11,0,2,2.0,Groningen - Zwolle,unknown,technisch onderzoek,0
63003,13,Friday,11,0,4,1.0,Groningen - Zwolle,rolling stock,defecte trein,0
63004,14,Friday,11,0,3,1.0,Enschede - Hengelo,infrastructure,seinstoring,0
63005,15,Friday,11,0,4,1.0,Arnhem Centraal - Utrecht Centraal,rolling stock,gestrande trein,0
63006,15,Friday,11,0,5,1.0,Arnhem Centraal - Nijmegen,rolling stock,defecte trein,0
63009,16,Friday,11,0,6,1.0,Eindhoven - Tilburg,infrastructure,defect spoor,1
63010,17,Friday,11,0,7,1.0,Alphen a/d Rijn - Gouda,infrastructure,defecte spoorbrug,1
63011,20,Friday,11,0,8,1.0,Amsterdam Centraal - Lelystad Centrum,rolling stock,defecte trein,0
63012,21,Friday,11,0,7,2.0,Breda - Tilburg,infrastructure,defect spoor,1
63013,23,Friday,11,0,2,1.0,Eindhoven - Roermond,accidents,aanrijding,0
63014,23,Friday,11,0,2,1.0,Eindhoven - Roermond,accidents,aanrijding,1
63015,5,Saturday,11,1,4,2.0,Breda - Tilburg,infrastructure,seinstoring,1
63016,7,Saturday,11,1,3,1.0,Leiden Centraal - Utrecht Centraal,rolling stock,gestrande trein,0
63017,8,Saturday,11,1,4,1.0,Eindhoven - Venlo,rolling stock,defecte trein,1
63018,9,Saturday,11,1,9,1.0,'s-Hertogenbosch - Utrecht Centraal,unknown,technisch onderzoek,0
63019,10,Saturday,11,1,3,2.0,Alkmaar - Den Helder,infrastructure,seinstoring,1
63020,10,Saturday,11,1,3,1.0,Haarlem - Leiden Centraal,external,inzet van hulpdiensten,0
63021,13,Saturday,11,1,4,2.0,Amsterdam Centraal - Lelystad Centrum,external,inzet van de politie,0
63022,17,Saturday,11,1,6,1.0,Arnhem Centraal - Winterswijk,external,brandmelding,0
63023,17,Saturday,11,1,9,1.0,'s-Hertogenbosch - Utrecht Centraal,unknown,technisch onderzoek,1
63024,18,Saturday,11,1,3,3.0,Arnhem Centraal - Basel SBB,rolling stock,defecte trein,0
63025,18,Saturday,11,1,2,7.0,Amersfoort - Schiphol Airport,external,brandmelding,0
63026,18,Saturday,11,1,9,1.0,'s-Hertogenbosch - Utrecht Centraal,unknown,technisch onderzoek,1
63027,18,Saturday,11,1,12,1.0,Antwerpen-Centraal - Roosendaal,rolling stock,defecte trein,0
63028,7,Sunday,11,1,3,1.0,'s-Hertogenbosch - Nijmegen,external,rommel op het spoor,1
63029,9,Sunday,11,1,2,3.0,'s-Hertogenbosch - Nijmegen,external,persoon op het spoor,0
63030,9,Sunday,11,1,3,3.0,Arnhem Centraal - Basel SBB,rolling stock,beperkingen in de materieelinzet,1
63031,14,Sunday,11,1,3,1.0,Groningen - Zwolle,external,persoon op het spoor,0
63032,14,Sunday,11,1,4,2.0,'s-Hertogenbosch - Utrecht Centraal,rolling stock,defecte trein,0
63034,22,Sunday,11,1,2,4.0,Alkmaar - Amsterdam Centraal,accidents,aanrijding,1
63035,22,Sunday,11,1,2,4.0,Alkmaar - Amsterdam Centraal,accidents,aanrijding,0
63036,4,Monday,11,0,5,2.0,Amersfoort - Apeldoorn,infrastructure,wisselstoring,1
63038,7,Monday,11,0,5,1.0,Amersfoort - Ede-Wageningen,infrastructure,wisselstoring,1
63039,7,Monday,11,0,2,1.0,Breda - Rotterdam Centraal (HSL),rolling stock,defecte trein,0
63040,13,Monday,11,0,2,1.0,Breda - Rotterdam Centraal (HSL),infrastructure,seinstoring,0
63041,13,Monday,11,0,2,2.0,Amersfoort - Amsterdam Centraal,rolling stock,defecte trein,0
63042,15,Monday,11,0,5,1.0,Eindhoven - Roermond,infrastructure,overwegstoring,0
63043,17,Monday,11,0,3,1.0,Eindhoven - Tilburg,rolling stock,defecte trein,0
63044,18,Monday,11,0,3,8.0,Alkmaar - Amsterdam Centraal,external,persoon op het spoor,1
63046,19,Monday,11,0,5,2.0,Amsterdam Centraal - Schiphol Airport,external,persoon op het spoor,0
63047,19,Monday,11,0,4,2.0,Amsterdam Centraal - Utrecht Centraal,external,persoon op het spoor,0
63048,19,Monday,11,0,4,1.0,Arnhem Centraal - Utrecht Centraal,rolling stock,defecte trein,0
63049,19,Monday,11,0,3,1.0,Almere Oostvaarders - Utrecht Centraal,external,inzet van de politie,0
63050,19,Monday,11,0,8,1.0,Amsterdam Centraal - Lelystad Centrum,external,inzet van de politie,0
63051,19,Monday,11,0,5,1.0,'s-Hertogenbosch - Nijmegen,rolling stock,defecte trein,0
63053,21,Monday,11,0,2,1.0,Hamm (Westf.) - Venlo,logistical,problemen op het spoor in het buitenland,1
63054,21,Monday,11,0,5,1.0,'s-Hertogenbosch - Nijmegen,rolling stock,defecte trein,0
63055,0,Tuesday,11,0,8,1.0,Haarlem - Uitgeest,infrastructure,stroomstoring,1
63056,4,Tuesday,11,0,3,1.0,Haarlem - Uitgeest,infrastructure,stroomstoring,1
63057,5,Tuesday,11,0,6,1.0,Winterswijk - Zutphen,engineering work,uitloop van werkzaamheden,0
63058,6,Tuesday,11,0,3,1.0,Eindhoven - Roermond,rolling stock,defecte trein,1
63059,7,Tuesday,11,0,3,1.0,Kampen - Zwolle,rolling stock,defecte trein,1
63060,8,Tuesday,11,0,2,1.0,Arnhem Centraal - Utrecht Centraal,unknown,technisch onderzoek,0
63061,8,Tuesday,11,0,8,1.0,Dordrecht - Geldermalsen,weather,gladde sporen,0
63062,9,Tuesday,11,0,4,3.0,Berlin Ostbahnhof - Hengelo,rolling stock,beperkingen in de materieelinzet,1
63063,9,Tuesday,11,0,5,1.0,Harlingen Haven - Leeuwarden,rolling stock,defecte trein,0
63064,9,Tuesday,11,0,2,2.0,Amersfoort - Amsterdam Centraal,rolling stock,defecte trein,0
63065,9,Tuesday,11,0,2,1.0,Roermond - Venlo,rolling stock,defecte trein,1
63066,10,Tuesday,11,0,3,2.0,Amersfoort - Amsterdam Centraal,unknown,technisch onderzoek,0
63067,11,Tuesday,11,0,2,1.0,Breda - Rotterdam Centraal (HSL),rolling stock,defecte trein,0
63068,11,Tuesday,11,0,2,1.0,Rotterdam Centraal - Schiphol Airport (HSL),rolling stock,gestrande trein,0
63069,11,Tuesday,11,0,3,1.0,Kampen - Zwolle,rolling stock,defecte trein,1
63070,11,Tuesday,11,0,3,1.0,Arnhem Centraal - Zutphen,rolling stock,defecte trein,0
63071,12,Tuesday,11,0,4,1.0,Amersfoort - Zwolle,accidents,aanrijding,1
63072,14,Tuesday,11,0,4,1.0,Breda - Tilburg,accidents,aanrijding,1
63073,16,Tuesday,11,0,5,1.0,Amsterdam Centraal - Haarlem,external,inzet van hulpdiensten,0
63075,19,Tuesday,11,0,3,1.0,Arnhem Centraal - Nijmegen,rolling stock,gestrande trein,1
63076,19,Tuesday,11,0,4,1.0,Arnhem Centraal - Utrecht Centraal,rolling stock,gestrande trein,0
63078,19,Tuesday,11,0,2,1.0,Amersfoort - Zwolle,external,persoon op het spoor,0
63079,19,Tuesday,11,0,6,1.0,Haarlem - Uitgeest,rolling stock,defecte trein,1
63080,8,Wednesday,11,0,2,1.0,Breda - Rotterdam Centraal (HSL),rolling stock,gestrande trein,1
63081,8,Wednesday,11,0,3,2.0,Breda - Dordrecht,rolling stock,gestrande trein,1
63082,8,Wednesday,11,0,8,1.0,Dordrecht - Rotterdam Centraal,rolling stock,gestrande trein,1
63083,11,Wednesday,11,0,12,1.0,Rotterdam Centraal - Utrecht Centraal,unknown,technisch onderzoek,0
63084,11,Wednesday,11,0,2,1.0,Den Haag Centraal - Den Haag HS,engineering work,herstelwerkzaamheden,1
63085,11,Wednesday,11,0,2,1.0,Rotterdam Centraal - Schiphol Airport (HSL),rolling stock,defecte trein,0
63088,14,Wednesday,11,0,4,1.0,Alkmaar - Amsterdam Centraal,accidents,aanrijding,0
63089,14,Wednesday,11,0,2,1.0,Eindhoven - Roermond,rolling stock,defecte trein,0
63090,14,Wednesday,11,0,3,1.0,'s-Hertogenbosch - Utrecht Centraal,infrastructure,defect spoor,1
63091,17,Wednesday,11,0,5,1.0,Arnhem Centraal - Nijmegen,rolling stock,defecte trein,0
63092,17,Wednesday,11,0,2,2.0,Amsterdam Centraal - Lelystad Centrum,external,persoon op het spoor,0
63094,20,Wednesday,11,0,9,1.0,Eindhoven - Venlo,rolling stock,defecte trein,0
63096,5,Thursday,11,0,5,1.0,Amersfoort - Utrecht Centraal,infrastructure,defect spoor,1
63097,5,Thursday,11,0,2,4.0,Alkmaar - Amsterdam Centraal,infrastructure,defect spoor,1
63098,5,Thursday,11,0,24,3.0,'s-Hertogenbosch - Eindhoven,infrastructure,defect spoor,1
63099,6,Thursday,11,0,2,1.0,Amersfoort - Zwolle,logistical,verstoring elders,0
63100,6,Thursday,11,0,9,1.0,Amersfoort - Amsterdam Centraal,infrastructure,overwegstoring,1
63101,9,Thursday,11,0,3,1.0,'s-Hertogenbosch - Nijmegen,rolling stock,defecte trein,1
63102,9,Thursday,11,0,5,1.0,Maastricht - Sittard,infrastructure,sein-en overwegstoring,1
63103,11,Thursday,11,0,11,1.0,Amsterdam Centraal - Lelystad Centrum,infrastructure,seinstoring,1
63104,11,Thursday,11,0,10,1.0,Amsterdam Centraal - Utrecht Centraal,infrastructure,defect spoor,1
63105,12,Thursday,11,0,10,1.0,Amsterdam Centraal - Woerden,rolling stock,defecte trein,1
63106,12,Thursday,11,0,5,1.0,Maastricht - Sittard,infrastructure,sein-en overwegstoring,1
63107,13,Thursday,11,0,2,2.0,Aachen Hbf - Heerlen,rolling stock,defecte trein,1
63109,15,Thursday,11,0,7,1.0,Alphen a/d Rijn - Gouda,infrastructure,defecte spoorbrug,1
63110,17,Thursday,11,0,2,1.0,Eindhoven - Roermond,rolling stock,defecte trein,0
63111,17,Thursday,11,0,3,1.0,'s-Hertogenbosch - Nijmegen,rolling stock,defecte trein,0
63112,18,Thursday,11,0,6,1.0,'s-Hertogenbosch - Nijmegen,rolling stock,defecte trein,0
63113,19,Thursday,11,0,3,2.0,Den Haag Centraal - Utrecht Centraal,rolling stock,gestrande trein,1
63115,2,Friday,11,0,3,1.0,Amersfoort - Zwolle,infrastructure,wisselstoring,1
63116,4,Friday,11,0,2,4.0,Amersfoort - Amsterdam Centraal,engineering work,herstelwerkzaamheden,1
63117,4,Friday,11,0,2,1.0,Rotterdam Centraal - Schiphol Airport (HSL),engineering work,herstelwerkzaamheden,1
63118,4,Friday,11,0,5,2.0,Amsterdam Centraal - Schiphol Airport,infrastructure,defect spoor,1
63119,4,Friday,11,0,5,1.0,Leiden Centraal - Schiphol Airport,engineering work,herstelwerkzaamheden,1
63120,6,Friday,11,0,5,1.0,Haarlem - Leiden Centraal,rolling stock,gestrande trein,0
63121,11,Friday,11,0,3,1.0,Leeuwarden - Zwolle,infrastructure,sein-en overwegstoring,1
63124,12,Friday,11,0,4,1.0,Amsterdam Centraal - Schiphol Airport,engineering work,herstelwerkzaamheden,1
63125,15,Friday,11,0,5,1.0,Breda - Tilburg,rolling stock,defecte trein,0
63126,20,Friday,11,0,10,1.0,Arnhem Centraal - Utrecht Centraal,external,persoon op het spoor,0
63127,22,Friday,11,0,2,2.0,Groningen - Bad Nieuweschans,infrastructure,seinstoring,1
63128,8,Saturday,11,1,8,1.0,Amersfoort - Schiphol Airport,infrastructure,seinstoring,1
63129,9,Saturday,11,1,2,1.0,Rotterdam Centraal - Schiphol Airport (HSL),rolling stock,gestrande trein,1
63130,9,Saturday,11,1,3,1.0,'s-Hertogenbosch - Utrecht Centraal,unknown,technisch onderzoek,0
63131,10,Saturday,11,1,2,1.0,Eindhoven - Venlo,rolling stock,defecte trein,0
63132,11,Saturday,11,1,3,1.0,Aachen Hbf - Heerlen,rolling stock,defecte trein,1
63133,12,Saturday,11,1,3,3.0,Arnhem Centraal - Basel SBB,logistical,problemen op het spoor in het buitenland,1
63134,19,Saturday,11,1,2,1.0,Eindhoven - Venlo,rolling stock,gestrande trein,0
63135,21,Saturday,11,1,8,1.0,Arnhem Centraal - Zutphen,external,inzet van de politie,0
63136,22,Saturday,11,1,5,1.0,Arnhem Centraal - Nijmegen,rolling stock,defecte trein,0
63137,22,Saturday,11,1,3,2.0,'s-Hertogenbosch - Utrecht Centraal,external,persoon op het spoor,0
63138,5,Sunday,11,1,4,2.0,Amersfoort - Schiphol Airport,rolling stock,gestrande trein,0
63139,6,Sunday,11,1,4,2.0,Amersfoort - Schiphol Airport,external,hinder op het spoor,1
63140,7,Sunday,11,1,5,1.0,Schiphol Airport - Utrecht Centraal,external,hinder op het spoor,1
63141,7,Sunday,11,1,5,1.0,Leiden Centraal - Schiphol Airport,external,hinder op het spoor,1
63142,7,Sunday,11,1,5,2.0,Amsterdam Centraal - Schiphol Airport,external,hinder op het spoor,0
63143,8,Sunday,11,1,2,1.0,Rotterdam Centraal - Schiphol Airport (HSL),external,hinder op het spoor,1
63144,9,Sunday,11,1,3,1.0,Amersfoort - Zwolle,infrastructure,wisselstoring,1
63145,13,Sunday,11,1,9,1.0,Groningen - Leeuwarden,infrastructure,wisselstoring,1
63146,13,Sunday,11,1,3,3.0,Arnhem Centraal - Basel SBB,rolling stock,defecte trein,0
63148,16,Sunday,11,1,3,1.0,Arnhem Centraal - Zutphen,rolling stock,gestrande trein,0
63149,18,Sunday,11,1,4,1.0,Alkmaar - Amsterdam Centraal,rolling stock,defecte trein,0
63150,18,Sunday,11,1,4,1.0,Groningen - Leeuwarden,infrastructure,wisselstoring,0
63151,19,Sunday,11,1,6,1.0,Almelo - Deventer,rolling stock,gestrande trein,0
63152,19,Sunday,11,1,2,1.0,Breda - Rotterdam Centraal (HSL),rolling stock,gestrande trein,0
63153,21,Sunday,11,1,2,1.0,Rotterdam Centraal - Schiphol Airport (HSL),rolling stock,gestrande trein,0
63154,21,Sunday,11,1,2,2.0,Amersfoort - Amsterdam Centraal,rolling stock,defecte trein,0
63156,21,Sunday,11,1,3,1.0,Amersfoort - Zwolle,rolling stock,defecte trein,0
63157,22,Sunday,11,1,3,1.0,Breda - Roosendaal,external,inzet van de brandweer,0
63158,22,Sunday,11,1,2,2.0,Eindhoven - Venlo,rolling stock,defecte trein,0
63159,23,Sunday,11,1,4,1.0,Groningen - Zwolle,rolling stock,gestrande trein,1
63160,6,Monday,11,0,6,1.0,Groningen - Leeuwarden,external,boom op het spoor,1
63161,6,Monday,11,0,5,2.0,Amersfoort - Apeldoorn,infrastructure,stroomstoring,1
63162,7,Monday,11,0,6,1.0,Groningen - Leeuwarden,rolling stock,defecte trein,0
63163,7,Monday,11,0,3,2.0,Alkmaar - Den Helder,infrastructure,seinstoring,0
63164,7,Monday,11,0,2,1.0,Rotterdam Centraal - Schiphol Airport (HSL),rolling stock,gestrande trein,0
63165,7,Monday,11,0,6,1.0,Leeuwarden - Stavoren,rolling stock,defecte trein,1
63167,8,Monday,11,0,3,1.0,Arnhem Centraal - Winterswijk,rolling stock,defecte trein,0
63170,9,Monday,11,0,4,1.0,Harlingen Haven - Leeuwarden,infrastructure,seinstoring,1
63171,10,Monday,11,0,4,1.0,Leeuwarden - Stavoren,infrastructure,seinstoring,1
63172,10,Monday,11,0,2,1.0,Amersfoort - Zwolle,infrastructure,seinstoring,1
63173,10,Monday,11,0,10,5.0,Groningen - Bad Nieuweschans,logistical,eerdere verstoring,1
63174,11,Monday,11,0,4,3.0,Berlin Ostbahnhof - Hengelo,rolling stock,beperkingen in de materieelinzet,1
63175,11,Monday,11,0,2,1.0,Breda - Rotterdam Centraal (HSL),rolling stock,gestrande trein,1
63176,12,Monday,11,0,3,2.0,Breda - Dordrecht,rolling stock,gestrande trein,1
63177,12,Monday,11,0,15,3.0,Den Haag Centraal - Den Haag HS,rolling stock,gestrande trein,1
63178,12,Monday,11,0,2,1.0,Rotterdam Centraal - Schiphol Airport (HSL),rolling stock,gestrande trein,0
63179,12,Monday,11,0,5,1.0,Apeldoorn - Zutphen,infrastructure,stroomstoring,0
63180,13,Monday,11,0,3,1.0,'s-Hertogenbosch - Eindhoven,infrastructure,seinstoring,1
63181,13,Monday,11,0,2,1.0,Lelystad Centrum - Zwolle,external,koperdiefstal,1
63182,13,Monday,11,0,3,1.0,Amersfoort - Zwolle,external,koperdiefstal,1
63183,15,Monday,11,0,2,7.0,Amersfoort - Schiphol Airport,infrastructure,seinstoring,0
63184,20,Monday,11,0,3,2.0,Groningen - Bad Nieuweschans,rolling stock,defecte trein,0
63185,21,Monday,11,0,3,1.0,Eindhoven - Tilburg,rolling stock,defecte trein,0
63187,22,Monday,11,0,5,1.0,'s-Hertogenbosch - Nijmegen,rolling stock,defecte trein,0
63188,22,Monday,11,0,7,3.0,Arnhem Centraal - Basel SBB,rolling stock,defecte trein,1
63189,5,Tuesday,11,0,5,2.0,Amsterdam Centraal - Schiphol Airport,infrastructure,seinstoring,1
63190,5,Tuesday,11,0,3,1.0,Dordrecht - Geldermalsen,engineering work,uitloop van werkzaamheden,1
63191,7,Tuesday,11,0,6,1.0,Arnhem Centraal - Zutphen,rolling stock,defecte trein,0
63193,9,Tuesday,11,0,3,1.0,Liège-Guillemins - Maastricht,external,inzet van hulpdiensten,0
63194,9,Tuesday,11,0,2,1.0,Eindhoven - Venlo,rolling stock,defecte trein,0
63195,9,Tuesday,11,0,3,1.0,'s-Hertogenbosch - Eindhoven,infrastructure,seinstoring,0
63197,10,Tuesday,11,0,14,2.0,'s-Hertogenbosch - Eindhoven,logistical,verstoring elders,1
63198,10,Tuesday,11,0,10,1.0,Amsterdam Centraal - Woerden,accidents,aanrijding,1
63199,10,Tuesday,11,0,7,1.0,Arnhem Centraal - Utrecht Centraal,logistical,verstoring elders,1
63201,10,Tuesday,11,0,11,1.0,Roosendaal - Vlissingen,rolling stock,defecte trein,0
63202,11,Tuesday,11,0,4,2.0,Arnhem Centraal - Utrecht Centraal,accidents,aanrijding,0
63203,14,Tuesday,11,0,4,2.0,'s-Hertogenbosch - Eindhoven,infrastructure,seinstoring,0
63204,14,Tuesday,11,0,7,3.0,Arnhem Centraal - Basel SBB,rolling stock,defecte trein,0
63205,14,Tuesday,11,0,8,1.0,Dordrecht - Rotterdam Centraal,external,dier op het spoor,0
63207,14,Tuesday,11,0,4,1.0,Den Haag Centraal - Utrecht Centraal,rolling stock,defecte trein,0
63208,15,Tuesday,11,0,4,1.0,Almelo - Hengelo,rolling stock,defecte trein,0
63209,17,Tuesday,11,0,5,1.0,Leiden Centraal - Schiphol Airport,rolling stock,defecte trein,0
63210,17,Tuesday,11,0,3,1.0,'s-Hertogenbosch - Eindhoven,external,inzet van de politie,0
63211,17,Tuesday,11,0,2,1.0,Rhenen - Utrecht Centraal,rolling stock,defecte trein,0
63212,18,Tuesday,11,0,4,1.0,Aachen Hbf - Heerlen,staff,problemen met de personeelsinzet,1
63213,18,Tuesday,11,0,5,1.0,Roermond - Venlo,rolling stock,defecte trein,0
63215,20,Tuesday,11,0,2,1.0,Deventer - Zutphen,rolling stock,defecte trein,0
63216,21,Tuesday,11,0,4,1.0,Alkmaar - Amsterdam Centraal,rolling stock,defecte trein,0
63217,7,Wednesday,11,0,2,1.0,Leiden Centraal - Utrecht Centraal,rolling stock,defecte trein,0
63218,7,Wednesday,11,0,3,1.0,Amsterdam Centraal - Hoorn,rolling stock,defecte trein,0
63219,8,Wednesday,11,0,3,1.0,Amsterdam Centraal - Hoorn,rolling stock,defecte trein,0
63221,8,Wednesday,11,0,3,4.0,Amersfoort - Schiphol Airport,rolling stock,gestrande trein,0
63222,8,Wednesday,11,0,15,3.0,Den Haag Centraal - Den Haag HS,rolling stock,gestrande trein,0
63223,8,Wednesday,11,0,2,1.0,'s-Hertogenbosch - Tilburg,infrastructure,sein-en overwegstoring,0
63224,9,Wednesday,11,0,4,1.0,Dordrecht - Roosendaal,rolling stock,defecte trein,0
63225,9,Wednesday,11,0,2,1.0,'s-Hertogenbosch - Tilburg,infrastructure,sein-en overwegstoring,0
63227,10,Wednesday,11,0,4,1.0,Leiden Centraal - Schiphol Airport,infrastructure,seinstoring,1
63228,10,Wednesday,11,0,8,1.0,Dordrecht - Rotterdam Centraal,logistical,verstoring elders,1
63229,10,Wednesday,11,0,6,1.0,Den Haag Centraal - Leiden Centraal,infrastructure,seinstoring,1
63230,10,Wednesday,11,0,4,1.0,Schiphol Airport - Utrecht Centraal,infrastructure,seinstoring,1
63231,11,Wednesday,11,0,11,1.0,Roosendaal - Vlissingen,accidents,beschadigde overweg,0
63233,13,Wednesday,11,0,5,1.0,Eindhoven - Roermond,rolling stock,gestrande trein,1
63234,13,Wednesday,11,0,2,1.0,Emmen - Zwolle,rolling stock,defecte trein,0
63235,13,Wednesday,11,0,4,2.0,'s-Hertogenbosch - Eindhoven,rolling stock,gestrande trein,0
63236,13,Wednesday,11,0,4,2.0,'s-Hertogenbosch - Eindhoven,rolling stock,gestrande trein,0
63237,14,Wednesday,11,0,7,1.0,Emmen - Zwolle,infrastructure,overwegstoring,1
63238,15,Wednesday,11,0,4,1.0,Groningen - Zwolle,rolling stock,defecte trein,0
63240,17,Wednesday,11,0,4,1.0,Deventer - Zwolle,rolling stock,gestrande trein,0
63241,18,Wednesday,11,0,4,1.0,Den Haag Centraal - Utrecht Centraal,accidents,aanrijding,1
63242,19,Wednesday,11,0,4,1.0,Almelo - Hengelo,rolling stock,defecte trein,0
63243,22,Wednesday,11,0,7,1.0,Den Haag Centraal - Utrecht Centraal,infrastructure,overwegstoring,0
63244,3,Thursday,11,0,2,1.0,Amersfoort - Zwolle,infrastructure,defect spoor,1
63245,6,Thursday,11,0,6,1.0,Rhenen - Utrecht Centraal,weather,rijp aan de bovenleiding,1
63246,6,Thursday,11,0,9,1.0,Groningen - Leeuwarden,infrastructure,wisselstoring,1
63247,6,Thursday,11,0,3,1.0,Baarn - Utrecht Centraal,weather,rijp aan de bovenleiding,1
63248,6,Thursday,11,0,4,1.0,Amersfoort - Ede-Wageningen,weather,rijp aan de bovenleiding,1
63250,6,Thursday,11,0,7,2.0,Amsterdam Centraal - Utrecht Centraal,weather,rijp aan de bovenleiding,0
63251,6,Thursday,11,0,4,1.0,Arnhem Centraal - Utrecht Centraal,weather,rijp aan de bovenleiding,1
63252,7,Thursday,11,0,5,1.0,Apeldoorn - Zutphen,rolling stock,defecte trein,0
63253,7,Thursday,11,0,8,1.0,Leeuwarden - Zwolle,rolling stock,gestrande trein,0
63254,7,Thursday,11,0,5,2.0,Amersfoort - Apeldoorn,rolling stock,defecte trein,0
63255,7,Thursday,11,0,3,1.0,Amersfoort - Ede-Wageningen,rolling stock,defecte trein,0
63256,7,Thursday,11,0,5,1.0,Eindhoven - Roermond,rolling stock,defecte trein,0
63257,7,Thursday,11,0,4,2.0,'s-Hertogenbosch - Eindhoven,rolling stock,defecte trein,0
63258,9,Thursday,11,0,5,1.0,'s-Hertogenbosch - Nijmegen,rolling stock,defecte trein,0
63259,9,Thursday,11,0,4,1.0,Lelystad Centrum - Zwolle,unknown,technisch onderzoek,1
63260,11,Thursday,11,0,3,2.0,Amersfoort - Amsterdam Centraal,unknown,technisch onderzoek,0
63261,12,Thursday,11,0,2,2.0,Amersfoort - Amsterdam Centraal,infrastructure,wisselstoring,0
63264,15,Thursday,11,0,10,1.0,Heerlen - Maastricht,rolling stock,beperkingen in de materieelinzet,1
63265,16,Thursday,11,0,11,1.0,Amsterdam Centraal - Utrecht Centraal,logistical,verstoring elders,1
63266,16,Thursday,11,0,4,1.0,Alkmaar - Amsterdam Centraal,accidents,aanrijding,1
63267,16,Thursday,11,0,4,3.0,Almere Oostvaarders - Utrecht Centraal,rolling stock,defecte trein,0
63271,19,Thursday,11,0,2,1.0,Amersfoort - Zwolle,rolling stock,defecte trein,0
63272,19,Thursday,11,0,2,1.0,Eindhoven - Roermond,rolling stock,defecte trein,0
63273,19,Thursday,11,0,4,1.0,Haarlem - Leiden Centraal,accidents,beschadigd spoorviaduct,1
63274,19,Thursday,11,0,6,1.0,Den Haag Centraal - Leiden Centraal,accidents,beschadigd spoorviaduct,1
63275,23,Thursday,11,0,5,1.0,'s-Hertogenbosch - Nijmegen,rolling stock,defecte trein,0
63277,5,Friday,11,0,3,1.0,Breda - Dordrecht,infrastructure,seinstoring,0
63278,6,Friday,11,0,4,2.0,Arnhem Centraal - Utrecht Centraal,weather,rijp aan de bovenleiding,1
63279,6,Friday,11,0,9,1.0,Groningen - Leeuwarden,unknown,technisch onderzoek,1
63280,6,Friday,11,0,4,1.0,Groningen - Zwolle,weather,rijp aan de bovenleiding,0
63281,6,Friday,11,0,6,1.0,Leeuwarden - Zwolle,weather,rijp aan de bovenleiding,0
63282,7,Friday,11,0,4,1.0,Leeuwarden - Zwolle,weather,rijp aan de bovenleiding,1
63283,8,Friday,11,0,3,1.0,Groningen - Leeuwarden,engineering work,herstelwerkzaamheden,1
63284,8,Friday,11,0,2,1.0,Breda - Rotterdam Centraal (HSL),rolling stock,gestrande trein,0
63286,8,Friday,11,0,5,1.0,Arnhem Centraal - Nijmegen,rolling stock,defecte trein,0
63287,9,Friday,11,0,10,1.0,Amersfoort - Zwolle,infrastructure,wisselstoring,1
63288,9,Friday,11,0,3,2.0,'s-Hertogenbosch - Utrecht Centraal,rolling stock,gestrande trein,0
63289,11,Friday,11,0,3,1.0,Nijmegen - Venlo,rolling stock,gestrande trein,0
63290,11,Friday,11,0,3,1.0,Nijmegen - Venlo,accidents,aanrijding,1
63291,12,Friday,11,0,5,4.0,Arnhem Centraal - Basel SBB,rolling stock,defecte trein,0
63292,15,Friday,11,0,2,1.0,'s-Hertogenbosch - Tilburg,rolling stock,defecte trein,0
63293,15,Friday,11,0,2,2.0,Amersfoort - Amsterdam Centraal,external,inzet van hulpdiensten,1
63294,15,Friday,11,0,2,2.0,Amersfoort - Amsterdam Centraal,external,inzet van hulpdiensten,1
63295,19,Friday,11,0,9,2.0,Leiden Centraal - Schiphol Airport,infrastructure,beschadigde bovenleiding,1
63296,19,Friday,11,0,9,1.0,'s-Hertogenbosch - Utrecht Centraal,rolling stock,defecte trein,0
63297,20,Friday,11,0,11,1.0,Amsterdam Centraal - Utrecht Centraal,rolling stock,defecte trein,0
63298,23,Friday,11,0,2,1.0,Eindhoven - Roermond,infrastructure,overwegstoring,1
63299,1,Saturday,11,1,5,1.0,Leiden Centraal - Schiphol Airport,engineering work,herstelwerkzaamheden,1
63300,6,Saturday,11,1,2,1.0,Eindhoven - Roermond,infrastructure,overwegstoring,1
63301,7,Saturday,11,1,4,1.0,Aachen Hbf - Heerlen,weather,rijp aan de bovenleiding,1
63302,7,Saturday,11,1,10,1.0,Heerlen - Maastricht,weather,rijp aan de bovenleiding,1
63303,7,Saturday,11,1,6,1.0,Winterswijk - Zutphen,rolling stock,defecte trein,0
63304,8,Saturday,11,1,2,1.0,Winterswijk - Zutphen,rolling stock,defecte trein,1
63305,11,Saturday,11,1,6,1.0,Aachen Hbf - Heerlen,staff,problemen met de personeelsinzet,1
63306,11,Saturday,11,1,3,1.0,Groningen - Zwolle,accidents,aanrijding,1
63307,11,Saturday,11,1,4,1.0,Arnhem Centraal - Utrecht Centraal,external,boom op het spoor,1
63308,13,Saturday,11,1,2,1.0,Amersfoort - Zwolle,rolling stock,defecte trein,1
63309,17,Saturday,11,1,8,1.0,Leeuwarden - Zwolle,rolling stock,gestrande trein,0
63310,17,Saturday,11,1,5,1.0,Eindhoven - Roermond,accidents,aanrijding,1
63311,18,Saturday,11,1,8,2.0,Amsterdam Centraal - Utrecht Centraal,rolling stock,defecte trein,0
63312,18,Saturday,11,1,3,2.0,Breda - Dordrecht,unknown,technisch onderzoek,0
63314,19,Saturday,11,1,3,1.0,Emmen - Zwolle,accidents,aanrijding,1
63315,21,Saturday,11,1,2,1.0,Den Haag Centraal - Den Haag HS,rolling stock,gestrande trein,0
63316,0,Sunday,11,1,3,1.0,Groningen - Eemshaven,external,voertuig op het spoor,0
63317,7,Sunday,11,1,3,2.0,Arnhem Centraal - Utrecht Centraal,accidents,aanrijding,0
63318,8,Sunday,11,1,3,1.0,Eindhoven - Tilburg,accidents,aanrijding,1
63319,9,Sunday,11,1,2,1.0,Amersfoort - Ede-Wageningen,rolling stock,defecte trein,0
63320,9,Sunday,11,1,6,1.0,Aachen Hbf - Heerlen,rolling stock,defecte trein,0
63321,9,Sunday,11,1,2,1.0,Breda - Tilburg,accidents,aanrijding,1
63323,11,Sunday,11,1,2,7.0,Amersfoort - Schiphol Airport,external,brandmelding,1
63324,11,Sunday,11,1,4,3.0,Almere Oostvaarders - Utrecht Centraal,infrastructure,wisselstoring,0
63325,12,Sunday,11,1,5,1.0,Amsterdam Centraal - Hoorn,rolling stock,defecte trein,0
63326,12,Sunday,11,1,2,1.0,Amsterdam Centraal - Woerden,rolling stock,defecte trein,0
63327,12,Sunday,11,1,5,1.0,Amsterdam Centraal - Hoorn,rolling stock,gestrande trein,1
63328,12,Sunday,11,1,3,1.0,Aachen Hbf - Heerlen,rolling stock,defecte trein,1
63329,13,Sunday,11,1,6,1.0,'s-Hertogenbosch - Nijmegen,unknown,technisch onderzoek,0
63330,15,Sunday,11,1,8,1.0,Lelystad Centrum - Schiphol Airport,weather,aangepaste dienstregeling,1
63331,18,Sunday,11,1,4,1.0,Deventer - Zwolle,infrastructure,seinstoring,1
63332,22,Sunday,11,1,2,1.0,Rotterdam Centraal - Schiphol Airport (HSL),rolling stock,gestrande trein,0
63333,23,Sunday,11,1,5,1.0,Maastricht - Sittard,accidents,aanrijding,1
63334,5,Monday,11,0,3,2.0,Breda - Dordrecht,logistical,verstoring elders,1
63335,5,Monday,11,0,14,2.0,Den Haag HS - Rotterdam Centraal,logistical,verstoring elders,1
63336,5,Monday,11,0,7,2.0,Brussel-Zuid/Midi - Rotterdam Centraal (HSL),staff,acties in het buitenland,1
63337,5,Monday,11,0,7,1.0,Alphen a/d Rijn - Gouda,infrastructure,seinstoring,1
63338,5,Monday,11,0,6,2.0,Liège-Guillemins - Maastricht,staff,acties in het buitenland,1
63339,6,Monday,11,0,11,1.0,Roosendaal - Vlissingen,rolling stock,gestrande trein,0
63340,6,Monday,11,0,5,1.0,Den Haag Centraal - Utrecht Centraal,rolling stock,defecte trein,0
63342,8,Monday,11,0,5,3.0,Den Haag Centraal - Utrecht Centraal,rolling stock,defecte trein,0
63344,9,Monday,11,0,8,1.0,Dordrecht - Geldermalsen,rolling stock,defecte trein,1
63345,9,Monday,11,0,14,2.0,'s-Hertogenbosch - Eindhoven,accidents,beschadigde spoorbrug,1
63346,10,Monday,11,0,2,4.0,Groningen - Bad Nieuweschans,logistical,eerdere verstoring,1
63347,14,Monday,11,0,3,1.0,Aachen Hbf - Heerlen,logistical,problemen op het spoor in het buitenland,1
63348,16,Monday,11,0,8,1.0,Arnhem Centraal - Zutphen,rolling stock,gestrande trein,0
63349,16,Monday,11,0,2,3.0,Amersfoort - Schiphol Airport,rolling stock,defecte trein,0
63350,16,Monday,11,0,3,1.0,Breda - Dordrecht,rolling stock,defecte trein,1
63351,16,Monday,11,0,13,4.0,Den Haag Centraal - Den Haag HS,rolling stock,defecte trein,1
63353,17,Monday,11,0,10,1.0,Groningen - Eemshaven,rolling stock,defecte trein,0
63354,18,Monday,11,0,4,2.0,Almere Oostvaarders - Utrecht Centraal,rolling stock,defecte trein,0
63355,19,Monday,11,0,2,1.0,Emmen - Zwolle,accidents,aanrijding,0
63356,21,Monday,11,0,4,1.0,Apeldoorn - Deventer,accidents,aanrijding,1
63357,0,Tuesday,11,0,5,2.0,Amsterdam Centraal - Utrecht Centraal,engineering work,herstelwerkzaamheden,1
63358,5,Tuesday,11,0,4,3.0,Amsterdam Centraal - Schiphol Airport,infrastructure,wisselstoring,0
63359,6,Tuesday,11,0,3,1.0,Alkmaar - Amsterdam Centraal,external,inzet van hulpdiensten,0
63360,6,Tuesday,11,0,4,1.0,Roermond - Sittard,accidents,beschadigde overweg,1
63361,7,Tuesday,11,0,3,1.0,Eindhoven - Tilburg,rolling stock,defecte trein,0
63362,7,Tuesday,11,0,6,1.0,Eindhoven - Tilburg,rolling stock,defecte trein,0
63363,7,Tuesday,11,0,4,1.0,Den Haag Centraal - Utrecht Centraal,rolling stock,defecte trein,0
63364,11,Tuesday,11,0,5,1.0,Breda - Tilburg,rolling stock,defecte trein,1
63365,12,Tuesday,11,0,9,1.0,Groningen - Leeuwarden,infrastructure,systeemstoring,0
63367,15,Tuesday,11,0,11,1.0,Roosendaal - Vlissingen,rolling stock,defecte trein,0
63368,15,Tuesday,11,0,2,1.0,Breda - Rotterdam Centraal (HSL),rolling stock,defecte trein,0
63369,16,Tuesday,11,0,7,1.0,Den Haag HS - Rotterdam Centraal,infrastructure,defect spoor,1
63370,16,Tuesday,11,0,4,1.0,Amsterdam Centraal - Haarlem,external,inzet van de politie,0
63371,16,Tuesday,11,0,3,1.0,Arnhem Centraal - Nijmegen,rolling stock,defecte trein,0
63372,18,Tuesday,11,0,2,1.0,Groningen - Zwolle,rolling stock,gestrande trein,1
63373,19,Tuesday,11,0,4,1.0,Apeldoorn - Deventer,rolling stock,defecte trein,0
63374,20,Tuesday,11,0,2,1.0,Dordrecht - Roosendaal,rolling stock,gestrande trein,0
63375,20,Tuesday,11,0,3,1.0,Eindhoven - Venlo,external,inzet van de brandweer,0
63376,22,Tuesday,11,0,5,1.0,Almelo - Deventer,rolling stock,gestrande trein,0
63377,22,Tuesday,11,0,4,2.0,'s-Hertogenbosch - Utrecht Centraal,external,inzet van de politie,0
63378,6,Wednesday,11,0,3,2.0,Alkmaar - Den Helder,rolling stock,defecte trein,1
63379,7,Wednesday,11,0,2,1.0,Roermond - Venlo,rolling stock,gestrande trein,0
63380,8,Wednesday,11,0,4,2.0,Amsterdam Centraal - Lelystad Centrum,rolling stock,defecte trein,0
63381,8,Wednesday,11,0,5,2.0,Amsterdam Centraal - Schiphol Airport,rolling stock,defecte trein,1
63382,8,Wednesday,11,0,5,1.0,Arnhem Centraal - Nijmegen,rolling stock,defecte trein,0
63383,8,Wednesday,11,0,3,2.0,Amersfoort - Schiphol Airport,rolling stock,defecte trein,0
63384,8,Wednesday,11,0,2,1.0,Rotterdam Centraal - Schiphol Airport (HSL),rolling stock,defecte trein,0
63385,9,Wednesday,11,0,3,1.0,'s-Hertogenbosch - Eindhoven,rolling stock,defecte trein,0
63386,9,Wednesday,11,0,2,1.0,Amersfoort - Utrecht Centraal,rolling stock,defecte trein,0
63387,10,Wednesday,11,0,3,1.0,'s-Hertogenbosch - Utrecht Centraal,rolling stock,defecte trein,0
63388,11,Wednesday,11,0,4,2.0,Amsterdam Centraal - Utrecht Centraal,rolling stock,defecte trein,0
63389,13,Wednesday,11,0,3,2.0,Den Haag Centraal - Utrecht Centraal,rolling stock,defecte trein,0
63390,15,Wednesday,11,0,5,3.0,Almere Oostvaarders - Utrecht Centraal,rolling stock,defecte trein,0
63391,17,Wednesday,11,0,2,1.0,Breda - Rotterdam Centraal (HSL),external,dier op het spoor,0
63392,17,Wednesday,11,0,2,1.0,'s-Hertogenbosch - Tilburg,external,rommel op het spoor,1
63393,21,Wednesday,11,0,2,1.0,Antwerpen-Centraal - Roosendaal,rolling stock,defecte trein,0
63394,22,Wednesday,11,0,6,1.0,Hengelo - Zutphen,rolling stock,gestrande trein,0
63396,8,Thursday,11,0,3,1.0,Arnhem Centraal - Nijmegen,rolling stock,defecte trein,0
63399,11,Thursday,11,0,3,2.0,Amersfoort - Amsterdam Centraal,rolling stock,defecte trein,0
63400,12,Thursday,11,0,5,1.0,Amersfoort - Utrecht Centraal,engineering work,herstelwerkzaamheden,0
63402,12,Thursday,11,0,2,1.0,Roosendaal - Vlissingen,infrastructure,seinstoring,0
63403,13,Thursday,11,0,4,1.0,Amsterdam Centraal - Haarlem,external,persoon op het spoor,0
63405,17,Thursday,11,0,5,1.0,'s-Hertogenbosch - Nijmegen,rolling stock,defecte trein,0
63406,18,Thursday,11,0,3,1.0,Eindhoven - Tilburg,rolling stock,defecte trein,0
63407,19,Thursday,11,0,2,11.0,Arnhem Centraal - Basel SBB,external,persoon op het spoor,0
63408,19,Thursday,11,0,4,1.0,Roermond - Sittard,infrastructure,overwegstoring,1
63409,19,Thursday,11,0,5,1.0,'s-Hertogenbosch - Nijmegen,rolling stock,defecte trein,0
63411,19,Thursday,11,0,3,1.0,Almere Oostvaarders - Utrecht Centraal,rolling stock,defecte trein,0
63412,8,Friday,11,0,6,1.0,Haarlem - Uitgeest,infrastructure,seinstoring,1
63415,12,Friday,11,0,9,1.0,Groningen - Leeuwarden,rolling stock,defecte trein,0
63416,14,Friday,11,0,2,1.0,Roermond - Venlo,rolling stock,defecte trein,0
63417,15,Friday,11,0,3,2.0,Delfzijl - Groningen,external,persoon op het spoor,0
63418,15,Friday,11,0,4,1.0,Apeldoorn - Deventer,external,persoon op het spoor,1
63419,16,Friday,11,0,3,1.0,'s-Hertogenbosch - Eindhoven,rolling stock,defecte trein,0
63420,17,Friday,11,0,3,2.0,Breda - Dordrecht,infrastructure,seinstoring,1
63421,17,Friday,11,0,5,2.0,Amersfoort - Apeldoorn,rolling stock,defecte trein,0
63422,0,Saturday,11,1,5,1.0,Almelo - Deventer,accidents,aanrijding,0
63423,5,Saturday,11,1,6,1.0,Aachen Hbf - Heerlen,staff,problemen met de personeelsinzet,1
63425,16,Saturday,11,1,4,1.0,Dordrecht - Roosendaal,infrastructure,defecte spoorbrug,0
63426,19,Saturday,11,1,2,1.0,'s-Hertogenbosch - Tilburg,accidents,aanrijding,1
63427,21,Saturday,11,1,6,1.0,Groningen - Leeuwarden,external,inzet van hulpdiensten,0
63429,6,Sunday,11,1,4,3.0,Berlin Ostbahnhof - Hengelo,rolling stock,beperkingen in de materieelinzet,1
63430,10,Sunday,11,1,5,1.0,Eindhoven - Roermond,infrastructure,overwegstoring,0
63431,10,Sunday,11,1,8,1.0,Amsterdam Centraal - Lelystad Centrum,infrastructure,wisselstoring,1
63432,10,Sunday,11,1,2,1.0,Rotterdam Centraal - Schiphol Airport (HSL),rolling stock,gestrande trein,0
63434,13,Sunday,11,1,5,2.0,Amsterdam Centraal - Utrecht Centraal,infrastructure,wisselstoring,1
63435,15,Sunday,11,1,4,3.0,Amsterdam Centraal - Utrecht Centraal,rolling stock,defecte trein,0
63436,16,Sunday,11,1,7,1.0,Heerlen - Sittard,accidents,aanrijding,1
63438,20,Sunday,11,1,3,1.0,Amersfoort - Zwolle,external,koperdiefstal,1
63439,21,Sunday,11,1,3,1.0,Arnhem Centraal - Nijmegen,rolling stock,defecte trein,0
63440,21,Sunday,11,1,2,1.0,Lelystad Centrum - Zwolle,external,koperdiefstal,1
63441,4,Monday,12,0,8,1.0,Den Haag Centraal - Utrecht Centraal,infrastructure,defect spoor,1
63442,6,Monday,12,0,2,1.0,'s-Hertogenbosch - Tilburg,rolling stock,defecte trein,0
63443,6,Monday,12,0,2,1.0,Amersfoort - Apeldoorn,infrastructure,seinstoring,1
63444,6,Monday,12,0,3,1.0,Eindhoven - Venlo,rolling stock,defecte trein,0
63445,6,Monday,12,0,4,1.0,Amersfoort - Ede-Wageningen,infrastructure,seinstoring,1
63446,8,Monday,12,0,2,1.0,Breda - Rotterdam Centraal (HSL),infrastructure,wisselstoring,1
63447,8,Monday,12,0,5,1.0,Almelo - Zwolle,rolling stock,defecte trein,0
63448,8,Monday,12,0,3,2.0,Breda - Dordrecht,infrastructure,wisselstoring,1
63449,9,Monday,12,0,6,1.0,Hamm (Westf.) - Venlo,external,koperdiefstal,1
63451,12,Monday,12,0,2,1.0,Breda - Rotterdam Centraal (HSL),external,dier op het spoor,0
63452,12,Monday,12,0,8,1.0,Dordrecht - Rotterdam Centraal,external,dier op het spoor,0
63453,12,Monday,12,0,7,1.0,Den Haag HS - Rotterdam Centraal,external,dier op het spoor,0
63455,16,Monday,12,0,4,1.0,Den Haag HS - Rotterdam Centraal,rolling stock,defecte trein,0
63456,16,Monday,12,0,3,1.0,Breda - Dordrecht,external,persoon op het spoor,0
63457,16,Monday,12,0,3,1.0,Emmen - Zwolle,rolling stock,defecte trein,0
63458,17,Monday,12,0,3,1.0,Eindhoven - Roermond,rolling stock,defecte trein,0
63460,17,Monday,12,0,5,3.0,Almere Oostvaarders - Utrecht Centraal,rolling stock,gestrande trein,0
63461,18,Monday,12,0,9,1.0,'s-Hertogenbosch - Utrecht Centraal,external,persoon op het spoor,0
63462,18,Monday,12,0,2,1.0,Rotterdam Centraal - Schiphol Airport (HSL),external,brandmelding,0
63463,19,Monday,12,0,4,3.0,Amersfoort - Amsterdam Centraal,rolling stock,defecte trein,1
63464,19,Monday,12,0,2,1.0,Eindhoven - Roermond,rolling stock,defecte trein,0
63465,19,Monday,12,0,2,3.0,Amersfoort - Schiphol Airport,rolling stock,defecte trein,0
63466,20,Monday,12,0,3,2.0,Amersfoort - Schiphol Airport,rolling stock,defecte trein,0
63467,4,Tuesday,12,0,7,1.0,Hamm (Westf.) - Venlo,external,koperdiefstal,1
63469,5,Tuesday,12,0,3,1.0,Emmen - Zwolle,infrastructure,seinstoring,1
63470,6,Tuesday,12,0,5,1.0,'s-Hertogenbosch - Nijmegen,rolling stock,defecte trein,0
63471,7,Tuesday,12,0,3,1.0,Breda - Roosendaal,infrastructure,wisselstoring,0
63472,7,Tuesday,12,0,8,1.0,Arnhem Centraal - Zutphen,rolling stock,defecte trein,0
63473,8,Tuesday,12,0,3,2.0,Amersfoort - Schiphol Airport,external,inzet van hulpdiensten,0
63474,8,Tuesday,12,0,3,4.0,Amersfoort - Schiphol Airport,rolling stock,gestrande trein,0
63475,9,Tuesday,12,0,2,1.0,Breda - Rotterdam Centraal (HSL),external,dier op het spoor,0
63477,9,Tuesday,12,0,2,1.0,Breda - Rotterdam Centraal (HSL),rolling stock,gestrande trein,1
63479,9,Tuesday,12,0,13,1.0,Lelystad Centrum - Schiphol Airport,rolling stock,gestrande trein,1
63480,10,Tuesday,12,0,15,3.0,Den Haag Centraal - Den Haag HS,rolling stock,gestrande trein,1
63481,10,Tuesday,12,0,3,2.0,Breda - Dordrecht,rolling stock,gestrande trein,1
63482,10,Tuesday,12,0,2,1.0,Rotterdam Centraal - Schiphol Airport (HSL),rolling stock,gestrande trein,1
63484,10,Tuesday,12,0,7,1.0,Nijmegen - Venlo,rolling stock,beperkingen in de materieelinzet,1
63486,12,Tuesday,12,0,2,1.0,'s-Hertogenbosch - Tilburg,infrastructure,overwegstoring,0
63487,13,Tuesday,12,0,12,1.0,Rotterdam Centraal - Utrecht Centraal,external,inzet van hulpdiensten,1
63489,15,Tuesday,12,0,3,1.0,Breda - Roosendaal,rolling stock,gestrande trein,1
63490,15,Tuesday,12,0,8,2.0,Den Haag Centraal - Den Haag HS,rolling stock,gestrande trein,1
63491,15,Tuesday,12,0,3,1.0,Delfzijl - Groningen,infrastructure,wisselstoring,1
63492,15,Tuesday,12,0,3,4.0,Amersfoort - Schiphol Airport,rolling stock,defecte trein,0
63493,15,Tuesday,12,0,15,3.0,Den Haag Centraal - Den Haag HS,rolling stock,defecte trein,0
63494,15,Tuesday,12,0,3,2.0,Breda - Rotterdam Centraal (HSL),infrastructure,defecte bovenleiding,0
63495,16,Tuesday,12,0,15,3.0,Den Haag Centraal - Den Haag HS,infrastructure,defecte bovenleiding,0
63496,16,Tuesday,12,0,5,1.0,Arnhem Centraal - Nijmegen,rolling stock,defecte trein,1
63499,17,Tuesday,12,0,7,2.0,Den Haag Centraal - Utrecht Centraal,unknown,technisch onderzoek,1
63500,20,Tuesday,12,0,6,1.0,'s-Hertogenbosch - Eindhoven,unknown,technisch onderzoek,0
63502,21,Tuesday,12,0,4,1.0,Alkmaar - Amsterdam Centraal,external,persoon op het spoor,0
63504,21,Tuesday,12,0,2,1.0,Utrecht Centraal - Utrecht Maliebaan,external,mensen op het spoor,0
63505,21,Tuesday,12,0,3,14.0,'s-Hertogenbosch - Utrecht Centraal,external,persoon op het spoor,0
63507,8,Wednesday,12,0,2,1.0,Roermond - Venlo,rolling stock,defecte trein,1
63508,8,Wednesday,12,0,4,1.0,Arnhem Centraal - Utrecht Centraal,accidents,aanrijding,1
63509,8,Wednesday,12,0,7,2.0,Amsterdam Centraal - Utrecht Centraal,accidents,aanrijding,1
63510,8,Wednesday,12,0,5,1.0,Leiden Centraal - Schiphol Airport,accidents,aanrijding,1
63511,8,Wednesday,12,0,6,1.0,Den Haag Centraal - Leiden Centraal,accidents,aanrijding,1
63512,11,Wednesday,12,0,6,1.0,Rotterdam Centraal - Utrecht Centraal,infrastructure,wisselstoring,1
63513,15,Wednesday,12,0,2,1.0,Deventer - Zutphen,rolling stock,defecte trein,1
63514,19,Wednesday,12,0,9,1.0,'s-Hertogenbosch - Utrecht Centraal,unknown,technisch onderzoek,1
63515,6,Thursday,12,0,5,1.0,Breda - Tilburg,rolling stock,defecte trein,0
63516,6,Thursday,12,0,4,3.0,Berlin Ostbahnhof - Hengelo,rolling stock,beperkingen in de materieelinzet,1
63517,7,Thursday,12,0,5,1.0,Eindhoven - Roermond,infrastructure,wisselstoring,0
63518,10,Thursday,12,0,3,1.0,Alkmaar - Hoorn,rolling stock,defecte trein,0
63519,10,Thursday,12,0,4,1.0,Aachen Hbf - Heerlen,logistical,problemen op het spoor in het buitenland,1
63520,11,Thursday,12,0,7,1.0,Den Haag Centraal - Utrecht Centraal,rolling stock,defecte trein,0
63521,12,Thursday,12,0,5,1.0,Almelo - Mariënberg,rolling stock,defecte trein,0
63522,16,Thursday,12,0,7,1.0,Den Haag HS - Rotterdam Centraal,rolling stock,defecte trein,0
63523,16,Thursday,12,0,8,1.0,Dordrecht - Rotterdam Centraal,rolling stock,defecte trein,0
63525,16,Thursday,12,0,5,1.0,Emmen - Zwolle,rolling stock,defecte trein,0
63526,16,Thursday,12,0,2,1.0,'s-Hertogenbosch - Nijmegen,rolling stock,defecte trein,0
63528,18,Thursday,12,0,7,1.0,Den Haag Centraal - Utrecht Centraal,rolling stock,defecte trein,1
63529,19,Thursday,12,0,3,4.0,Amersfoort - Schiphol Airport,rolling stock,defecte trein,0
63530,19,Thursday,12,0,4,2.0,'s-Hertogenbosch - Eindhoven,unknown,technisch onderzoek,0
63531,19,Thursday,12,0,3,1.0,Eindhoven - Roermond,rolling stock,defecte trein,0
63532,19,Thursday,12,0,5,2.0,Amersfoort - Apeldoorn,rolling stock,defecte trein,1
63533,19,Thursday,12,0,15,3.0,Den Haag Centraal - Den Haag HS,rolling stock,defecte trein,0
63534,19,Thursday,12,0,4,1.0,Amersfoort - Ede-Wageningen,rolling stock,defecte trein,1
63537,7,Friday,12,0,6,1.0,Groningen - Leeuwarden,rolling stock,defecte trein,0
63538,8,Friday,12,0,2,1.0,Eindhoven - Roermond,unknown,technisch onderzoek,0
63539,12,Friday,12,0,3,2.0,Arnhem Centraal - Nijmegen,rolling stock,defecte trein,0
63540,14,Friday,12,0,3,4.0,Amersfoort - Schiphol Airport,rolling stock,defecte trein,0
63541,14,Friday,12,0,2,1.0,Breda - Rotterdam Centraal (HSL),rolling stock,defecte trein,1
63542,15,Friday,12,0,2,3.0,Amersfoort - Schiphol Airport,rolling stock,defecte trein,1
63543,15,Friday,12,0,3,2.0,Breda - Dordrecht,rolling stock,defecte trein,1
63544,15,Friday,12,0,15,3.0,Den Haag Centraal - Den Haag HS,rolling stock,defecte trein,1
63545,15,Friday,12,0,2,1.0,Rotterdam Centraal - Schiphol Airport (HSL),rolling stock,defecte trein,1
63546,17,Friday,12,0,6,1.0,Dordrecht - Roosendaal,rolling stock,defecte trein,1
63547,19,Friday,12,0,8,2.0,Amsterdam Centraal - Utrecht Centraal,external,inzet van de politie,0
63548,21,Friday,12,0,6,1.0,Arnhem Centraal - Winterswijk,rolling stock,defecte trein,0
63549,21,Friday,12,0,6,1.0,'s-Hertogenbosch - Nijmegen,rolling stock,defecte trein,0
63550,21,Friday,12,0,2,1.0,Amersfoort - Zwolle,rolling stock,defecte trein,0
63551,22,Friday,12,0,2,1.0,Amersfoort - Apeldoorn,rolling stock,gestrande trein,0
63552,13,Saturday,12,1,3,1.0,Breda - Roosendaal,rolling stock,defecte trein,0
63554,18,Saturday,12,1,3,3.0,Berlin Ostbahnhof - Hengelo,external,rommel op het spoor,0
63555,18,Saturday,12,1,4,1.0,Arnhem Centraal - Utrecht Centraal,rolling stock,gestrande trein,0
63556,18,Saturday,12,1,8,1.0,Dordrecht - Rotterdam Centraal,external,dier op het spoor,0
63558,19,Saturday,12,1,5,1.0,Amsterdam Centraal - Hoorn,external,inzet van de politie,0
63561,21,Saturday,12,1,3,1.0,Almere Oostvaarders - Utrecht Centraal,rolling stock,defecte trein,0
63563,8,Sunday,12,1,8,1.0,Almere Oostvaarders - Utrecht Centraal,external,inzet van hulpdiensten,0
63564,9,Sunday,12,1,3,1.0,Leiden Centraal - Utrecht Centraal,infrastructure,stroomstoring,1
63565,9,Sunday,12,1,5,1.0,Nijmegen - Venlo,rolling stock,defecte trein,0
63566,10,Sunday,12,1,8,2.0,Bielefeld Hbf - Hengelo,staff,problemen met de personeelsinzet,1
63567,12,Sunday,12,1,5,1.0,Den Haag HS - Rotterdam Centraal,external,inzet van hulpdiensten,0
63568,12,Sunday,12,1,8,1.0,Dordrecht - Rotterdam Centraal,external,inzet van hulpdiensten,0
63569,12,Sunday,12,1,4,1.0,Almelo - Hengelo,rolling stock,defecte trein,1
63570,13,Sunday,12,1,3,1.0,Hengelo - Zutphen,rolling stock,defecte trein,0
63571,14,Sunday,12,1,6,1.0,Haarlem - Uitgeest,infrastructure,seinstoring,1
63573,15,Sunday,12,1,9,1.0,'s-Hertogenbosch - Utrecht Centraal,unknown,technisch onderzoek,1
63574,17,Sunday,12,1,5,1.0,Haarlem - Leiden Centraal,external,inzet van hulpdiensten,0
63575,18,Sunday,12,1,6,1.0,Haarlem - Uitgeest,infrastructure,seinstoring,1
63576,19,Sunday,12,1,2,1.0,Breda - Rotterdam Centraal (HSL),external,boom op het spoor,1
63577,20,Sunday,12,1,2,1.0,Leiden Centraal - Utrecht Centraal,rolling stock,gestrande trein,1
63578,6,Monday,12,0,4,1.0,Almelo - Deventer,rolling stock,gestrande trein,1
63579,6,Monday,12,0,5,1.0,Almelo - Mariënberg,rolling stock,defecte trein,1
63580,8,Monday,12,0,3,2.0,Amersfoort - Schiphol Airport,rolling stock,defecte trein,0
63581,8,Monday,12,0,3,1.0,Nijmegen - Venlo,rolling stock,defecte trein,0
63582,8,Monday,12,0,2,1.0,Breda - Rotterdam Centraal (HSL),infrastructure,seinstoring,1
63583,8,Monday,12,0,8,1.0,Leeuwarden - Zwolle,rolling stock,defecte trein,0
63584,9,Monday,12,0,8,1.0,Arnhem Centraal - Zutphen,rolling stock,defecte trein,0
63585,9,Monday,12,0,3,1.0,Leeuwarden - Zwolle,rolling stock,defecte trein,1
63586,9,Monday,12,0,9,1.0,Groningen - Leeuwarden,logistical,eerdere verstoring,1
63587,9,Monday,12,0,5,1.0,Breda - Tilburg,rolling stock,defecte trein,0
63588,10,Monday,12,0,2,1.0,Breda - Rotterdam Centraal (HSL),rolling stock,gestrande trein,0
63589,10,Monday,12,0,2,1.0,'s-Hertogenbosch - Tilburg,infrastructure,seinstoring,0
63590,11,Monday,12,0,5,1.0,Nijmegen - Venlo,rolling stock,defecte trein,0
63592,13,Monday,12,0,12,1.0,Antwerpen-Centraal - Roosendaal,rolling stock,defecte trein,0
63593,13,Monday,12,0,2,1.0,Antwerpen-Centraal - Roosendaal,rolling stock,defecte trein,1
63594,13,Monday,12,0,2,1.0,Emmen - Zwolle,rolling stock,defecte trein,0
63595,14,Monday,12,0,3,1.0,'s-Hertogenbosch - Utrecht Centraal,unknown,technisch onderzoek,0
63597,16,Monday,12,0,5,1.0,Eindhoven - Roermond,external,boom op het spoor,1
63599,16,Monday,12,0,6,1.0,Almelo - Mariënberg,rolling stock,defecte trein,1
63600,17,Monday,12,0,3,1.0,Eindhoven - Tilburg,rolling stock,gestrande trein,1
63601,17,Monday,12,0,7,1.0,Hamm (Westf.) - Venlo,staff,problemen met de personeelsinzet,1
63602,18,Monday,12,0,4,1.0,Dordrecht - Roosendaal,unknown,technisch onderzoek,0
63604,21,Monday,12,0,3,1.0,Groningen - Zwolle,accidents,aanrijding,1
63605,21,Monday,12,0,6,1.0,Haarlem - Uitgeest,rolling stock,defecte trein,0
63606,22,Monday,12,0,2,2.0,Amersfoort - Amsterdam Centraal,rolling stock,gestrande trein,0
63607,0,Tuesday,12,0,3,2.0,Arnhem Centraal - Utrecht Centraal,rolling stock,gestrande trein,0
63608,10,Tuesday,12,0,2,1.0,Almelo - Deventer,infrastructure,seinstoring,0
63609,14,Tuesday,12,0,2,1.0,Groningen - Zwolle,infrastructure,defect spoor,1
63610,17,Tuesday,12,0,7,1.0,Den Haag Centraal - Utrecht Centraal,rolling stock,defecte trein,0
63611,17,Tuesday,12,0,4,1.0,Roosendaal - Vlissingen,accidents,aanrijding,1
63612,17,Tuesday,12,0,4,1.0,Groningen - Leeuwarden,external,rommel op het spoor,1
63614,19,Tuesday,12,0,2,1.0,Breda - Rotterdam Centraal (HSL),rolling stock,defecte trein,0
63615,19,Tuesday,12,0,3,6.0,Amersfoort - Amsterdam Centraal,external,inzet van hulpdiensten,1
63616,20,Tuesday,12,0,2,1.0,Amersfoort - Utrecht Centraal,external,inzet van hulpdiensten,0
63617,20,Tuesday,12,0,2,1.0,Nijmegen - Venlo,rolling stock,gestrande trein,0
63618,5,Wednesday,12,0,4,3.0,Berlin Ostbahnhof - Hengelo,rolling stock,beperkingen in de materieelinzet,1
63619,6,Wednesday,12,0,8,1.0,Dordrecht - Rotterdam Centraal,rolling stock,defecte trein,0
63620,10,Wednesday,12,0,3,1.0,'s-Hertogenbosch - Eindhoven,rolling stock,gestrande trein,0
63622,11,Wednesday,12,0,11,1.0,Amsterdam Centraal - Utrecht Centraal,infrastructure,defect spoor,1
63623,11,Wednesday,12,0,7,2.0,Amsterdam Centraal - Utrecht Centraal,infrastructure,defect spoor,1
63625,12,Wednesday,12,0,5,3.0,Almere Oostvaarders - Utrecht Centraal,accidents,aanrijding,0
63626,20,Wednesday,12,0,4,3.0,Berlin Ostbahnhof - Hengelo,rolling stock,gestrande trein,0
63627,20,Wednesday,12,0,5,1.0,Amersfoort - Utrecht Centraal,rolling stock,defecte trein,1
63628,22,Wednesday,12,0,3,2.0,Alkmaar - Amsterdam Centraal,external,inzet van hulpdiensten,1
63629,22,Wednesday,12,0,3,2.0,Breda - Dordrecht,infrastructure,wisselstoring,1
63630,22,Wednesday,12,0,2,1.0,Breda - Rotterdam Centraal (HSL),infrastructure,wisselstoring,1
63631,22,Wednesday,12,0,2,1.0,Rotterdam Centraal - Schiphol Airport (HSL),infrastructure,wisselstoring,1
63632,22,Wednesday,12,0,13,1.0,Lelystad Centrum - Schiphol Airport,infrastructure,wisselstoring,1
63633,22,Wednesday,12,0,15,3.0,Den Haag Centraal - Den Haag HS,infrastructure,wisselstoring,1
63634,5,Thursday,12,0,3,2.0,Delfzijl - Groningen,engineering work,uitloop van werkzaamheden,1
63635,7,Thursday,12,0,4,1.0,Roermond - Sittard,rolling stock,defecte trein,0
63636,9,Thursday,12,0,5,4.0,Arnhem Centraal - Basel SBB,infrastructure,seinstoring,1
63638,10,Thursday,12,0,3,1.0,Amersfoort - Zwolle,rolling stock,defecte trein,0
63639,11,Thursday,12,0,11,1.0,Amsterdam Centraal - Utrecht Centraal,infrastructure,defect spoor,1
63640,12,Thursday,12,0,3,2.0,Amersfoort - Amsterdam Centraal,rolling stock,defecte trein,0
63641,12,Thursday,12,0,5,1.0,Almelo - Deventer,rolling stock,gestrande trein,0
63642,13,Thursday,12,0,4,1.0,Amsterdam Centraal - Haarlem,unknown,technisch onderzoek,1
63643,13,Thursday,12,0,5,2.0,Amersfoort - Apeldoorn,rolling stock,defecte trein,1
63644,13,Thursday,12,0,5,1.0,Amersfoort - Ede-Wageningen,rolling stock,defecte trein,1
63645,14,Thursday,12,0,4,1.0,Roosendaal - Vlissingen,unknown,technisch onderzoek,0
63646,14,Thursday,12,0,7,2.0,Den Haag Centraal - Utrecht Centraal,unknown,technisch onderzoek,1
63647,15,Thursday,12,0,3,2.0,Amersfoort - Schiphol Airport,rolling stock,defecte trein,1
63648,15,Thursday,12,0,2,1.0,Rotterdam Centraal - Schiphol Airport (HSL),rolling stock,defecte trein,1
63649,15,Thursday,12,0,3,1.0,Nijmegen - Venlo,external,persoon op het spoor,0
63650,15,Thursday,12,0,5,1.0,Amsterdam Centraal - Haarlem,unknown,technisch onderzoek,1
63651,15,Thursday,12,0,5,2.0,Amsterdam Centraal - Schiphol Airport,rolling stock,defecte trein,1
63652,16,Thursday,12,0,4,1.0,Nijmegen - Venlo,external,persoon op het spoor,0
63653,17,Thursday,12,0,6,1.0,Rotterdam Centraal - Utrecht Centraal,external,inzet van de politie,0
63654,18,Thursday,12,0,2,1.0,Breda - Rotterdam Centraal (HSL),rolling stock,defecte trein,0
63655,21,Thursday,12,0,3,4.0,Amersfoort - Schiphol Airport,rolling stock,gestrande trein,1
63656,7,Friday,12,0,2,1.0,Breda - Rotterdam Centraal (HSL),external,inzet van hulpdiensten,1
63657,7,Friday,12,0,3,1.0,Breda - Dordrecht,external,inzet van hulpdiensten,1
63658,8,Friday,12,0,5,2.0,Amersfoort - Amsterdam Centraal,rolling stock,defecte trein,0
63659,8,Friday,12,0,3,1.0,Almere Oostvaarders - Utrecht Centraal,rolling stock,defecte trein,0
63660,9,Friday,12,0,5,2.0,Amersfoort - Apeldoorn,rolling stock,defecte trein,0
63661,9,Friday,12,0,5,1.0,Amersfoort - Ede-Wageningen,rolling stock,defecte trein,0
63663,10,Friday,12,0,5,2.0,Amersfoort - Apeldoorn,rolling stock,defecte trein,1
63664,10,Friday,12,0,5,1.0,Amersfoort - Ede-Wageningen,rolling stock,defecte trein,1
63665,11,Friday,12,0,5,1.0,Schiphol Airport - Utrecht Centraal,rolling stock,defecte trein,0
63666,12,Friday,12,0,5,2.0,Eindhoven - Roermond,rolling stock,defecte trein,0
63668,14,Friday,12,0,5,1.0,Amersfoort - Utrecht Centraal,unknown,technisch onderzoek,0
63669,16,Friday,12,0,2,4.0,Alkmaar - Amsterdam Centraal,rolling stock,defecte trein,0
63670,16,Friday,12,0,5,1.0,Harlingen Haven - Leeuwarden,rolling stock,defecte trein,0
63672,17,Friday,12,0,6,1.0,Almere Oostvaarders - Utrecht Centraal,accidents,aanrijding,1
63673,18,Friday,12,0,2,1.0,Breda - Rotterdam Centraal (HSL),rolling stock,defecte trein,0
63674,19,Friday,12,0,4,1.0,Roosendaal - Vlissingen,unknown,technisch onderzoek,1
63676,20,Friday,12,0,2,1.0,Amersfoort - Zwolle,rolling stock,gestrande trein,0
63677,20,Friday,12,0,8,1.0,Dordrecht - Rotterdam Centraal,external,persoon op het spoor,0
63678,22,Friday,12,0,4,1.0,Leiden Centraal - Schiphol Airport,infrastructure,defect spoor,1
63680,0,Saturday,12,1,6,1.0,Eindhoven - Venlo,rolling stock,gestrande trein,0
63681,7,Saturday,12,1,5,3.0,Den Haag Centraal - Utrecht Centraal,rolling stock,defecte trein,0
63682,10,Saturday,12,1,3,3.0,Arnhem Centraal - Basel SBB,logistical,problemen op het spoor in het buitenland,0
63683,12,Saturday,12,1,7,3.0,Arnhem Centraal - Basel SBB,logistical,problemen op het spoor in het buitenland,1
63685,17,Saturday,12,1,5,1.0,'s-Hertogenbosch - Nijmegen,infrastructure,defect spoor,1
63686,22,Saturday,12,1,2,1.0,Winterswijk - Zutphen,infrastructure,seinstoring,0
63687,23,Saturday,12,1,5,4.0,Arnhem Centraal - Basel SBB,rolling stock,defecte trein,0
63688,7,Sunday,12,1,8,4.0,Berlin Ostbahnhof - Hengelo,rolling stock,defecte trein,1
63689,8,Sunday,12,1,3,3.0,Arnhem Centraal - Basel SBB,rolling stock,defecte trein,0
63690,9,Sunday,12,1,2,1.0,Breda - Rotterdam Centraal (HSL),rolling stock,gestrande trein,0
63692,10,Sunday,12,1,11,1.0,Roosendaal - Vlissingen,rolling stock,defecte trein,0
63693,12,Sunday,12,1,2,1.0,Rotterdam Centraal - Schiphol Airport (HSL),rolling stock,gestrande trein,1
63694,13,Sunday,12,1,3,1.0,Amsterdam Centraal - Hoorn,rolling stock,gestrande trein,0
63695,15,Sunday,12,1,2,1.0,Amsterdam Centraal - Hoorn,accidents,aanrijding,1
63697,19,Sunday,12,1,3,1.0,Groningen - Leeuwarden,accidents,aanrijding,0
63698,22,Sunday,12,1,4,1.0,Arnhem Centraal - Utrecht Centraal,accidents,aanrijding,1
63699,4,Monday,12,0,5,1.0,'s-Hertogenbosch - Nijmegen,infrastructure,seinstoring,0
63700,5,Monday,12,0,5,1.0,'s-Hertogenbosch - Nijmegen,infrastructure,seinstoring,1
63701,6,Monday,12,0,2,1.0,Groningen - Eemshaven,infrastructure,overwegstoring,0
63702,6,Monday,12,0,3,1.0,Eindhoven - Roermond,rolling stock,defecte trein,0
63703,6,Monday,12,0,6,1.0,Heerlen - Maastricht,rolling stock,defecte trein,0
63704,7,Monday,12,0,3,4.0,Amersfoort - Schiphol Airport,rolling stock,defecte trein,0
63705,7,Monday,12,0,2,2.0,Aachen Hbf - Heerlen,rolling stock,defecte trein,0
63706,7,Monday,12,0,2,1.0,Groningen - Eemshaven,infrastructure,overwegstoring,0
63707,8,Monday,12,0,2,1.0,Breda - Tilburg,rolling stock,defecte trein,1
63708,8,Monday,12,0,5,1.0,Roermond - Venlo,rolling stock,gestrande trein,0
63709,10,Monday,12,0,3,1.0,Enschede - Hengelo,infrastructure,seinstoring,0
63710,11,Monday,12,0,2,1.0,'s-Hertogenbosch - Nijmegen,rolling stock,defecte trein,0
63711,17,Monday,12,0,3,1.0,Amersfoort - Zwolle,rolling stock,defecte trein,0
63713,18,Monday,12,0,6,1.0,Den Haag Centraal - Leiden Centraal,external,persoon langs het spoor,1
63714,18,Monday,12,0,2,2.0,Amersfoort - Amsterdam Centraal,rolling stock,gestrande trein,0
63715,18,Monday,12,0,5,1.0,Haarlem - Leiden Centraal,external,persoon langs het spoor,0
63716,19,Monday,12,0,6,1.0,Den Haag Centraal - Leiden Centraal,accidents,aanrijding,1
63717,19,Monday,12,0,4,1.0,Haarlem - Leiden Centraal,accidents,aanrijding,1
63718,19,Monday,12,0,4,2.0,'s-Hertogenbosch - Eindhoven,rolling stock,defecte trein,0
63719,20,Monday,12,0,5,1.0,Eindhoven - Roermond,rolling stock,defecte trein,0
63720,20,Monday,12,0,5,1.0,Dordrecht - Rotterdam Centraal,external,inzet van hulpdiensten,1
63721,20,Monday,12,0,2,1.0,Breda - Rotterdam Centraal (HSL),external,inzet van hulpdiensten,0
63723,20,Monday,12,0,6,2.0,'s-Hertogenbosch - Tilburg,external,inzet van hulpdiensten,0
63724,6,Tuesday,12,0,4,1.0,Groningen - Eemshaven,infrastructure,seinstoring,1
63725,6,Tuesday,12,0,2,1.0,Den Haag Centraal - Den Haag HS,rolling stock,defecte trein,1
63726,6,Tuesday,12,0,5,1.0,Amersfoort - Zwolle,rolling stock,defecte trein,0
63727,7,Tuesday,12,0,2,1.0,Nijmegen - Venlo,rolling stock,defecte trein,0
63728,7,Tuesday,12,0,5,1.0,Haarlem - Leiden Centraal,external,inzet van de politie,0
63729,7,Tuesday,12,0,2,1.0,'s-Hertogenbosch - Tilburg,rolling stock,gestrande trein,0
63730,8,Tuesday,12,0,3,1.0,Alkmaar - Amsterdam Centraal,rolling stock,defecte trein,0
63731,8,Tuesday,12,0,2,1.0,Breda - Rotterdam Centraal (HSL),rolling stock,gestrande trein,1
63732,8,Tuesday,12,0,3,2.0,Breda - Dordrecht,rolling stock,gestrande trein,0
63733,8,Tuesday,12,0,3,1.0,Roermond - Venlo,rolling stock,defecte trein,0
63734,8,Tuesday,12,0,2,1.0,Rotterdam Centraal - Schiphol Airport (HSL),rolling stock,gestrande trein,1
63735,10,Tuesday,12,0,4,3.0,Berlin Ostbahnhof - Hengelo,rolling stock,beperkingen in de materieelinzet,1
63736,13,Tuesday,12,0,3,3.0,Arnhem Centraal - Basel SBB,rolling stock,defecte trein,0
63738,15,Tuesday,12,0,11,1.0,Amsterdam Centraal - Utrecht Centraal,infrastructure,defect spoor,1
63739,20,Tuesday,12,0,5,1.0,'s-Hertogenbosch - Nijmegen,external,mensen op het spoor,0
63742,22,Tuesday,12,0,2,1.0,Emmen - Zwolle,external,persoon op het spoor,0
63743,6,Wednesday,12,0,2,2.0,'s-Hertogenbosch - Utrecht Centraal,rolling stock,defecte trein,0
63744,8,Wednesday,12,0,2,1.0,Almelo - Deventer,infrastructure,seinstoring,1
63745,10,Wednesday,12,0,8,1.0,Dordrecht - Rotterdam Centraal,rolling stock,defecte trein,1
63746,16,Wednesday,12,0,4,1.0,Arnhem Centraal - Utrecht Centraal,accidents,aanrijding,1
63747,16,Wednesday,12,0,6,1.0,Den Haag Centraal - Leiden Centraal,infrastructure,systeemstoring,1
63748,16,Wednesday,12,0,8,2.0,Den Haag Centraal - Den Haag HS,infrastructure,systeemstoring,0
63749,21,Wednesday,12,0,9,1.0,Groningen - Eemshaven,external,vandalisme,1
63751,4,Thursday,12,0,8,2.0,Bielefeld Hbf - Hengelo,rolling stock,beperkingen in de materieelinzet,1
63752,6,Thursday,12,0,6,1.0,Aachen Hbf - Heerlen,rolling stock,beperkingen in de materieelinzet,1
63753,7,Thursday,12,0,2,1.0,Breda - Rotterdam Centraal (HSL),rolling stock,defecte trein,0
63754,7,Thursday,12,0,2,1.0,Breda - Rotterdam Centraal (HSL),rolling stock,defecte trein,0
63755,8,Thursday,12,0,2,1.0,Breda - Rotterdam Centraal (HSL),infrastructure,systeemstoring,0
63756,9,Thursday,12,0,3,1.0,Baarn - Utrecht Centraal,accidents,aanrijding,1
63757,9,Thursday,12,0,2,1.0,Deventer - Zutphen,rolling stock,defecte trein,0
63758,11,Thursday,12,0,3,1.0,'s-Hertogenbosch - Utrecht Centraal,accidents,beschadigde spoorbrug,0
63760,13,Thursday,12,0,2,2.0,Groningen - Bad Nieuweschans,infrastructure,seinstoring,1
63761,16,Thursday,12,0,3,3.0,Arnhem Centraal - Basel SBB,accidents,aanrijding,1
63763,18,Thursday,12,0,2,1.0,Rotterdam Centraal - Schiphol Airport (HSL),infrastructure,wisselstoring,1
63764,21,Thursday,12,0,3,1.0,Eindhoven - Venlo,rolling stock,defecte trein,0
63765,22,Thursday,12,0,4,1.0,'s-Hertogenbosch - Nijmegen,rolling stock,gestrande trein,0
63766,23,Thursday,12,0,4,2.0,Amsterdam Centraal - Lelystad Centrum,accidents,aanrijding,0
63767,23,Thursday,12,0,4,3.0,Almere Oostvaarders - Utrecht Centraal,accidents,aanrijding,1
63768,6,Friday,12,0,8,2.0,Bielefeld Hbf - Hengelo,rolling stock,beperkingen in de materieelinzet,1
63769,7,Friday,12,0,6,1.0,Baarn - Utrecht Centraal,accidents,aanrijding,1
63770,7,Friday,12,0,5,2.0,Almere Oostvaarders - Utrecht Centraal,accidents,aanrijding,1
63771,7,Friday,12,0,2,1.0,Utrecht Centraal - Utrecht Maliebaan,accidents,aanrijding,1
63772,7,Friday,12,0,4,2.0,Amersfoort - Utrecht Centraal,logistical,verstoring elders,1
63773,7,Friday,12,0,6,1.0,Rotterdam Centraal - Utrecht Centraal,external,persoon op het spoor,1
63774,8,Friday,12,0,8,2.0,Den Haag Centraal - Den Haag HS,external,persoon op het spoor,0
63775,10,Friday,12,0,5,1.0,Maastricht - Sittard,infrastructure,seinstoring,1
63776,10,Friday,12,0,4,1.0,Roermond - Sittard,infrastructure,seinstoring,1
63777,10,Friday,12,0,8,2.0,Amsterdam Centraal - Utrecht Centraal,unknown,technisch onderzoek,1
63778,12,Friday,12,0,2,1.0,Amersfoort - Apeldoorn,rolling stock,gestrande trein,1
63779,15,Friday,12,0,2,1.0,Hamm (Westf.) - Venlo,staff,problemen met de personeelsinzet,1
63780,16,Friday,12,0,5,1.0,Amersfoort - Utrecht Centraal,rolling stock,defecte trein,1
63781,16,Friday,12,0,3,4.0,Amersfoort - Schiphol Airport,rolling stock,defecte trein,0
63782,16,Friday,12,0,2,1.0,Amersfoort - Zwolle,rolling stock,defecte trein,0
63783,18,Friday,12,0,5,1.0,Schiphol Airport - Utrecht Centraal,external,inzet van de politie,0
63784,18,Friday,12,0,2,1.0,Breda - Rotterdam Centraal (HSL),rolling stock,gestrande trein,0
63785,18,Friday,12,0,2,1.0,Breda - Rotterdam Centraal (HSL),rolling stock,gestrande trein,1
63786,18,Friday,12,0,13,1.0,Lelystad Centrum - Schiphol Airport,rolling stock,gestrande trein,0
63788,19,Friday,12,0,3,1.0,Liège-Guillemins - Maastricht,logistical,problemen op het spoor in het buitenland,1
63789,22,Friday,12,0,5,1.0,Amersfoort - Zwolle,external,inzet van de politie,0
63790,22,Friday,12,0,3,1.0,Winterswijk - Zutphen,accidents,aanrijding,1
63791,6,Saturday,12,1,8,1.0,Dordrecht - Geldermalsen,infrastructure,wisselstoring,1
63793,13,Saturday,12,1,10,5.0,Groningen - Bad Nieuweschans,rolling stock,defecte trein,0
63794,15,Saturday,12,1,2,1.0,Arnhem Centraal - Winterswijk,infrastructure,sein- en wisselstoring,1
63795,18,Saturday,12,1,3,4.0,Amersfoort - Schiphol Airport,rolling stock,defecte trein,1
63796,20,Saturday,12,1,3,1.0,Arnhem Centraal - Winterswijk,external,inzet van hulpdiensten,0
63798,22,Saturday,12,1,3,1.0,Alkmaar - Hoorn,infrastructure,stroomstoring,1
63799,23,Saturday,12,1,5,1.0,Almelo - Zwolle,infrastructure,seinstoring,1
63800,9,Sunday,12,1,4,1.0,Deventer - Zwolle,infrastructure,systeemstoring,1
63801,11,Sunday,12,1,3,2.0,Amsterdam Centraal - Schiphol Airport,rolling stock,defecte trein,1
63802,11,Sunday,12,1,2,1.0,Leiden Centraal - Schiphol Airport,rolling stock,defecte trein,0
63803,11,Sunday,12,1,2,4.0,Alkmaar - Amsterdam Centraal,rolling stock,defecte trein,0
63804,12,Sunday,12,1,8,1.0,Amersfoort - Schiphol Airport,rolling stock,defecte trein,1
63805,13,Sunday,12,1,7,1.0,Den Haag HS - Rotterdam Centraal,external,brandmelding,0
63806,17,Sunday,12,1,2,1.0,Breda - Rotterdam Centraal (HSL),external,brandmelding,0
63808,18,Sunday,12,1,6,1.0,Dordrecht - Geldermalsen,infrastructure,wisselstoring,1
63809,20,Sunday,12,1,13,1.0,Den Haag Centraal - Utrecht Centraal,rolling stock,defecte trein,0
63810,20,Sunday,12,1,12,1.0,Rotterdam Centraal - Utrecht Centraal,rolling stock,defecte trein,0
63812,21,Sunday,12,1,6,1.0,Arnhem Centraal - Zutphen,accidents,aanrijding,1
63813,21,Sunday,12,1,5,1.0,Amsterdam Centraal - Haarlem,unknown,technisch onderzoek,0
63814,21,Sunday,12,1,1,5.0,Apeldoorn - Zutphen,external,persoon op het spoor,0
63815,21,Sunday,12,1,5,1.0,Maastricht - Sittard,infrastructure,defect spoor,1
63816,21,Sunday,12,1,3,1.0,Dordrecht - Geldermalsen,infrastructure,defecte spoorbrug,1
63817,23,Sunday,12,1,3,1.0,Tiel - Utrecht Centraal,external,inzet van hulpdiensten,0
63819,7,Monday,12,0,2,1.0,Breda - Rotterdam Centraal (HSL),rolling stock,gestrande trein,1
63820,7,Monday,12,0,4,1.0,Almelo - Hengelo,external,brandmelding,0
63821,8,Monday,12,0,13,1.0,Lelystad Centrum - Schiphol Airport,rolling stock,gestrande trein,1
63822,8,Monday,12,0,2,1.0,Rotterdam Centraal - Schiphol Airport (HSL),rolling stock,gestrande trein,1
63823,9,Monday,12,0,2,1.0,Emmen - Zwolle,accidents,aanrijding,1
63824,9,Monday,12,0,4,1.0,Den Haag HS - Rotterdam Centraal,external,brandmelding,0
63826,12,Monday,12,0,2,1.0,Emmen - Zwolle,rolling stock,beperkingen in de materieelinzet,1
63828,15,Monday,12,0,2,1.0,Alkmaar - Den Helder,external,persoon op het spoor,0
63829,21,Monday,12,0,6,1.0,Eindhoven - Venlo,rolling stock,gestrande trein,0
63830,21,Monday,12,0,2,1.0,Nijmegen - Venlo,rolling stock,gestrande trein,0
63831,11,Tuesday,12,0,6,1.0,Arnhem Centraal - Zutphen,rolling stock,defecte trein,0
63833,15,Tuesday,12,0,7,1.0,Heerlen - Sittard,unknown,technisch onderzoek,1
63834,15,Tuesday,12,0,6,1.0,Groningen - Eemshaven,rolling stock,gestrande trein,0
63835,19,Tuesday,12,0,3,2.0,Amsterdam Centraal - Hoorn,rolling stock,defecte trein,1
63836,8,Wednesday,12,0,4,3.0,Almere Oostvaarders - Utrecht Centraal,rolling stock,gestrande trein,0
63837,9,Wednesday,12,0,6,1.0,Alkmaar - Amsterdam Centraal,rolling stock,defecte trein,0
63838,11,Wednesday,12,0,6,1.0,Eindhoven - Venlo,external,inzet van de politie,0
63839,12,Wednesday,12,0,6,1.0,Rotterdam Centraal - Utrecht Centraal,rolling stock,gestrande trein,0
63840,14,Wednesday,12,0,6,1.0,Dordrecht - Roosendaal,rolling stock,defecte trein,0
63841,15,Wednesday,12,0,3,1.0,Leiden Centraal - Utrecht Centraal,infrastructure,defecte spoorbrug,0
63842,15,Wednesday,12,0,2,1.0,Leiden Centraal - Utrecht Centraal,infrastructure,defecte spoorbrug,1
63843,15,Wednesday,12,0,2,1.0,Breda - Rotterdam Centraal (HSL),rolling stock,defecte trein,0
63844,16,Wednesday,12,0,2,1.0,Rotterdam Centraal - Schiphol Airport (HSL),rolling stock,defecte trein,0
63845,16,Wednesday,12,0,4,1.0,Den Haag Centraal - Utrecht Centraal,rolling stock,gestrande trein,1
63846,17,Wednesday,12,0,4,1.0,Almelo - Hengelo,rolling stock,defecte trein,0
63847,17,Wednesday,12,0,2,1.0,Breda - Rotterdam Centraal (HSL),rolling stock,defecte trein,0
63848,19,Wednesday,12,0,2,1.0,Breda - Rotterdam Centraal (HSL),rolling stock,defecte trein,0
63849,8,Thursday,12,0,11,1.0,Amersfoort - Zwolle,infrastructure,wisselstoring,1
63851,8,Thursday,12,0,3,1.0,Almere Oostvaarders - Utrecht Centraal,rolling stock,defecte trein,1
63852,14,Thursday,12,0,6,1.0,Alphen a/d Rijn - Gouda,rolling stock,defecte trein,0
63853,14,Thursday,12,0,4,1.0,Alkmaar - Amsterdam Centraal,rolling stock,defecte trein,0
63854,17,Thursday,12,0,6,1.0,Den Haag Centraal - Leiden Centraal,rolling stock,defecte trein,1
63855,18,Thursday,12,0,2,7.0,Amersfoort - Schiphol Airport,rolling stock,defecte trein,1
63856,18,Thursday,12,0,2,1.0,Breda - Rotterdam Centraal (HSL),rolling stock,gestrande trein,0
63857,18,Thursday,12,0,2,2.0,Amsterdam Centraal - Utrecht Centraal,unknown,technisch onderzoek,1
63858,19,Thursday,12,0,2,2.0,Amersfoort - Amsterdam Centraal,rolling stock,defecte trein,0
63859,20,Thursday,12,0,3,2.0,Delfzijl - Groningen,external,persoon op het spoor,0
63860,20,Thursday,12,0,2,1.0,Breda - Rotterdam Centraal (HSL),rolling stock,defecte trein,1
63861,21,Thursday,12,0,2,1.0,Groningen - Zwolle,rolling stock,gestrande trein,0
63862,6,Friday,12,0,2,1.0,Leiden Centraal - Utrecht Centraal,infrastructure,wisselstoring,0
63863,8,Friday,12,0,11,1.0,Amersfoort - Zwolle,infrastructure,wisselstoring,0
63864,9,Friday,12,0,3,4.0,Amersfoort - Schiphol Airport,rolling stock,defecte trein,0
63865,9,Friday,12,0,2,1.0,Rotterdam Centraal - Schiphol Airport (HSL),rolling stock,defecte trein,0
63866,10,Friday,12,0,5,1.0,Amsterdam Centraal - Haarlem,infrastructure,defect spoor,1
63867,12,Friday,12,0,7,1.0,Heerlen - Sittard,rolling stock,beperkingen in de materieelinzet,1
63868,13,Friday,12,0,2,1.0,Breda - Rotterdam Centraal (HSL),infrastructure,wisselstoring,1
63869,13,Friday,12,0,4,1.0,Groningen - Zwolle,rolling stock,defecte trein,0
63870,14,Friday,12,0,5,1.0,Amersfoort - Utrecht Centraal,infrastructure,defect spoor,1
63871,17,Friday,12,0,5,1.0,Leiden Centraal - Schiphol Airport,rolling stock,gestrande trein,0
63872,18,Friday,12,0,5,1.0,'s-Hertogenbosch - Nijmegen,accidents,aanrijding,0
63873,21,Friday,12,0,7,1.0,Amersfoort - Zwolle,external,inzet van hulpdiensten,0
63874,6,Saturday,12,1,6,1.0,Aachen Hbf - Heerlen,staff,problemen met de personeelsinzet,1
63875,8,Saturday,12,1,5,1.0,Eindhoven - Roermond,rolling stock,defecte trein,0
63876,8,Saturday,12,1,4,3.0,Berlin Ostbahnhof - Hengelo,rolling stock,beperkingen in de materieelinzet,1
63878,9,Saturday,12,1,5,1.0,Winterswijk - Zutphen,infrastructure,systeemstoring,1
63879,10,Saturday,12,1,5,1.0,Almelo - Deventer,rolling stock,gestrande trein,0
63880,11,Saturday,12,1,2,1.0,Leiden Centraal - Utrecht Centraal,infrastructure,defecte spoorbrug,1
63881,11,Saturday,12,1,11,1.0,Alkmaar - Amsterdam Centraal,rolling stock,defecte trein,0
63882,12,Saturday,12,1,4,1.0,Dordrecht - Rotterdam Centraal,rolling stock,defecte trein,0
63884,13,Saturday,12,1,5,1.0,Amsterdam Centraal - Haarlem,infrastructure,defecte bovenleiding,1
63885,14,Saturday,12,1,2,1.0,Breda - Rotterdam Centraal (HSL),rolling stock,gestrande trein,0
63886,14,Saturday,12,1,2,1.0,Rotterdam Centraal - Schiphol Airport (HSL),rolling stock,gestrande trein,0
63887,14,Saturday,12,1,13,1.0,Lelystad Centrum - Schiphol Airport,rolling stock,gestrande trein,0
63888,15,Saturday,12,1,3,4.0,Amersfoort - Schiphol Airport,rolling stock,defecte trein,1
63889,15,Saturday,12,1,4,1.0,Arnhem Centraal - Utrecht Centraal,rolling stock,defecte trein,1
63891,15,Saturday,12,1,5,1.0,Almere Oostvaarders - Utrecht Centraal,infrastructure,defecte bovenleiding,1
63894,17,Saturday,12,1,5,4.0,Arnhem Centraal - Basel SBB,infrastructure,seinstoring,1
63895,17,Saturday,12,1,3,3.0,Arnhem Centraal - Basel SBB,infrastructure,seinstoring,0
63896,21,Saturday,12,1,3,8.0,Alkmaar - Amsterdam Centraal,external,persoon op het spoor,0
63897,22,Saturday,12,1,3,4.0,Amersfoort - Schiphol Airport,rolling stock,defecte trein,1
63898,7,Sunday,12,1,4,3.0,Berlin Ostbahnhof - Hengelo,rolling stock,beperkingen in de materieelinzet,1
63899,8,Sunday,12,1,3,3.0,Berlin Ostbahnhof - Hengelo,rolling stock,defecte trein,0
63900,12,Sunday,12,1,6,1.0,Rotterdam Centraal - Utrecht Centraal,rolling stock,defecte trein,0
63901,16,Sunday,12,1,3,4.0,Amersfoort - Schiphol Airport,rolling stock,defecte trein,0
63902,19,Sunday,12,1,3,3.0,Antwerpen-Centraal - Brussels Airport-Zaventem,logistical,problemen op het spoor in het buitenland,1
63903,22,Sunday,12,1,3,1.0,Nijmegen - Venlo,accidents,aanrijding,0
63904,22,Sunday,12,1,3,1.0,Nijmegen - Venlo,rolling stock,gestrande trein,0
63905,7,Monday,12,0,2,1.0,Breda - Rotterdam Centraal (HSL),rolling stock,defecte trein,1
63906,7,Monday,12,0,7,2.0,Den Haag Centraal - Utrecht Centraal,rolling stock,defecte trein,0
63907,7,Monday,12,0,15,3.0,Den Haag Centraal - Den Haag HS,rolling stock,defecte trein,0
63908,10,Monday,12,0,5,1.0,Breda - Tilburg,rolling stock,defecte trein,0
63909,11,Monday,12,0,7,1.0,Heerlen - Sittard,rolling stock,defecte trein,1
63910,12,Monday,12,0,7,1.0,Alphen a/d Rijn - Gouda,rolling stock,defecte trein,0
63911,12,Monday,12,0,2,1.0,Antwerpen-Centraal - Roosendaal,rolling stock,defecte trein,1
63912,13,Monday,12,0,5,1.0,Maastricht - Sittard,rolling stock,defecte trein,0
63914,14,Monday,12,0,4,2.0,Arnhem Centraal - Utrecht Centraal,infrastructure,defecte bovenleiding,0
63915,16,Monday,12,0,3,6.0,Amersfoort - Amsterdam Centraal,external,inzet van hulpdiensten,1
63916,17,Monday,12,0,3,14.0,'s-Hertogenbosch - Utrecht Centraal,external,persoon op het spoor,0
63917,19,Monday,12,0,2,1.0,Breda - Rotterdam Centraal (HSL),rolling stock,gestrande trein,0
63919,20,Monday,12,0,14,1.0,Arnhem Centraal - Winterswijk,infrastructure,seinstoring,1
63920,4,Tuesday,12,0,5,1.0,Amersfoort - Ede-Wageningen,rolling stock,beperkingen in de materieelinzet,1
63921,6,Tuesday,12,0,10,1.0,Heerlen - Maastricht,infrastructure,overwegstoring,0
63922,7,Tuesday,12,0,6,1.0,Aachen Hbf - Heerlen,weather,rijp aan de bovenleiding,1
63923,7,Tuesday,12,0,3,3.0,Berlin Ostbahnhof - Hengelo,rolling stock,gestrande trein,0
63924,8,Tuesday,12,0,13,1.0,Lelystad Centrum - Schiphol Airport,rolling stock,defecte trein,0
63925,8,Tuesday,12,0,6,1.0,Heerlen - Maastricht,weather,rijp aan de bovenleiding,0
63926,8,Tuesday,12,0,2,1.0,Rotterdam Centraal - Schiphol Airport (HSL),rolling stock,defecte trein,0
63927,8,Tuesday,12,0,5,1.0,Leiden Centraal - Schiphol Airport,rolling stock,defecte trein,0
63929,9,Tuesday,12,0,13,1.0,Lelystad Centrum - Schiphol Airport,rolling stock,defecte trein,1
63930,9,Tuesday,12,0,2,1.0,Rotterdam Centraal - Schiphol Airport (HSL),rolling stock,defecte trein,1
63931,9,Tuesday,12,0,5,1.0,Leiden Centraal - Schiphol Airport,rolling stock,defecte trein,1
63932,9,Tuesday,12,0,5,1.0,Schiphol Airport - Utrecht Centraal,rolling stock,defecte trein,1
63933,9,Tuesday,12,0,2,1.0,Breda - Rotterdam Centraal (HSL),rolling stock,gestrande trein,1
63934,9,Tuesday,12,0,6,1.0,Rotterdam Centraal - Utrecht Centraal,rolling stock,gestrande trein,1
63936,14,Tuesday,12,0,3,5.0,Almere Oostvaarders - Utrecht Centraal,rolling stock,defecte trein,0
63937,17,Tuesday,12,0,3,1.0,Aachen Hbf - Heerlen,logistical,problemen op het spoor in het buitenland,1
63938,22,Tuesday,12,0,2,1.0,Roermond - Sittard,accidents,aanrijding,1
63939,3,Wednesday,12,0,15,2.0,Aachen Hbf - Heerlen,weather,ijzelvorming aan de bovenleiding,1
63940,3,Wednesday,12,0,6,2.0,Liège-Guillemins - Maastricht,weather,ijzelvorming aan de bovenleiding,1
63941,5,Wednesday,12,0,2,1.0,'s-Hertogenbosch - Tilburg,infrastructure,seinstoring,1
63942,5,Wednesday,12,0,6,3.0,Heerlen - Maastricht,infrastructure,seinstoring,1
63943,6,Wednesday,12,0,8,1.0,Dordrecht - Geldermalsen,rolling stock,defecte trein,0
63944,6,Wednesday,12,0,8,1.0,Amsterdam Centraal - Lelystad Centrum,unknown,technisch onderzoek,1
63945,6,Wednesday,12,0,5,2.0,Amersfoort - Amsterdam Centraal,unknown,technisch onderzoek,1
63946,7,Wednesday,12,0,5,1.0,Amersfoort - Ede-Wageningen,weather,rijp aan de bovenleiding,1
63947,8,Wednesday,12,0,2,1.0,Almelo - Hengelo,rolling stock,gestrande trein,0
63949,8,Wednesday,12,0,2,1.0,Breda - Rotterdam Centraal (HSL),rolling stock,gestrande trein,0
63950,8,Wednesday,12,0,3,2.0,Breda - Dordrecht,rolling stock,gestrande trein,0
63951,9,Wednesday,12,0,3,2.0,Antwerpen-Centraal - Breda (HSL),rolling stock,gestrande trein,0
63952,10,Wednesday,12,0,2,2.0,Groningen - Zwolle,rolling stock,gestrande trein,0
63953,11,Wednesday,12,0,2,1.0,Breda - Rotterdam Centraal (HSL),rolling stock,defecte trein,0
63955,15,Wednesday,12,0,5,1.0,Almelo - Mariënberg,external,vandalisme,0
63956,16,Wednesday,12,0,2,7.0,Amersfoort - Schiphol Airport,external,brandmelding,0
63957,16,Wednesday,12,0,5,1.0,Almelo - Mariënberg,external,vandalisme,1
63958,18,Wednesday,12,0,2,1.0,Amersfoort - Zwolle,rolling stock,defecte trein,0
63959,19,Wednesday,12,0,3,3.0,Alkmaar - Amsterdam Centraal,accidents,aanrijding,0
